This file contains any messages produced by compilers while
running configure, to aid debugging if configure makes a mistake.

It was created by configure, which was
generated by GNU Autoconf 2.72.  Invocation command line was

  $ ./configure --prefix=/cygdrive/c/Users/Kyjor/Documents/Projects/Julia/StaticCompilerGame.jl/SDLCalls/lib

## --------- ##
## Platform. ##
## --------- ##

hostname = DESKTOP-VOO2471
uname -m = x86_64
uname -r = 3.6.4-1.x86_64
uname -s = CYGWIN_NT-10.0-19045
uname -v = 2025-07-15 07:55 UTC

/usr/bin/uname -p = unknown
/bin/uname -X     = unknown

/bin/arch              = x86_64
/usr/bin/arch -k       = unknown
/usr/convex/getsysinfo = unknown
/usr/bin/hostinfo      = unknown
/bin/machine           = unknown
/usr/bin/oslevel       = unknown
/bin/universe          = unknown

PATH: /cygdrive/d/Oculus/Support/oculus-runtime/
PATH: /cygdrive/c/Python312/Scripts/
PATH: /cygdrive/c/Python312/
PATH: /cygdrive/c/WINDOWS/system32/
PATH: /cygdrive/c/WINDOWS/
PATH: /cygdrive/c/WINDOWS/System32/Wbem/
PATH: /cygdrive/c/WINDOWS/System32/WindowsPowerShell/v1.0/
PATH: /cygdrive/c/WINDOWS/System32/OpenSSH/
PATH: /cygdrive/c/Program Files/Git/cmd/
PATH: /cygdrive/c/Program Files/nodejs/
PATH: /cygdrive/c/ProgramData/chocolatey/bin/
PATH: /cygdrive/c/Program Files/dotnet/
PATH: /usr/bin/
PATH: /cygdrive/c/Users/Kyjor/Documents/Projects/Julia/StaticCompilerGame.jl/emsdk/
PATH: /cygdrive/c/Users/Kyjor/Documents/Projects/Julia/StaticCompilerGame.jl/emsdk/upstream/emscripten/
PATH: /cygdrive/c/Users/Kyjor/AppData/Local/Microsoft/WindowsApps/
PATH: /cygdrive/c/Users/Kyjor/AppData/Local/Programs/Microsoft VS Code/bin/
PATH: /cygdrive/c/Users/Kyjor/AppData/Local/gitkraken/bin/
PATH: /cygdrive/c/Users/Kyjor/AppData/Roaming/npm/
PATH: /cygdrive/c/Users/Kyjor/AppData/Local/JetBrains/Toolbox/scripts/
PATH: /cygdrive/c/Users/Kyjor/AppData/Local/Programs/cursor/resources/app/bin/
PATH: /usr/bin/


## ----------- ##
## Core tests. ##
## ----------- ##

configure:3378: looking for aux files: install-sh config.guess config.sub ltmain.sh
configure:3391:  trying ./build-scripts/
configure:3402:   ./build-scripts/install-sh found
configure:3420:   ./build-scripts/config.guess found
configure:3420:   ./build-scripts/config.sub found
configure:3420:   ./build-scripts/ltmain.sh found
configure:3598: checking build system type
configure:3614: result: x86_64-pc-cygwin
configure:3634: checking host system type
configure:3649: result: x86_64-pc-cygwin
configure:3690: checking how to print strings
configure:3717: result: printf
configure:3801: checking for gcc
configure:3822: found /usr/bin/gcc
configure:3834: result: gcc
configure:4193: checking for C compiler version
configure:4202: gcc --version >&5
gcc (GCC) 12.5.0
Copyright (C) 2022 Free Software Foundation, Inc.
This is free software; see the source for copying conditions.  There is NO
warranty; not even for MERCHANTABILITY or FITNESS FOR A PARTICULAR PURPOSE.

configure:4213: $? = 0
configure:4202: gcc -v >&5
Using built-in specs.
COLLECT_GCC=gcc
COLLECT_LTO_WRAPPER=/usr/lib/gcc/x86_64-pc-cygwin/12/lto-wrapper.exe
Target: x86_64-pc-cygwin
Configured with: /mnt/share/packages/gccmake/gcc-12/gcc/gcc.x86_64/src/gcc-12.5.0/configure --srcdir=/mnt/share/packages/gccmake/gcc-12/gcc/gcc.x86_64/src/gcc-12.5.0 --prefix=/usr --exec-prefix=/usr --localstatedir=/var --sysconfdir=/etc --docdir=/usr/share/doc/gcc --htmldir=/usr/share/doc/gcc/html -C --build=x86_64-pc-cygwin --host=x86_64-pc-cygwin --target=x86_64-pc-cygwin --without-libiconv-prefix --without-libintl-prefix --libexecdir=/usr/lib --with-gcc-major-version-only --enable-shared --enable-shared-libgcc --enable-static --enable-version-specific-runtime-libs --enable-bootstrap --enable-__cxa_atexit --enable-clocale=newlib --with-dwarf2 --with-tune=generic --enable-languages=ada,c,c++,fortran,lto,objc,obj-c++,jit --enable-graphite --enable-threads=posix --enable-libatomic --enable-libgomp --enable-libquadmath --enable-libquadmath-support --disable-libssp --enable-libada --disable-symvers --disable-multilib --with-gnu-ld --with-gnu-as --with-cloog-include=/usr/include/cloog-isl --without-libiconv-prefix --without-libintl-prefix --with-system-zlib --enable-linker-build-id --with-default-libstdcxx-abi=gcc4-compatible --enable-libstdcxx-filesystem-ts
Thread model: posix
Supported LTO compression algorithms: zlib zstd
gcc version 12.5.0 (GCC) 
configure:4213: $? = 0
configure:4202: gcc -V >&5
gcc: error: unrecognized command-line option '-V'
gcc: fatal error: no input files
compilation terminated.
configure:4213: $? = 1
configure:4202: gcc -qversion >&5
gcc: error: unrecognized command-line option '-qversion'; did you mean '--version'?
gcc: fatal error: no input files
compilation terminated.
configure:4213: $? = 1
configure:4202: gcc -version >&5
gcc: error: unrecognized command-line option '-version'
gcc: fatal error: no input files
compilation terminated.
configure:4213: $? = 1
configure:4233: checking whether the C compiler works
configure:4255: gcc    conftest.c  >&5
configure:4259: $? = 0
configure:4310: result: yes
configure:4314: checking for C compiler default output file name
configure:4316: result: a.exe
configure:4322: checking for suffix of executables
configure:4329: gcc -o conftest.exe    conftest.c  >&5
configure:4333: $? = 0
configure:4357: result: .exe
configure:4381: checking whether we are cross compiling
configure:4389: gcc -o conftest.exe    conftest.c  >&5
configure:4393: $? = 0
configure:4400: ./conftest.exe
configure:4404: $? = 0
configure:4419: result: no
configure:4425: checking for suffix of object files
configure:4448: gcc -c   conftest.c >&5
configure:4452: $? = 0
configure:4476: result: o
configure:4480: checking whether the compiler supports GNU C
configure:4500: gcc -c   conftest.c >&5
configure:4500: $? = 0
configure:4512: result: yes
configure:4523: checking whether gcc accepts -g
configure:4544: gcc -c -g  conftest.c >&5
configure:4544: $? = 0
configure:4591: result: yes
configure:4611: checking for gcc option to enable C11 features
configure:4626: gcc  -c -g -O2  conftest.c >&5
configure:4626: $? = 0
configure:4645: result: none needed
configure:4763: checking for a sed that does not truncate output
configure:4835: result: /usr/bin/sed
configure:4853: checking for grep that handles long lines and -e
configure:4919: result: /usr/bin/grep
configure:4924: checking for egrep
configure:4994: result: /usr/bin/grep -E
configure:5001: checking for fgrep
configure:5071: result: /usr/bin/grep -F
configure:5108: checking for ld used by gcc
configure:5177: result: /usr/x86_64-pc-cygwin/bin/ld.exe
configure:5184: checking if the linker (/usr/x86_64-pc-cygwin/bin/ld.exe) is GNU ld
configure:5201: result: yes
configure:5213: checking for BSD- or MS-compatible name lister (nm)
configure:5269: result: /usr/bin/nm -B
configure:5411: checking the name lister (/usr/bin/nm -B) interface
configure:5419: gcc -c -g -O2  conftest.c >&5
configure:5422: /usr/bin/nm -B "conftest.o"
configure:5425: output
0000000000000000 b .bss
0000000000000000 d .data
0000000000000000 N .debug_abbrev
0000000000000000 N .debug_aranges
0000000000000000 N .debug_info
0000000000000000 N .debug_line
0000000000000000 N .debug_line_str
0000000000000000 r .rdata$zzz
0000000000000000 t .text
0000000000000000 B some_variable
configure:5433: result: BSD nm
configure:5436: checking whether ln -s works
configure:5440: result: yes
configure:5448: checking the maximum length of command line arguments
configure:5581: result: 8192
configure:5629: checking how to convert x86_64-pc-cygwin file names to x86_64-pc-cygwin format
configure:5671: result: func_convert_file_noop
configure:5678: checking how to convert x86_64-pc-cygwin file names to toolchain format
configure:5700: result: func_convert_file_noop
configure:5707: checking for /usr/x86_64-pc-cygwin/bin/ld.exe option to reload object files
configure:5716: result: -r
configure:5796: checking for objdump
configure:5817: found /usr/bin/objdump
configure:5829: result: objdump
configure:5858: checking how to recognize dependent libraries
configure:6062: result: pass_all
configure:6153: checking for dlltool
configure:6174: found /usr/bin/dlltool
configure:6186: result: dlltool
configure:6216: checking how to associate runtime and link libraries
configure:6245: result: func_cygming_dll_for_implib
configure:6312: checking for ar
configure:6333: found /usr/bin/ar
configure:6345: result: ar
configure:6382: checking for archiver @FILE support
configure:6400: gcc -c -g -O2  conftest.c >&5
configure:6400: $? = 0
configure:6404: ar cru libconftest.a @conftest.lst >&5
configure:6407: $? = 0
configure:6412: ar cru libconftest.a @conftest.lst >&5
ar: conftest.o: No such file or directory
configure:6415: $? = 1
configure:6428: result: @
configure:6492: checking for strip
configure:6513: found /usr/bin/strip
configure:6525: result: strip
configure:6603: checking for ranlib
configure:6624: found /usr/bin/ranlib
configure:6636: result: ranlib
configure:6706: checking for gawk
configure:6727: found /usr/bin/gawk
configure:6739: result: gawk
configure:6779: checking command to parse /usr/bin/nm -B output from gcc object
configure:6933: gcc -c -g -O2  conftest.c >&5
configure:6936: $? = 0
configure:6940: /usr/bin/nm -B conftest.o \| sed -n -e 's/^.*[ ]\([ABCDGIRSTW][ABCDGIRSTW]*\)[ ][ ]*\([_A-Za-z][_A-Za-z0-9]*\)$/\1 \2 \2/p' | sed '/ __gnu_lto/d' \> conftest.nm
configure:6943: $? = 0
cannot find nm_test_var in conftest.nm
configure:6933: gcc -c -g -O2  conftest.c >&5
configure:6936: $? = 0
configure:6940: /usr/bin/nm -B conftest.o \| sed -n -e 's/^.*[ ]\([ABCDGIRSTW][ABCDGIRSTW]*\)[ ][ ]*_\([_A-Za-z][_A-Za-z0-9]*\)$/\1 _\2 \2/p' | sed '/ __gnu_lto/d' \> conftest.nm
configure:6943: $? = 0
cannot run sed -n -e 's/^.*[	 ]\([ABCDGIRSTW][ABCDGIRSTW]*\)[	 ][	 ]*_\([_A-Za-z][_A-Za-z0-9]*\)$/\1 _\2 \2/p' | sed '/ __gnu_lto/d'
configure:7048: result: failed
configure:7098: checking for sysroot
configure:7130: result: no
configure:7137: checking for a working dd
configure:7182: result: /usr/bin/dd
configure:7186: checking how to truncate binary pipes
configure:7203: result: /usr/bin/dd bs=4096 count=1
configure:7543: checking for mt
configure:7579: result: no
configure:7599: checking if : is a manifest tool
configure:7606: : '-?'
configure:7615: result: no
configure:8354: checking for stdio.h
configure:8354: gcc -c -g -O2  conftest.c >&5
configure:8354: $? = 0
configure:8354: result: yes
configure:8354: checking for stdlib.h
configure:8354: gcc -c -g -O2  conftest.c >&5
configure:8354: $? = 0
configure:8354: result: yes
configure:8354: checking for string.h
configure:8354: gcc -c -g -O2  conftest.c >&5
configure:8354: $? = 0
configure:8354: result: yes
configure:8354: checking for inttypes.h
configure:8354: gcc -c -g -O2  conftest.c >&5
configure:8354: $? = 0
configure:8354: result: yes
configure:8354: checking for stdint.h
configure:8354: gcc -c -g -O2  conftest.c >&5
configure:8354: $? = 0
configure:8354: result: yes
configure:8354: checking for strings.h
configure:8354: gcc -c -g -O2  conftest.c >&5
configure:8354: $? = 0
configure:8354: result: yes
configure:8354: checking for sys/stat.h
configure:8354: gcc -c -g -O2  conftest.c >&5
configure:8354: $? = 0
configure:8354: result: yes
configure:8354: checking for sys/types.h
configure:8354: gcc -c -g -O2  conftest.c >&5
configure:8354: $? = 0
configure:8354: result: yes
configure:8354: checking for unistd.h
configure:8354: gcc -c -g -O2  conftest.c >&5
configure:8354: $? = 0
configure:8354: result: yes
configure:8379: checking for dlfcn.h
configure:8379: gcc -c -g -O2  conftest.c >&5
configure:8379: $? = 0
configure:8379: result: yes
configure:8445: checking for as
configure:8466: found /usr/bin/as
configure:8478: result: as
configure:8549: checking for dlltool
configure:8582: result: dlltool
configure:8653: checking for objdump
configure:8686: result: objdump
configure:8978: checking for objdir
configure:8995: result: .libs
configure:9261: checking if gcc supports -fno-rtti -fno-exceptions
configure:9280: gcc -c -g -O2  -fno-rtti -fno-exceptions conftest.c >&5
cc1: warning: command-line option '-fno-rtti' is valid for C++/D/ObjC++ but not for C
configure:9284: $? = 0
configure:9298: result: no
configure:9656: checking for gcc option to produce PIC
configure:9665: result: -DDLL_EXPORT -DPIC
configure:9673: checking if gcc PIC flag -DDLL_EXPORT -DPIC works
configure:9692: gcc -c -g -O2  -DDLL_EXPORT -DPIC -DPIC conftest.c >&5
configure:9696: $? = 0
configure:9710: result: yes
configure:9739: checking if gcc static flag -static works
configure:9769: result: yes
configure:9784: checking if gcc supports -c -o file.o
configure:9806: gcc -c -g -O2  -o out/conftest2.o conftest.c >&5
configure:9810: $? = 0
configure:9833: result: yes
configure:9841: checking if gcc supports -c -o file.o
configure:9890: result: yes
configure:9923: checking whether the gcc linker (/usr/x86_64-pc-cygwin/bin/ld.exe) supports shared libraries
configure:11196: result: yes
configure:11233: checking whether -lc should be explicitly linked in
configure:11242: gcc -c -g -O2  conftest.c >&5
configure:11245: $? = 0
configure:11260: gcc -shared conftest.o  -v -o ./conftest -Wl,--enable-auto-image-base -Xlinker --out-implib -Xlinker conftest 2\>\&1 \| /usr/bin/grep  -lc  \>/dev/null 2\>\&1
configure:11263: $? = 1
configure:11278: result: yes
configure:11438: checking dynamic linker characteristics
configure:12267: result: Win32 ld.exe
configure:12389: checking how to hardcode library paths into programs
configure:12414: result: immediate
configure:13014: checking whether stripping libraries is possible
configure:13023: result: yes
configure:13065: checking if libtool supports shared libraries
configure:13067: result: yes
configure:13070: checking whether to build shared libraries
configure:13095: result: yes
configure:13098: checking whether to build static libraries
configure:13102: result: yes
configure:13188: checking for windres
configure:13209: found /usr/bin/windres
configure:13221: result: windres
configure:13345: checking for gawk
configure:13378: result: gawk
configure:13443: checking for gcc
configure:13476: result: gcc
configure:13835: checking for C compiler version
configure:13844: gcc --version >&5
gcc (GCC) 12.5.0
Copyright (C) 2022 Free Software Foundation, Inc.
This is free software; see the source for copying conditions.  There is NO
warranty; not even for MERCHANTABILITY or FITNESS FOR A PARTICULAR PURPOSE.

configure:13855: $? = 0
configure:13844: gcc -v >&5
Using built-in specs.
COLLECT_GCC=gcc
COLLECT_LTO_WRAPPER=/usr/lib/gcc/x86_64-pc-cygwin/12/lto-wrapper.exe
Target: x86_64-pc-cygwin
Configured with: /mnt/share/packages/gccmake/gcc-12/gcc/gcc.x86_64/src/gcc-12.5.0/configure --srcdir=/mnt/share/packages/gccmake/gcc-12/gcc/gcc.x86_64/src/gcc-12.5.0 --prefix=/usr --exec-prefix=/usr --localstatedir=/var --sysconfdir=/etc --docdir=/usr/share/doc/gcc --htmldir=/usr/share/doc/gcc/html -C --build=x86_64-pc-cygwin --host=x86_64-pc-cygwin --target=x86_64-pc-cygwin --without-libiconv-prefix --without-libintl-prefix --libexecdir=/usr/lib --with-gcc-major-version-only --enable-shared --enable-shared-libgcc --enable-static --enable-version-specific-runtime-libs --enable-bootstrap --enable-__cxa_atexit --enable-clocale=newlib --with-dwarf2 --with-tune=generic --enable-languages=ada,c,c++,fortran,lto,objc,obj-c++,jit --enable-graphite --enable-threads=posix --enable-libatomic --enable-libgomp --enable-libquadmath --enable-libquadmath-support --disable-libssp --enable-libada --disable-symvers --disable-multilib --with-gnu-ld --with-gnu-as --with-cloog-include=/usr/include/cloog-isl --without-libiconv-prefix --without-libintl-prefix --with-system-zlib --enable-linker-build-id --with-default-libstdcxx-abi=gcc4-compatible --enable-libstdcxx-filesystem-ts
Thread model: posix
Supported LTO compression algorithms: zlib zstd
gcc version 12.5.0 (GCC) 
configure:13855: $? = 0
configure:13844: gcc -V >&5
gcc: error: unrecognized command-line option '-V'
gcc: fatal error: no input files
compilation terminated.
configure:13855: $? = 1
configure:13844: gcc -qversion >&5
gcc: error: unrecognized command-line option '-qversion'; did you mean '--version'?
gcc: fatal error: no input files
compilation terminated.
configure:13855: $? = 1
configure:13844: gcc -version >&5
gcc: error: unrecognized command-line option '-version'
gcc: fatal error: no input files
compilation terminated.
configure:13855: $? = 1
configure:13859: checking whether the compiler supports GNU C
configure:13891: result: yes
configure:13902: checking whether gcc accepts -g
configure:13970: result: yes
configure:13990: checking for gcc option to enable C11 features
configure:14024: result: none needed
configure:14212: checking for g++
configure:14233: found /usr/bin/g++
configure:14245: result: g++
configure:14272: checking for C++ compiler version
configure:14281: g++ --version >&5
g++ (GCC) 12.5.0
Copyright (C) 2022 Free Software Foundation, Inc.
This is free software; see the source for copying conditions.  There is NO
warranty; not even for MERCHANTABILITY or FITNESS FOR A PARTICULAR PURPOSE.

configure:14292: $? = 0
configure:14281: g++ -v >&5
Using built-in specs.
COLLECT_GCC=g++
COLLECT_LTO_WRAPPER=/usr/lib/gcc/x86_64-pc-cygwin/12/lto-wrapper.exe
Target: x86_64-pc-cygwin
Configured with: /mnt/share/packages/gccmake/gcc-12/gcc/gcc.x86_64/src/gcc-12.5.0/configure --srcdir=/mnt/share/packages/gccmake/gcc-12/gcc/gcc.x86_64/src/gcc-12.5.0 --prefix=/usr --exec-prefix=/usr --localstatedir=/var --sysconfdir=/etc --docdir=/usr/share/doc/gcc --htmldir=/usr/share/doc/gcc/html -C --build=x86_64-pc-cygwin --host=x86_64-pc-cygwin --target=x86_64-pc-cygwin --without-libiconv-prefix --without-libintl-prefix --libexecdir=/usr/lib --with-gcc-major-version-only --enable-shared --enable-shared-libgcc --enable-static --enable-version-specific-runtime-libs --enable-bootstrap --enable-__cxa_atexit --enable-clocale=newlib --with-dwarf2 --with-tune=generic --enable-languages=ada,c,c++,fortran,lto,objc,obj-c++,jit --enable-graphite --enable-threads=posix --enable-libatomic --enable-libgomp --enable-libquadmath --enable-libquadmath-support --disable-libssp --enable-libada --disable-symvers --disable-multilib --with-gnu-ld --with-gnu-as --with-cloog-include=/usr/include/cloog-isl --without-libiconv-prefix --without-libintl-prefix --with-system-zlib --enable-linker-build-id --with-default-libstdcxx-abi=gcc4-compatible --enable-libstdcxx-filesystem-ts
Thread model: posix
Supported LTO compression algorithms: zlib zstd
gcc version 12.5.0 (GCC) 
configure:14292: $? = 0
configure:14281: g++ -V >&5
g++: error: unrecognized command-line option '-V'
g++: fatal error: no input files
compilation terminated.
configure:14292: $? = 1
configure:14281: g++ -qversion >&5
g++: error: unrecognized command-line option '-qversion'; did you mean '--version'?
g++: fatal error: no input files
compilation terminated.
configure:14292: $? = 1
configure:14296: checking whether the compiler supports GNU C++
configure:14316: g++ -c   conftest.cpp >&5
configure:14316: $? = 0
configure:14328: result: yes
configure:14339: checking whether g++ accepts -g
configure:14360: g++ -c -g  conftest.cpp >&5
configure:14360: $? = 0
configure:14407: result: yes
configure:14427: checking for g++ option to enable C++11 features
configure:14442: g++  -c -g -O2  conftest.cpp >&5
conftest.cpp: In function 'int main(int, char**)':
conftest.cpp:187:25: warning: empty parentheses were disambiguated as a function declaration [-Wvexing-parse]
  187 |   cxx11test::delegate d2();
      |                         ^~
conftest.cpp:187:25: note: remove parentheses to default-initialize a variable
  187 |   cxx11test::delegate d2();
      |                         ^~
      |                         --
conftest.cpp:187:25: note: or replace parentheses with braces to value-initialize a variable
configure:14442: $? = 0
configure:14461: result: none needed
configure:14548: checking how to run the C++ preprocessor
configure:14570: g++ -E  conftest.cpp
configure:14570: $? = 0
configure:14586: g++ -E  conftest.cpp
conftest.cpp:21:10: fatal error: ac_nonexistent.h: No such file or directory
   21 | #include <ac_nonexistent.h>
      |          ^~~~~~~~~~~~~~~~~~
compilation terminated.
configure:14586: $? = 1
configure: failed program was:
| /* confdefs.h */
| #define PACKAGE_NAME ""
| #define PACKAGE_TARNAME ""
| #define PACKAGE_VERSION ""
| #define PACKAGE_STRING ""
| #define PACKAGE_BUGREPORT ""
| #define PACKAGE_URL ""
| #define HAVE_STDIO_H 1
| #define HAVE_STDLIB_H 1
| #define HAVE_STRING_H 1
| #define HAVE_INTTYPES_H 1
| #define HAVE_STDINT_H 1
| #define HAVE_STRINGS_H 1
| #define HAVE_SYS_STAT_H 1
| #define HAVE_SYS_TYPES_H 1
| #define HAVE_UNISTD_H 1
| #define STDC_HEADERS 1
| #define HAVE_DLFCN_H 1
| #define LT_OBJDIR ".libs/"
| /* end confdefs.h.  */
| #include <ac_nonexistent.h>
configure:14615: result: g++ -E
configure:14629: g++ -E  conftest.cpp
configure:14629: $? = 0
configure:14645: g++ -E  conftest.cpp
conftest.cpp:21:10: fatal error: ac_nonexistent.h: No such file or directory
   21 | #include <ac_nonexistent.h>
      |          ^~~~~~~~~~~~~~~~~~
compilation terminated.
configure:14645: $? = 1
configure: failed program was:
| /* confdefs.h */
| #define PACKAGE_NAME ""
| #define PACKAGE_TARNAME ""
| #define PACKAGE_VERSION ""
| #define PACKAGE_STRING ""
| #define PACKAGE_BUGREPORT ""
| #define PACKAGE_URL ""
| #define HAVE_STDIO_H 1
| #define HAVE_STDLIB_H 1
| #define HAVE_STRING_H 1
| #define HAVE_INTTYPES_H 1
| #define HAVE_STDINT_H 1
| #define HAVE_STRINGS_H 1
| #define HAVE_SYS_STAT_H 1
| #define HAVE_SYS_TYPES_H 1
| #define HAVE_UNISTD_H 1
| #define STDC_HEADERS 1
| #define HAVE_DLFCN_H 1
| #define LT_OBJDIR ".libs/"
| /* end confdefs.h.  */
| #include <ac_nonexistent.h>
configure:14813: checking for ld used by g++
configure:14882: result: /usr/x86_64-pc-cygwin/bin/ld.exe
configure:14889: checking if the linker (/usr/x86_64-pc-cygwin/bin/ld.exe) is GNU ld
configure:14906: result: yes
configure:14961: checking whether the g++ linker (/usr/x86_64-pc-cygwin/bin/ld.exe) supports shared libraries
configure:16041: result: yes
configure:16077: g++ -c -g -O2  conftest.cpp >&5
configure:16080: $? = 0
configure:16562: checking for g++ option to produce PIC
configure:16571: result: -DDLL_EXPORT -DPIC
configure:16579: checking if g++ PIC flag -DDLL_EXPORT -DPIC works
configure:16598: g++ -c -g -O2  -DDLL_EXPORT -DPIC -DPIC conftest.cpp >&5
configure:16602: $? = 0
configure:16616: result: yes
configure:16639: checking if g++ static flag -static works
configure:16669: result: yes
configure:16681: checking if g++ supports -c -o file.o
configure:16703: g++ -c -g -O2  -o out/conftest2.o conftest.cpp >&5
configure:16707: $? = 0
configure:16730: result: yes
configure:16735: checking if g++ supports -c -o file.o
configure:16784: result: yes
configure:16814: checking whether the g++ linker (/usr/x86_64-pc-cygwin/bin/ld.exe) supports shared libraries
configure:16854: result: yes
configure:16997: checking dynamic linker characteristics
configure:17753: result: Win32 ld.exe
configure:17818: checking how to hardcode library paths into programs
configure:17843: result: immediate
configure:17883: checking for egrep
configure:17953: result: /usr/bin/grep -E
configure:17960: checking for fgrep
configure:18030: result: /usr/bin/grep -F
configure:18050: checking for a BSD-compatible install
configure:18124: result: /usr/bin/install -c
configure:18135: checking whether make sets $(MAKE)
configure:18159: result: yes
configure:18228: checking for pkg-config
configure:18251: found /usr/bin/pkg-config
configure:18264: result: /usr/bin/pkg-config
configure:18289: checking pkg-config is at least version 0.9.0
configure:18292: result: yes
configure:18309: checking for gsort
configure:18345: result: no
configure:18309: checking for sort
configure:18330: found /cygdrive/c/WINDOWS/system32/sort
configure:18342: result: sort
configure:18356: WARNING: sort(1) that supports the -V option is required to find dynamic libraries
configure:18367: checking for gcc option to enable large file support
configure:18402: gcc -c -g -O2  conftest.c >&5
configure:18402: $? = 0
configure:18408: gcc -DFTYPE=ino_t -c -g -O2  conftest.c >&5
configure:18408: $? = 0
configure:18433: result: none needed
configure:18583: checking for GCC -mno-cygwin option
configure:18598: gcc -c -g -O2 -mno-cygwin  conftest.c >&5
gcc: error: unrecognized command-line option '-mno-cygwin'; did you mean '-mno-clwb'?
configure:18598: $? = 1
configure: failed program was:
| /* confdefs.h */
| #define PACKAGE_NAME ""
| #define PACKAGE_TARNAME ""
| #define PACKAGE_VERSION ""
| #define PACKAGE_STRING ""
| #define PACKAGE_BUGREPORT ""
| #define PACKAGE_URL ""
| #define HAVE_STDIO_H 1
| #define HAVE_STDLIB_H 1
| #define HAVE_STRING_H 1
| #define HAVE_INTTYPES_H 1
| #define HAVE_STDINT_H 1
| #define HAVE_STRINGS_H 1
| #define HAVE_SYS_STAT_H 1
| #define HAVE_SYS_TYPES_H 1
| #define HAVE_UNISTD_H 1
| #define STDC_HEADERS 1
| #define HAVE_DLFCN_H 1
| #define LT_OBJDIR ".libs/"
| /* end confdefs.h.  */
| 
| int
| main (void)
| {
| 
|   ;
|   return 0;
| }
configure:18603: result: no
configure:18668: checking for an ANSI C-conforming const
configure:18735: gcc -c -g -O2 -Iinclude -I/cygdrive/c/Users/Kyjor/Documents/Projects/Julia/StaticCompilerGame.jl/SDLCalls/SDL2-2.30.11/include -idirafter /cygdrive/c/Users/Kyjor/Documents/Projects/Julia/StaticCompilerGame.jl/SDLCalls/SDL2-2.30.11/src/video/khronos  -I/usr/include/mingw  -Iinclude -I/cygdrive/c/Users/Kyjor/Documents/Projects/Julia/StaticCompilerGame.jl/SDLCalls/SDL2-2.30.11/include -idirafter /cygdrive/c/Users/Kyjor/Documents/Projects/Julia/StaticCompilerGame.jl/SDLCalls/SDL2-2.30.11/src/video/khronos  -I/usr/include/mingw conftest.c >&5
configure:18735: $? = 0
configure:18745: result: yes
configure:18753: checking for inline
configure:18770: gcc -c -g -O2 -Iinclude -I/cygdrive/c/Users/Kyjor/Documents/Projects/Julia/StaticCompilerGame.jl/SDLCalls/SDL2-2.30.11/include -idirafter /cygdrive/c/Users/Kyjor/Documents/Projects/Julia/StaticCompilerGame.jl/SDLCalls/SDL2-2.30.11/src/video/khronos  -I/usr/include/mingw  -Iinclude -I/cygdrive/c/Users/Kyjor/Documents/Projects/Julia/StaticCompilerGame.jl/SDLCalls/SDL2-2.30.11/include -idirafter /cygdrive/c/Users/Kyjor/Documents/Projects/Julia/StaticCompilerGame.jl/SDLCalls/SDL2-2.30.11/src/video/khronos  -I/usr/include/mingw conftest.c >&5
configure:18770: $? = 0
configure:18780: result: inline
configure:18798: checking for working volatile
configure:18818: gcc -c -g -O2 -Iinclude -I/cygdrive/c/Users/Kyjor/Documents/Projects/Julia/StaticCompilerGame.jl/SDLCalls/SDL2-2.30.11/include -idirafter /cygdrive/c/Users/Kyjor/Documents/Projects/Julia/StaticCompilerGame.jl/SDLCalls/SDL2-2.30.11/src/video/khronos  -I/usr/include/mingw  -Iinclude -I/cygdrive/c/Users/Kyjor/Documents/Projects/Julia/StaticCompilerGame.jl/SDLCalls/SDL2-2.30.11/include -idirafter /cygdrive/c/Users/Kyjor/Documents/Projects/Julia/StaticCompilerGame.jl/SDLCalls/SDL2-2.30.11/src/video/khronos  -I/usr/include/mingw conftest.c >&5
configure:18818: $? = 0
configure:18828: result: yes
configure:18887: checking for GCC -MMD -MT option
configure:18904: gcc -c -g -O2 -Iinclude -I/cygdrive/c/Users/Kyjor/Documents/Projects/Julia/StaticCompilerGame.jl/SDLCalls/SDL2-2.30.11/include -idirafter /cygdrive/c/Users/Kyjor/Documents/Projects/Julia/StaticCompilerGame.jl/SDLCalls/SDL2-2.30.11/src/video/khronos  -I/usr/include/mingw  -Iinclude -I/cygdrive/c/Users/Kyjor/Documents/Projects/Julia/StaticCompilerGame.jl/SDLCalls/SDL2-2.30.11/include -idirafter /cygdrive/c/Users/Kyjor/Documents/Projects/Julia/StaticCompilerGame.jl/SDLCalls/SDL2-2.30.11/src/video/khronos  -I/usr/include/mingw conftest.c >&5
configure:18904: $? = 0
configure:18909: result: yes
configure:18917: checking for linker option --no-undefined
configure:18937: gcc -o conftest.exe -g -O2 -Iinclude -I/cygdrive/c/Users/Kyjor/Documents/Projects/Julia/StaticCompilerGame.jl/SDLCalls/SDL2-2.30.11/include -idirafter /cygdrive/c/Users/Kyjor/Documents/Projects/Julia/StaticCompilerGame.jl/SDLCalls/SDL2-2.30.11/src/video/khronos  -I/usr/include/mingw  -Iinclude -I/cygdrive/c/Users/Kyjor/Documents/Projects/Julia/StaticCompilerGame.jl/SDLCalls/SDL2-2.30.11/include -idirafter /cygdrive/c/Users/Kyjor/Documents/Projects/Julia/StaticCompilerGame.jl/SDLCalls/SDL2-2.30.11/src/video/khronos  -I/usr/include/mingw  -Wl,--no-undefined conftest.c  >&5
configure:18937: $? = 0
configure:18949: result: yes
configure:18952: checking for linker option --dynamicbase
configure:18970: gcc -o conftest.exe -g -O2 -Iinclude -I/cygdrive/c/Users/Kyjor/Documents/Projects/Julia/StaticCompilerGame.jl/SDLCalls/SDL2-2.30.11/include -idirafter /cygdrive/c/Users/Kyjor/Documents/Projects/Julia/StaticCompilerGame.jl/SDLCalls/SDL2-2.30.11/src/video/khronos  -I/usr/include/mingw  -Iinclude -I/cygdrive/c/Users/Kyjor/Documents/Projects/Julia/StaticCompilerGame.jl/SDLCalls/SDL2-2.30.11/include -idirafter /cygdrive/c/Users/Kyjor/Documents/Projects/Julia/StaticCompilerGame.jl/SDLCalls/SDL2-2.30.11/src/video/khronos  -I/usr/include/mingw  -Wl,--dynamicbase conftest.c  >&5
configure:18970: $? = 0
configure:18982: result: yes
configure:18985: checking for linker option --nxcompat
configure:19003: gcc -o conftest.exe -g -O2 -Iinclude -I/cygdrive/c/Users/Kyjor/Documents/Projects/Julia/StaticCompilerGame.jl/SDLCalls/SDL2-2.30.11/include -idirafter /cygdrive/c/Users/Kyjor/Documents/Projects/Julia/StaticCompilerGame.jl/SDLCalls/SDL2-2.30.11/src/video/khronos  -I/usr/include/mingw  -Iinclude -I/cygdrive/c/Users/Kyjor/Documents/Projects/Julia/StaticCompilerGame.jl/SDLCalls/SDL2-2.30.11/include -idirafter /cygdrive/c/Users/Kyjor/Documents/Projects/Julia/StaticCompilerGame.jl/SDLCalls/SDL2-2.30.11/src/video/khronos  -I/usr/include/mingw  -Wl,--nxcompat conftest.c  >&5
configure:19003: $? = 0
configure:19015: result: yes
configure:19018: checking for linker option --high-entropy-va
configure:19036: gcc -o conftest.exe -g -O2 -Iinclude -I/cygdrive/c/Users/Kyjor/Documents/Projects/Julia/StaticCompilerGame.jl/SDLCalls/SDL2-2.30.11/include -idirafter /cygdrive/c/Users/Kyjor/Documents/Projects/Julia/StaticCompilerGame.jl/SDLCalls/SDL2-2.30.11/src/video/khronos  -I/usr/include/mingw  -Iinclude -I/cygdrive/c/Users/Kyjor/Documents/Projects/Julia/StaticCompilerGame.jl/SDLCalls/SDL2-2.30.11/include -idirafter /cygdrive/c/Users/Kyjor/Documents/Projects/Julia/StaticCompilerGame.jl/SDLCalls/SDL2-2.30.11/src/video/khronos  -I/usr/include/mingw  -Wl,--high-entropy-va conftest.c  >&5
configure:19036: $? = 0
configure:19048: result: yes
configure:19092: checking for sys/types.h
configure:19092: result: yes
configure:19098: checking for stdio.h
configure:19098: result: yes
configure:19104: checking for stdlib.h
configure:19104: result: yes
configure:19110: checking for stddef.h
configure:19110: gcc -c -g -O2 -Iinclude -I/cygdrive/c/Users/Kyjor/Documents/Projects/Julia/StaticCompilerGame.jl/SDLCalls/SDL2-2.30.11/include -idirafter /cygdrive/c/Users/Kyjor/Documents/Projects/Julia/StaticCompilerGame.jl/SDLCalls/SDL2-2.30.11/src/video/khronos  -I/usr/include/mingw  -Iinclude -I/cygdrive/c/Users/Kyjor/Documents/Projects/Julia/StaticCompilerGame.jl/SDLCalls/SDL2-2.30.11/include -idirafter /cygdrive/c/Users/Kyjor/Documents/Projects/Julia/StaticCompilerGame.jl/SDLCalls/SDL2-2.30.11/src/video/khronos  -I/usr/include/mingw conftest.c >&5
configure:19110: $? = 0
configure:19110: result: yes
configure:19116: checking for stdarg.h
configure:19116: gcc -c -g -O2 -Iinclude -I/cygdrive/c/Users/Kyjor/Documents/Projects/Julia/StaticCompilerGame.jl/SDLCalls/SDL2-2.30.11/include -idirafter /cygdrive/c/Users/Kyjor/Documents/Projects/Julia/StaticCompilerGame.jl/SDLCalls/SDL2-2.30.11/src/video/khronos  -I/usr/include/mingw  -Iinclude -I/cygdrive/c/Users/Kyjor/Documents/Projects/Julia/StaticCompilerGame.jl/SDLCalls/SDL2-2.30.11/include -idirafter /cygdrive/c/Users/Kyjor/Documents/Projects/Julia/StaticCompilerGame.jl/SDLCalls/SDL2-2.30.11/src/video/khronos  -I/usr/include/mingw conftest.c >&5
configure:19116: $? = 0
configure:19116: result: yes
configure:19122: checking for malloc.h
configure:19122: gcc -c -g -O2 -Iinclude -I/cygdrive/c/Users/Kyjor/Documents/Projects/Julia/StaticCompilerGame.jl/SDLCalls/SDL2-2.30.11/include -idirafter /cygdrive/c/Users/Kyjor/Documents/Projects/Julia/StaticCompilerGame.jl/SDLCalls/SDL2-2.30.11/src/video/khronos  -I/usr/include/mingw  -Iinclude -I/cygdrive/c/Users/Kyjor/Documents/Projects/Julia/StaticCompilerGame.jl/SDLCalls/SDL2-2.30.11/include -idirafter /cygdrive/c/Users/Kyjor/Documents/Projects/Julia/StaticCompilerGame.jl/SDLCalls/SDL2-2.30.11/src/video/khronos  -I/usr/include/mingw conftest.c >&5
configure:19122: $? = 0
configure:19122: result: yes
configure:19128: checking for memory.h
configure:19128: gcc -c -g -O2 -Iinclude -I/cygdrive/c/Users/Kyjor/Documents/Projects/Julia/StaticCompilerGame.jl/SDLCalls/SDL2-2.30.11/include -idirafter /cygdrive/c/Users/Kyjor/Documents/Projects/Julia/StaticCompilerGame.jl/SDLCalls/SDL2-2.30.11/src/video/khronos  -I/usr/include/mingw  -Iinclude -I/cygdrive/c/Users/Kyjor/Documents/Projects/Julia/StaticCompilerGame.jl/SDLCalls/SDL2-2.30.11/include -idirafter /cygdrive/c/Users/Kyjor/Documents/Projects/Julia/StaticCompilerGame.jl/SDLCalls/SDL2-2.30.11/src/video/khronos  -I/usr/include/mingw conftest.c >&5
configure:19128: $? = 0
configure:19128: result: yes
configure:19134: checking for string.h
configure:19134: result: yes
configure:19140: checking for strings.h
configure:19140: result: yes
configure:19146: checking for wchar.h
configure:19146: gcc -c -g -O2 -Iinclude -I/cygdrive/c/Users/Kyjor/Documents/Projects/Julia/StaticCompilerGame.jl/SDLCalls/SDL2-2.30.11/include -idirafter /cygdrive/c/Users/Kyjor/Documents/Projects/Julia/StaticCompilerGame.jl/SDLCalls/SDL2-2.30.11/src/video/khronos  -I/usr/include/mingw  -Iinclude -I/cygdrive/c/Users/Kyjor/Documents/Projects/Julia/StaticCompilerGame.jl/SDLCalls/SDL2-2.30.11/include -idirafter /cygdrive/c/Users/Kyjor/Documents/Projects/Julia/StaticCompilerGame.jl/SDLCalls/SDL2-2.30.11/src/video/khronos  -I/usr/include/mingw conftest.c >&5
configure:19146: $? = 0
configure:19146: result: yes
configure:19152: checking for inttypes.h
configure:19152: result: yes
configure:19158: checking for stdint.h
configure:19158: result: yes
configure:19164: checking for limits.h
configure:19164: gcc -c -g -O2 -Iinclude -I/cygdrive/c/Users/Kyjor/Documents/Projects/Julia/StaticCompilerGame.jl/SDLCalls/SDL2-2.30.11/include -idirafter /cygdrive/c/Users/Kyjor/Documents/Projects/Julia/StaticCompilerGame.jl/SDLCalls/SDL2-2.30.11/src/video/khronos  -I/usr/include/mingw  -Iinclude -I/cygdrive/c/Users/Kyjor/Documents/Projects/Julia/StaticCompilerGame.jl/SDLCalls/SDL2-2.30.11/include -idirafter /cygdrive/c/Users/Kyjor/Documents/Projects/Julia/StaticCompilerGame.jl/SDLCalls/SDL2-2.30.11/src/video/khronos  -I/usr/include/mingw conftest.c >&5
configure:19164: $? = 0
configure:19164: result: yes
configure:19170: checking for ctype.h
configure:19170: gcc -c -g -O2 -Iinclude -I/cygdrive/c/Users/Kyjor/Documents/Projects/Julia/StaticCompilerGame.jl/SDLCalls/SDL2-2.30.11/include -idirafter /cygdrive/c/Users/Kyjor/Documents/Projects/Julia/StaticCompilerGame.jl/SDLCalls/SDL2-2.30.11/src/video/khronos  -I/usr/include/mingw  -Iinclude -I/cygdrive/c/Users/Kyjor/Documents/Projects/Julia/StaticCompilerGame.jl/SDLCalls/SDL2-2.30.11/include -idirafter /cygdrive/c/Users/Kyjor/Documents/Projects/Julia/StaticCompilerGame.jl/SDLCalls/SDL2-2.30.11/src/video/khronos  -I/usr/include/mingw conftest.c >&5
configure:19170: $? = 0
configure:19170: result: yes
configure:19176: checking for math.h
configure:19176: gcc -c -g -O2 -Iinclude -I/cygdrive/c/Users/Kyjor/Documents/Projects/Julia/StaticCompilerGame.jl/SDLCalls/SDL2-2.30.11/include -idirafter /cygdrive/c/Users/Kyjor/Documents/Projects/Julia/StaticCompilerGame.jl/SDLCalls/SDL2-2.30.11/src/video/khronos  -I/usr/include/mingw  -Iinclude -I/cygdrive/c/Users/Kyjor/Documents/Projects/Julia/StaticCompilerGame.jl/SDLCalls/SDL2-2.30.11/include -idirafter /cygdrive/c/Users/Kyjor/Documents/Projects/Julia/StaticCompilerGame.jl/SDLCalls/SDL2-2.30.11/src/video/khronos  -I/usr/include/mingw conftest.c >&5
configure:19176: $? = 0
configure:19176: result: yes
configure:19182: checking for float.h
configure:19182: gcc -c -g -O2 -Iinclude -I/cygdrive/c/Users/Kyjor/Documents/Projects/Julia/StaticCompilerGame.jl/SDLCalls/SDL2-2.30.11/include -idirafter /cygdrive/c/Users/Kyjor/Documents/Projects/Julia/StaticCompilerGame.jl/SDLCalls/SDL2-2.30.11/src/video/khronos  -I/usr/include/mingw  -Iinclude -I/cygdrive/c/Users/Kyjor/Documents/Projects/Julia/StaticCompilerGame.jl/SDLCalls/SDL2-2.30.11/include -idirafter /cygdrive/c/Users/Kyjor/Documents/Projects/Julia/StaticCompilerGame.jl/SDLCalls/SDL2-2.30.11/src/video/khronos  -I/usr/include/mingw conftest.c >&5
configure:19182: $? = 0
configure:19182: result: yes
configure:19188: checking for iconv.h
configure:19188: gcc -c -g -O2 -Iinclude -I/cygdrive/c/Users/Kyjor/Documents/Projects/Julia/StaticCompilerGame.jl/SDLCalls/SDL2-2.30.11/include -idirafter /cygdrive/c/Users/Kyjor/Documents/Projects/Julia/StaticCompilerGame.jl/SDLCalls/SDL2-2.30.11/src/video/khronos  -I/usr/include/mingw  -Iinclude -I/cygdrive/c/Users/Kyjor/Documents/Projects/Julia/StaticCompilerGame.jl/SDLCalls/SDL2-2.30.11/include -idirafter /cygdrive/c/Users/Kyjor/Documents/Projects/Julia/StaticCompilerGame.jl/SDLCalls/SDL2-2.30.11/src/video/khronos  -I/usr/include/mingw conftest.c >&5
configure:19188: $? = 0
configure:19188: result: yes
configure:19194: checking for signal.h
configure:19194: gcc -c -g -O2 -Iinclude -I/cygdrive/c/Users/Kyjor/Documents/Projects/Julia/StaticCompilerGame.jl/SDLCalls/SDL2-2.30.11/include -idirafter /cygdrive/c/Users/Kyjor/Documents/Projects/Julia/StaticCompilerGame.jl/SDLCalls/SDL2-2.30.11/src/video/khronos  -I/usr/include/mingw  -Iinclude -I/cygdrive/c/Users/Kyjor/Documents/Projects/Julia/StaticCompilerGame.jl/SDLCalls/SDL2-2.30.11/include -idirafter /cygdrive/c/Users/Kyjor/Documents/Projects/Julia/StaticCompilerGame.jl/SDLCalls/SDL2-2.30.11/src/video/khronos  -I/usr/include/mingw conftest.c >&5
configure:19194: $? = 0
configure:19194: result: yes
configure:19202: checking for size_t
configure:19202: gcc -c -g -O2 -Iinclude -I/cygdrive/c/Users/Kyjor/Documents/Projects/Julia/StaticCompilerGame.jl/SDLCalls/SDL2-2.30.11/include -idirafter /cygdrive/c/Users/Kyjor/Documents/Projects/Julia/StaticCompilerGame.jl/SDLCalls/SDL2-2.30.11/src/video/khronos  -I/usr/include/mingw  -Iinclude -I/cygdrive/c/Users/Kyjor/Documents/Projects/Julia/StaticCompilerGame.jl/SDLCalls/SDL2-2.30.11/include -idirafter /cygdrive/c/Users/Kyjor/Documents/Projects/Julia/StaticCompilerGame.jl/SDLCalls/SDL2-2.30.11/src/video/khronos  -I/usr/include/mingw conftest.c >&5
configure:19202: $? = 0
configure:19202: gcc -c -g -O2 -Iinclude -I/cygdrive/c/Users/Kyjor/Documents/Projects/Julia/StaticCompilerGame.jl/SDLCalls/SDL2-2.30.11/include -idirafter /cygdrive/c/Users/Kyjor/Documents/Projects/Julia/StaticCompilerGame.jl/SDLCalls/SDL2-2.30.11/src/video/khronos  -I/usr/include/mingw  -Iinclude -I/cygdrive/c/Users/Kyjor/Documents/Projects/Julia/StaticCompilerGame.jl/SDLCalls/SDL2-2.30.11/include -idirafter /cygdrive/c/Users/Kyjor/Documents/Projects/Julia/StaticCompilerGame.jl/SDLCalls/SDL2-2.30.11/src/video/khronos  -I/usr/include/mingw conftest.c >&5
conftest.c: In function 'main':
conftest.c:71:21: error: expected expression before ')' token
   71 | if (sizeof ((size_t)))
      |                     ^
configure:19202: $? = 1
configure: failed program was:
| /* confdefs.h */
| #define PACKAGE_NAME ""
| #define PACKAGE_TARNAME ""
| #define PACKAGE_VERSION ""
| #define PACKAGE_STRING ""
| #define PACKAGE_BUGREPORT ""
| #define PACKAGE_URL ""
| #define HAVE_STDIO_H 1
| #define HAVE_STDLIB_H 1
| #define HAVE_STRING_H 1
| #define HAVE_INTTYPES_H 1
| #define HAVE_STDINT_H 1
| #define HAVE_STRINGS_H 1
| #define HAVE_SYS_STAT_H 1
| #define HAVE_SYS_TYPES_H 1
| #define HAVE_UNISTD_H 1
| #define STDC_HEADERS 1
| #define HAVE_DLFCN_H 1
| #define LT_OBJDIR ".libs/"
| #define HAVE_LIBC 1
| #define HAVE_SYS_TYPES_H 1
| #define HAVE_STDIO_H 1
| #define HAVE_STDLIB_H 1
| #define HAVE_STDDEF_H 1
| #define HAVE_STDARG_H 1
| #define HAVE_MALLOC_H 1
| #define HAVE_MEMORY_H 1
| #define HAVE_STRING_H 1
| #define HAVE_STRINGS_H 1
| #define HAVE_WCHAR_H 1
| #define HAVE_INTTYPES_H 1
| #define HAVE_STDINT_H 1
| #define HAVE_LIMITS_H 1
| #define HAVE_CTYPE_H 1
| #define HAVE_MATH_H 1
| #define HAVE_FLOAT_H 1
| #define HAVE_ICONV_H 1
| #define HAVE_SIGNAL_H 1
| /* end confdefs.h.  */
| #include <stddef.h>
| #ifdef HAVE_STDIO_H
| # include <stdio.h>
| #endif
| #ifdef HAVE_STDLIB_H
| # include <stdlib.h>
| #endif
| #ifdef HAVE_STRING_H
| # include <string.h>
| #endif
| #ifdef HAVE_INTTYPES_H
| # include <inttypes.h>
| #endif
| #ifdef HAVE_STDINT_H
| # include <stdint.h>
| #endif
| #ifdef HAVE_STRINGS_H
| # include <strings.h>
| #endif
| #ifdef HAVE_SYS_TYPES_H
| # include <sys/types.h>
| #endif
| #ifdef HAVE_SYS_STAT_H
| # include <sys/stat.h>
| #endif
| #ifdef HAVE_UNISTD_H
| # include <unistd.h>
| #endif
| int
| main (void)
| {
| if (sizeof ((size_t)))
| 	    return 0;
|   ;
|   return 0;
| }
configure:19202: result: yes
configure:19219: checking how to run the C preprocessor
configure:19245: gcc -E  -Iinclude -I/cygdrive/c/Users/Kyjor/Documents/Projects/Julia/StaticCompilerGame.jl/SDLCalls/SDL2-2.30.11/include -idirafter /cygdrive/c/Users/Kyjor/Documents/Projects/Julia/StaticCompilerGame.jl/SDLCalls/SDL2-2.30.11/src/video/khronos  -I/usr/include/mingw conftest.c
configure:19245: $? = 0
configure:19261: gcc -E  -Iinclude -I/cygdrive/c/Users/Kyjor/Documents/Projects/Julia/StaticCompilerGame.jl/SDLCalls/SDL2-2.30.11/include -idirafter /cygdrive/c/Users/Kyjor/Documents/Projects/Julia/StaticCompilerGame.jl/SDLCalls/SDL2-2.30.11/src/video/khronos  -I/usr/include/mingw conftest.c
conftest.c:40:10: fatal error: ac_nonexistent.h: No such file or directory
   40 | #include <ac_nonexistent.h>
      |          ^~~~~~~~~~~~~~~~~~
compilation terminated.
configure:19261: $? = 1
configure: failed program was:
| /* confdefs.h */
| #define PACKAGE_NAME ""
| #define PACKAGE_TARNAME ""
| #define PACKAGE_VERSION ""
| #define PACKAGE_STRING ""
| #define PACKAGE_BUGREPORT ""
| #define PACKAGE_URL ""
| #define HAVE_STDIO_H 1
| #define HAVE_STDLIB_H 1
| #define HAVE_STRING_H 1
| #define HAVE_INTTYPES_H 1
| #define HAVE_STDINT_H 1
| #define HAVE_STRINGS_H 1
| #define HAVE_SYS_STAT_H 1
| #define HAVE_SYS_TYPES_H 1
| #define HAVE_UNISTD_H 1
| #define STDC_HEADERS 1
| #define HAVE_DLFCN_H 1
| #define LT_OBJDIR ".libs/"
| #define HAVE_LIBC 1
| #define HAVE_SYS_TYPES_H 1
| #define HAVE_STDIO_H 1
| #define HAVE_STDLIB_H 1
| #define HAVE_STDDEF_H 1
| #define HAVE_STDARG_H 1
| #define HAVE_MALLOC_H 1
| #define HAVE_MEMORY_H 1
| #define HAVE_STRING_H 1
| #define HAVE_STRINGS_H 1
| #define HAVE_WCHAR_H 1
| #define HAVE_INTTYPES_H 1
| #define HAVE_STDINT_H 1
| #define HAVE_LIMITS_H 1
| #define HAVE_CTYPE_H 1
| #define HAVE_MATH_H 1
| #define HAVE_FLOAT_H 1
| #define HAVE_ICONV_H 1
| #define HAVE_SIGNAL_H 1
| /* end confdefs.h.  */
| #include <ac_nonexistent.h>
configure:19290: result: gcc -E
configure:19304: gcc -E  -Iinclude -I/cygdrive/c/Users/Kyjor/Documents/Projects/Julia/StaticCompilerGame.jl/SDLCalls/SDL2-2.30.11/include -idirafter /cygdrive/c/Users/Kyjor/Documents/Projects/Julia/StaticCompilerGame.jl/SDLCalls/SDL2-2.30.11/src/video/khronos  -I/usr/include/mingw conftest.c
configure:19304: $? = 0
configure:19320: gcc -E  -Iinclude -I/cygdrive/c/Users/Kyjor/Documents/Projects/Julia/StaticCompilerGame.jl/SDLCalls/SDL2-2.30.11/include -idirafter /cygdrive/c/Users/Kyjor/Documents/Projects/Julia/StaticCompilerGame.jl/SDLCalls/SDL2-2.30.11/src/video/khronos  -I/usr/include/mingw conftest.c
conftest.c:40:10: fatal error: ac_nonexistent.h: No such file or directory
   40 | #include <ac_nonexistent.h>
      |          ^~~~~~~~~~~~~~~~~~
compilation terminated.
configure:19320: $? = 1
configure: failed program was:
| /* confdefs.h */
| #define PACKAGE_NAME ""
| #define PACKAGE_TARNAME ""
| #define PACKAGE_VERSION ""
| #define PACKAGE_STRING ""
| #define PACKAGE_BUGREPORT ""
| #define PACKAGE_URL ""
| #define HAVE_STDIO_H 1
| #define HAVE_STDLIB_H 1
| #define HAVE_STRING_H 1
| #define HAVE_INTTYPES_H 1
| #define HAVE_STDINT_H 1
| #define HAVE_STRINGS_H 1
| #define HAVE_SYS_STAT_H 1
| #define HAVE_SYS_TYPES_H 1
| #define HAVE_UNISTD_H 1
| #define STDC_HEADERS 1
| #define HAVE_DLFCN_H 1
| #define LT_OBJDIR ".libs/"
| #define HAVE_LIBC 1
| #define HAVE_SYS_TYPES_H 1
| #define HAVE_STDIO_H 1
| #define HAVE_STDLIB_H 1
| #define HAVE_STDDEF_H 1
| #define HAVE_STDARG_H 1
| #define HAVE_MALLOC_H 1
| #define HAVE_MEMORY_H 1
| #define HAVE_STRING_H 1
| #define HAVE_STRINGS_H 1
| #define HAVE_WCHAR_H 1
| #define HAVE_INTTYPES_H 1
| #define HAVE_STDINT_H 1
| #define HAVE_LIMITS_H 1
| #define HAVE_CTYPE_H 1
| #define HAVE_MATH_H 1
| #define HAVE_FLOAT_H 1
| #define HAVE_ICONV_H 1
| #define HAVE_SIGNAL_H 1
| /* end confdefs.h.  */
| #include <ac_nonexistent.h>
configure:19352: checking for M_PI in math.h
configure:19359: checking for egrep -e
configure:19489: result: /usr/bin/grep -E
configure:19515: result: yes
configure:19526: checking for working alloca.h
configure:19544: gcc -o conftest.exe -g -O2 -Iinclude -I/cygdrive/c/Users/Kyjor/Documents/Projects/Julia/StaticCompilerGame.jl/SDLCalls/SDL2-2.30.11/include -idirafter /cygdrive/c/Users/Kyjor/Documents/Projects/Julia/StaticCompilerGame.jl/SDLCalls/SDL2-2.30.11/src/video/khronos  -I/usr/include/mingw  -Iinclude -I/cygdrive/c/Users/Kyjor/Documents/Projects/Julia/StaticCompilerGame.jl/SDLCalls/SDL2-2.30.11/include -idirafter /cygdrive/c/Users/Kyjor/Documents/Projects/Julia/StaticCompilerGame.jl/SDLCalls/SDL2-2.30.11/src/video/khronos  -I/usr/include/mingw  conftest.c  >&5
configure:19544: $? = 0
configure:19555: result: yes
configure:19563: checking for alloca
configure:19608: result: yes
configure:19678: checking for mprotect
configure:19678: gcc -o conftest.exe -g -O2 -Iinclude -I/cygdrive/c/Users/Kyjor/Documents/Projects/Julia/StaticCompilerGame.jl/SDLCalls/SDL2-2.30.11/include -idirafter /cygdrive/c/Users/Kyjor/Documents/Projects/Julia/StaticCompilerGame.jl/SDLCalls/SDL2-2.30.11/src/video/khronos  -I/usr/include/mingw  -Iinclude -I/cygdrive/c/Users/Kyjor/Documents/Projects/Julia/StaticCompilerGame.jl/SDLCalls/SDL2-2.30.11/include -idirafter /cygdrive/c/Users/Kyjor/Documents/Projects/Julia/StaticCompilerGame.jl/SDLCalls/SDL2-2.30.11/src/video/khronos  -I/usr/include/mingw  conftest.c  >&5
configure:19678: $? = 0
configure:19678: result: yes
configure:19695: gcc -c -g -O2 -Iinclude -I/cygdrive/c/Users/Kyjor/Documents/Projects/Julia/StaticCompilerGame.jl/SDLCalls/SDL2-2.30.11/include -idirafter /cygdrive/c/Users/Kyjor/Documents/Projects/Julia/StaticCompilerGame.jl/SDLCalls/SDL2-2.30.11/src/video/khronos  -I/usr/include/mingw  -Iinclude -I/cygdrive/c/Users/Kyjor/Documents/Projects/Julia/StaticCompilerGame.jl/SDLCalls/SDL2-2.30.11/include -idirafter /cygdrive/c/Users/Kyjor/Documents/Projects/Julia/StaticCompilerGame.jl/SDLCalls/SDL2-2.30.11/src/video/khronos  -I/usr/include/mingw conftest.c >&5
configure:19695: $? = 0
configure:19706: checking for malloc
configure:19706: gcc -o conftest.exe -g -O2 -Iinclude -I/cygdrive/c/Users/Kyjor/Documents/Projects/Julia/StaticCompilerGame.jl/SDLCalls/SDL2-2.30.11/include -idirafter /cygdrive/c/Users/Kyjor/Documents/Projects/Julia/StaticCompilerGame.jl/SDLCalls/SDL2-2.30.11/src/video/khronos  -I/usr/include/mingw  -Iinclude -I/cygdrive/c/Users/Kyjor/Documents/Projects/Julia/StaticCompilerGame.jl/SDLCalls/SDL2-2.30.11/include -idirafter /cygdrive/c/Users/Kyjor/Documents/Projects/Julia/StaticCompilerGame.jl/SDLCalls/SDL2-2.30.11/src/video/khronos  -I/usr/include/mingw  conftest.c  >&5
conftest.c:60:6: warning: conflicting types for built-in function 'malloc'; expected 'void *(long unsigned int)' [-Wbuiltin-declaration-mismatch]
   60 | char malloc (void);
      |      ^~~~~~
conftest.c:52:1: note: 'malloc' is declared in header '<stdlib.h>'
   51 | #include <limits.h>
   52 | #undef malloc
configure:19706: $? = 0
configure:19706: result: yes
configure:19712: checking for calloc
configure:19712: gcc -o conftest.exe -g -O2 -Iinclude -I/cygdrive/c/Users/Kyjor/Documents/Projects/Julia/StaticCompilerGame.jl/SDLCalls/SDL2-2.30.11/include -idirafter /cygdrive/c/Users/Kyjor/Documents/Projects/Julia/StaticCompilerGame.jl/SDLCalls/SDL2-2.30.11/src/video/khronos  -I/usr/include/mingw  -Iinclude -I/cygdrive/c/Users/Kyjor/Documents/Projects/Julia/StaticCompilerGame.jl/SDLCalls/SDL2-2.30.11/include -idirafter /cygdrive/c/Users/Kyjor/Documents/Projects/Julia/StaticCompilerGame.jl/SDLCalls/SDL2-2.30.11/src/video/khronos  -I/usr/include/mingw  conftest.c  >&5
conftest.c:61:6: warning: conflicting types for built-in function 'calloc'; expected 'void *(long unsigned int,  long unsigned int)' [-Wbuiltin-declaration-mismatch]
   61 | char calloc (void);
      |      ^~~~~~
conftest.c:53:1: note: 'calloc' is declared in header '<stdlib.h>'
   52 | #include <limits.h>
   53 | #undef calloc
configure:19712: $? = 0
configure:19712: result: yes
configure:19718: checking for realloc
configure:19718: gcc -o conftest.exe -g -O2 -Iinclude -I/cygdrive/c/Users/Kyjor/Documents/Projects/Julia/StaticCompilerGame.jl/SDLCalls/SDL2-2.30.11/include -idirafter /cygdrive/c/Users/Kyjor/Documents/Projects/Julia/StaticCompilerGame.jl/SDLCalls/SDL2-2.30.11/src/video/khronos  -I/usr/include/mingw  -Iinclude -I/cygdrive/c/Users/Kyjor/Documents/Projects/Julia/StaticCompilerGame.jl/SDLCalls/SDL2-2.30.11/include -idirafter /cygdrive/c/Users/Kyjor/Documents/Projects/Julia/StaticCompilerGame.jl/SDLCalls/SDL2-2.30.11/src/video/khronos  -I/usr/include/mingw  conftest.c  >&5
conftest.c:62:6: warning: conflicting types for built-in function 'realloc'; expected 'void *(void *, long unsigned int)' [-Wbuiltin-declaration-mismatch]
   62 | char realloc (void);
      |      ^~~~~~~
conftest.c:54:1: note: 'realloc' is declared in header '<stdlib.h>'
   53 | #include <limits.h>
   54 | #undef realloc
configure:19718: $? = 0
configure:19718: result: yes
configure:19724: checking for free
configure:19724: gcc -o conftest.exe -g -O2 -Iinclude -I/cygdrive/c/Users/Kyjor/Documents/Projects/Julia/StaticCompilerGame.jl/SDLCalls/SDL2-2.30.11/include -idirafter /cygdrive/c/Users/Kyjor/Documents/Projects/Julia/StaticCompilerGame.jl/SDLCalls/SDL2-2.30.11/src/video/khronos  -I/usr/include/mingw  -Iinclude -I/cygdrive/c/Users/Kyjor/Documents/Projects/Julia/StaticCompilerGame.jl/SDLCalls/SDL2-2.30.11/include -idirafter /cygdrive/c/Users/Kyjor/Documents/Projects/Julia/StaticCompilerGame.jl/SDLCalls/SDL2-2.30.11/src/video/khronos  -I/usr/include/mingw  conftest.c  >&5
conftest.c:63:6: warning: conflicting types for built-in function 'free'; expected 'void(void *)' [-Wbuiltin-declaration-mismatch]
   63 | char free (void);
      |      ^~~~
conftest.c:55:1: note: 'free' is declared in header '<stdlib.h>'
   54 | #include <limits.h>
   55 | #undef free
configure:19724: $? = 0
configure:19724: result: yes
configure:19730: checking for getenv
configure:19730: gcc -o conftest.exe -g -O2 -Iinclude -I/cygdrive/c/Users/Kyjor/Documents/Projects/Julia/StaticCompilerGame.jl/SDLCalls/SDL2-2.30.11/include -idirafter /cygdrive/c/Users/Kyjor/Documents/Projects/Julia/StaticCompilerGame.jl/SDLCalls/SDL2-2.30.11/src/video/khronos  -I/usr/include/mingw  -Iinclude -I/cygdrive/c/Users/Kyjor/Documents/Projects/Julia/StaticCompilerGame.jl/SDLCalls/SDL2-2.30.11/include -idirafter /cygdrive/c/Users/Kyjor/Documents/Projects/Julia/StaticCompilerGame.jl/SDLCalls/SDL2-2.30.11/src/video/khronos  -I/usr/include/mingw  conftest.c  >&5
configure:19730: $? = 0
configure:19730: result: yes
configure:19736: checking for setenv
configure:19736: gcc -o conftest.exe -g -O2 -Iinclude -I/cygdrive/c/Users/Kyjor/Documents/Projects/Julia/StaticCompilerGame.jl/SDLCalls/SDL2-2.30.11/include -idirafter /cygdrive/c/Users/Kyjor/Documents/Projects/Julia/StaticCompilerGame.jl/SDLCalls/SDL2-2.30.11/src/video/khronos  -I/usr/include/mingw  -Iinclude -I/cygdrive/c/Users/Kyjor/Documents/Projects/Julia/StaticCompilerGame.jl/SDLCalls/SDL2-2.30.11/include -idirafter /cygdrive/c/Users/Kyjor/Documents/Projects/Julia/StaticCompilerGame.jl/SDLCalls/SDL2-2.30.11/src/video/khronos  -I/usr/include/mingw  conftest.c  >&5
configure:19736: $? = 0
configure:19736: result: yes
configure:19742: checking for putenv
configure:19742: gcc -o conftest.exe -g -O2 -Iinclude -I/cygdrive/c/Users/Kyjor/Documents/Projects/Julia/StaticCompilerGame.jl/SDLCalls/SDL2-2.30.11/include -idirafter /cygdrive/c/Users/Kyjor/Documents/Projects/Julia/StaticCompilerGame.jl/SDLCalls/SDL2-2.30.11/src/video/khronos  -I/usr/include/mingw  -Iinclude -I/cygdrive/c/Users/Kyjor/Documents/Projects/Julia/StaticCompilerGame.jl/SDLCalls/SDL2-2.30.11/include -idirafter /cygdrive/c/Users/Kyjor/Documents/Projects/Julia/StaticCompilerGame.jl/SDLCalls/SDL2-2.30.11/src/video/khronos  -I/usr/include/mingw  conftest.c  >&5
configure:19742: $? = 0
configure:19742: result: yes
configure:19748: checking for unsetenv
configure:19748: gcc -o conftest.exe -g -O2 -Iinclude -I/cygdrive/c/Users/Kyjor/Documents/Projects/Julia/StaticCompilerGame.jl/SDLCalls/SDL2-2.30.11/include -idirafter /cygdrive/c/Users/Kyjor/Documents/Projects/Julia/StaticCompilerGame.jl/SDLCalls/SDL2-2.30.11/src/video/khronos  -I/usr/include/mingw  -Iinclude -I/cygdrive/c/Users/Kyjor/Documents/Projects/Julia/StaticCompilerGame.jl/SDLCalls/SDL2-2.30.11/include -idirafter /cygdrive/c/Users/Kyjor/Documents/Projects/Julia/StaticCompilerGame.jl/SDLCalls/SDL2-2.30.11/src/video/khronos  -I/usr/include/mingw  conftest.c  >&5
configure:19748: $? = 0
configure:19748: result: yes
configure:19754: checking for bsearch
configure:19754: gcc -o conftest.exe -g -O2 -Iinclude -I/cygdrive/c/Users/Kyjor/Documents/Projects/Julia/StaticCompilerGame.jl/SDLCalls/SDL2-2.30.11/include -idirafter /cygdrive/c/Users/Kyjor/Documents/Projects/Julia/StaticCompilerGame.jl/SDLCalls/SDL2-2.30.11/src/video/khronos  -I/usr/include/mingw  -Iinclude -I/cygdrive/c/Users/Kyjor/Documents/Projects/Julia/StaticCompilerGame.jl/SDLCalls/SDL2-2.30.11/include -idirafter /cygdrive/c/Users/Kyjor/Documents/Projects/Julia/StaticCompilerGame.jl/SDLCalls/SDL2-2.30.11/src/video/khronos  -I/usr/include/mingw  conftest.c  >&5
configure:19754: $? = 0
configure:19754: result: yes
configure:19760: checking for qsort
configure:19760: gcc -o conftest.exe -g -O2 -Iinclude -I/cygdrive/c/Users/Kyjor/Documents/Projects/Julia/StaticCompilerGame.jl/SDLCalls/SDL2-2.30.11/include -idirafter /cygdrive/c/Users/Kyjor/Documents/Projects/Julia/StaticCompilerGame.jl/SDLCalls/SDL2-2.30.11/src/video/khronos  -I/usr/include/mingw  -Iinclude -I/cygdrive/c/Users/Kyjor/Documents/Projects/Julia/StaticCompilerGame.jl/SDLCalls/SDL2-2.30.11/include -idirafter /cygdrive/c/Users/Kyjor/Documents/Projects/Julia/StaticCompilerGame.jl/SDLCalls/SDL2-2.30.11/src/video/khronos  -I/usr/include/mingw  conftest.c  >&5
configure:19760: $? = 0
configure:19760: result: yes
configure:19766: checking for abs
configure:19766: gcc -o conftest.exe -g -O2 -Iinclude -I/cygdrive/c/Users/Kyjor/Documents/Projects/Julia/StaticCompilerGame.jl/SDLCalls/SDL2-2.30.11/include -idirafter /cygdrive/c/Users/Kyjor/Documents/Projects/Julia/StaticCompilerGame.jl/SDLCalls/SDL2-2.30.11/src/video/khronos  -I/usr/include/mingw  -Iinclude -I/cygdrive/c/Users/Kyjor/Documents/Projects/Julia/StaticCompilerGame.jl/SDLCalls/SDL2-2.30.11/include -idirafter /cygdrive/c/Users/Kyjor/Documents/Projects/Julia/StaticCompilerGame.jl/SDLCalls/SDL2-2.30.11/src/video/khronos  -I/usr/include/mingw  conftest.c  >&5
conftest.c:70:6: warning: conflicting types for built-in function 'abs'; expected 'int(int)' [-Wbuiltin-declaration-mismatch]
   70 | char abs (void);
      |      ^~~
conftest.c:62:1: note: 'abs' is declared in header '<stdlib.h>'
   61 | #include <limits.h>
   62 | #undef abs
configure:19766: $? = 0
configure:19766: result: yes
configure:19772: checking for bcopy
configure:19772: gcc -o conftest.exe -g -O2 -Iinclude -I/cygdrive/c/Users/Kyjor/Documents/Projects/Julia/StaticCompilerGame.jl/SDLCalls/SDL2-2.30.11/include -idirafter /cygdrive/c/Users/Kyjor/Documents/Projects/Julia/StaticCompilerGame.jl/SDLCalls/SDL2-2.30.11/src/video/khronos  -I/usr/include/mingw  -Iinclude -I/cygdrive/c/Users/Kyjor/Documents/Projects/Julia/StaticCompilerGame.jl/SDLCalls/SDL2-2.30.11/include -idirafter /cygdrive/c/Users/Kyjor/Documents/Projects/Julia/StaticCompilerGame.jl/SDLCalls/SDL2-2.30.11/src/video/khronos  -I/usr/include/mingw  conftest.c  >&5
conftest.c:71:6: warning: conflicting types for built-in function 'bcopy'; expected 'void(const void *, void *, long unsigned int)' [-Wbuiltin-declaration-mismatch]
   71 | char bcopy (void);
      |      ^~~~~
configure:19772: $? = 0
configure:19772: result: yes
configure:19778: checking for memset
configure:19778: gcc -o conftest.exe -g -O2 -Iinclude -I/cygdrive/c/Users/Kyjor/Documents/Projects/Julia/StaticCompilerGame.jl/SDLCalls/SDL2-2.30.11/include -idirafter /cygdrive/c/Users/Kyjor/Documents/Projects/Julia/StaticCompilerGame.jl/SDLCalls/SDL2-2.30.11/src/video/khronos  -I/usr/include/mingw  -Iinclude -I/cygdrive/c/Users/Kyjor/Documents/Projects/Julia/StaticCompilerGame.jl/SDLCalls/SDL2-2.30.11/include -idirafter /cygdrive/c/Users/Kyjor/Documents/Projects/Julia/StaticCompilerGame.jl/SDLCalls/SDL2-2.30.11/src/video/khronos  -I/usr/include/mingw  conftest.c  >&5
conftest.c:72:6: warning: conflicting types for built-in function 'memset'; expected 'void *(void *, int,  long unsigned int)' [-Wbuiltin-declaration-mismatch]
   72 | char memset (void);
      |      ^~~~~~
conftest.c:64:1: note: 'memset' is declared in header '<string.h>'
   63 | #include <limits.h>
   64 | #undef memset
configure:19778: $? = 0
configure:19778: result: yes
configure:19784: checking for memcmp
configure:19784: gcc -o conftest.exe -g -O2 -Iinclude -I/cygdrive/c/Users/Kyjor/Documents/Projects/Julia/StaticCompilerGame.jl/SDLCalls/SDL2-2.30.11/include -idirafter /cygdrive/c/Users/Kyjor/Documents/Projects/Julia/StaticCompilerGame.jl/SDLCalls/SDL2-2.30.11/src/video/khronos  -I/usr/include/mingw  -Iinclude -I/cygdrive/c/Users/Kyjor/Documents/Projects/Julia/StaticCompilerGame.jl/SDLCalls/SDL2-2.30.11/include -idirafter /cygdrive/c/Users/Kyjor/Documents/Projects/Julia/StaticCompilerGame.jl/SDLCalls/SDL2-2.30.11/src/video/khronos  -I/usr/include/mingw  conftest.c  >&5
conftest.c:73:6: warning: conflicting types for built-in function 'memcmp'; expected 'int(const void *, const void *, long unsigned int)' [-Wbuiltin-declaration-mismatch]
   73 | char memcmp (void);
      |      ^~~~~~
conftest.c:65:1: note: 'memcmp' is declared in header '<string.h>'
   64 | #include <limits.h>
   65 | #undef memcmp
configure:19784: $? = 0
configure:19784: result: yes
configure:19790: checking for memcpy
configure:19790: gcc -o conftest.exe -g -O2 -Iinclude -I/cygdrive/c/Users/Kyjor/Documents/Projects/Julia/StaticCompilerGame.jl/SDLCalls/SDL2-2.30.11/include -idirafter /cygdrive/c/Users/Kyjor/Documents/Projects/Julia/StaticCompilerGame.jl/SDLCalls/SDL2-2.30.11/src/video/khronos  -I/usr/include/mingw  -Iinclude -I/cygdrive/c/Users/Kyjor/Documents/Projects/Julia/StaticCompilerGame.jl/SDLCalls/SDL2-2.30.11/include -idirafter /cygdrive/c/Users/Kyjor/Documents/Projects/Julia/StaticCompilerGame.jl/SDLCalls/SDL2-2.30.11/src/video/khronos  -I/usr/include/mingw  conftest.c  >&5
conftest.c:74:6: warning: conflicting types for built-in function 'memcpy'; expected 'void *(void *, const void *, long unsigned int)' [-Wbuiltin-declaration-mismatch]
   74 | char memcpy (void);
      |      ^~~~~~
conftest.c:66:1: note: 'memcpy' is declared in header '<string.h>'
   65 | #include <limits.h>
   66 | #undef memcpy
configure:19790: $? = 0
configure:19790: result: yes
configure:19796: checking for memmove
configure:19796: gcc -o conftest.exe -g -O2 -Iinclude -I/cygdrive/c/Users/Kyjor/Documents/Projects/Julia/StaticCompilerGame.jl/SDLCalls/SDL2-2.30.11/include -idirafter /cygdrive/c/Users/Kyjor/Documents/Projects/Julia/StaticCompilerGame.jl/SDLCalls/SDL2-2.30.11/src/video/khronos  -I/usr/include/mingw  -Iinclude -I/cygdrive/c/Users/Kyjor/Documents/Projects/Julia/StaticCompilerGame.jl/SDLCalls/SDL2-2.30.11/include -idirafter /cygdrive/c/Users/Kyjor/Documents/Projects/Julia/StaticCompilerGame.jl/SDLCalls/SDL2-2.30.11/src/video/khronos  -I/usr/include/mingw  conftest.c  >&5
conftest.c:75:6: warning: conflicting types for built-in function 'memmove'; expected 'void *(void *, const void *, long unsigned int)' [-Wbuiltin-declaration-mismatch]
   75 | char memmove (void);
      |      ^~~~~~~
conftest.c:67:1: note: 'memmove' is declared in header '<string.h>'
   66 | #include <limits.h>
   67 | #undef memmove
configure:19796: $? = 0
configure:19796: result: yes
configure:19802: checking for wcslen
configure:19802: gcc -o conftest.exe -g -O2 -Iinclude -I/cygdrive/c/Users/Kyjor/Documents/Projects/Julia/StaticCompilerGame.jl/SDLCalls/SDL2-2.30.11/include -idirafter /cygdrive/c/Users/Kyjor/Documents/Projects/Julia/StaticCompilerGame.jl/SDLCalls/SDL2-2.30.11/src/video/khronos  -I/usr/include/mingw  -Iinclude -I/cygdrive/c/Users/Kyjor/Documents/Projects/Julia/StaticCompilerGame.jl/SDLCalls/SDL2-2.30.11/include -idirafter /cygdrive/c/Users/Kyjor/Documents/Projects/Julia/StaticCompilerGame.jl/SDLCalls/SDL2-2.30.11/src/video/khronos  -I/usr/include/mingw  conftest.c  >&5
configure:19802: $? = 0
configure:19802: result: yes
configure:19808: checking for wcslcpy
configure:19808: gcc -o conftest.exe -g -O2 -Iinclude -I/cygdrive/c/Users/Kyjor/Documents/Projects/Julia/StaticCompilerGame.jl/SDLCalls/SDL2-2.30.11/include -idirafter /cygdrive/c/Users/Kyjor/Documents/Projects/Julia/StaticCompilerGame.jl/SDLCalls/SDL2-2.30.11/src/video/khronos  -I/usr/include/mingw  -Iinclude -I/cygdrive/c/Users/Kyjor/Documents/Projects/Julia/StaticCompilerGame.jl/SDLCalls/SDL2-2.30.11/include -idirafter /cygdrive/c/Users/Kyjor/Documents/Projects/Julia/StaticCompilerGame.jl/SDLCalls/SDL2-2.30.11/src/video/khronos  -I/usr/include/mingw  conftest.c  >&5
configure:19808: $? = 0
configure:19808: result: yes
configure:19814: checking for wcslcat
configure:19814: gcc -o conftest.exe -g -O2 -Iinclude -I/cygdrive/c/Users/Kyjor/Documents/Projects/Julia/StaticCompilerGame.jl/SDLCalls/SDL2-2.30.11/include -idirafter /cygdrive/c/Users/Kyjor/Documents/Projects/Julia/StaticCompilerGame.jl/SDLCalls/SDL2-2.30.11/src/video/khronos  -I/usr/include/mingw  -Iinclude -I/cygdrive/c/Users/Kyjor/Documents/Projects/Julia/StaticCompilerGame.jl/SDLCalls/SDL2-2.30.11/include -idirafter /cygdrive/c/Users/Kyjor/Documents/Projects/Julia/StaticCompilerGame.jl/SDLCalls/SDL2-2.30.11/src/video/khronos  -I/usr/include/mingw  conftest.c  >&5
configure:19814: $? = 0
configure:19814: result: yes
configure:19820: checking for _wcsdup
configure:19820: gcc -o conftest.exe -g -O2 -Iinclude -I/cygdrive/c/Users/Kyjor/Documents/Projects/Julia/StaticCompilerGame.jl/SDLCalls/SDL2-2.30.11/include -idirafter /cygdrive/c/Users/Kyjor/Documents/Projects/Julia/StaticCompilerGame.jl/SDLCalls/SDL2-2.30.11/src/video/khronos  -I/usr/include/mingw  -Iinclude -I/cygdrive/c/Users/Kyjor/Documents/Projects/Julia/StaticCompilerGame.jl/SDLCalls/SDL2-2.30.11/include -idirafter /cygdrive/c/Users/Kyjor/Documents/Projects/Julia/StaticCompilerGame.jl/SDLCalls/SDL2-2.30.11/src/video/khronos  -I/usr/include/mingw  conftest.c  >&5
/usr/lib/gcc/x86_64-pc-cygwin/12/../../../../x86_64-pc-cygwin/bin/ld: /cygdrive/c/Users/Kyjor/AppData/Local/Temp/ccb2mAZX.o: in function `main':
/cygdrive/c/Users/Kyjor/Documents/Projects/Julia/StaticCompilerGame.jl/SDLCalls/SDL2-2.30.11/conftest.c:90:(.text.startup+0xa): undefined reference to `_wcsdup'
collect2: error: ld returned 1 exit status
configure:19820: $? = 1
configure: failed program was:
| /* confdefs.h */
| #define PACKAGE_NAME ""
| #define PACKAGE_TARNAME ""
| #define PACKAGE_VERSION ""
| #define PACKAGE_STRING ""
| #define PACKAGE_BUGREPORT ""
| #define PACKAGE_URL ""
| #define HAVE_STDIO_H 1
| #define HAVE_STDLIB_H 1
| #define HAVE_STRING_H 1
| #define HAVE_INTTYPES_H 1
| #define HAVE_STDINT_H 1
| #define HAVE_STRINGS_H 1
| #define HAVE_SYS_STAT_H 1
| #define HAVE_SYS_TYPES_H 1
| #define HAVE_UNISTD_H 1
| #define STDC_HEADERS 1
| #define HAVE_DLFCN_H 1
| #define LT_OBJDIR ".libs/"
| #define HAVE_LIBC 1
| #define HAVE_SYS_TYPES_H 1
| #define HAVE_STDIO_H 1
| #define HAVE_STDLIB_H 1
| #define HAVE_STDDEF_H 1
| #define HAVE_STDARG_H 1
| #define HAVE_MALLOC_H 1
| #define HAVE_MEMORY_H 1
| #define HAVE_STRING_H 1
| #define HAVE_STRINGS_H 1
| #define HAVE_WCHAR_H 1
| #define HAVE_INTTYPES_H 1
| #define HAVE_STDINT_H 1
| #define HAVE_LIMITS_H 1
| #define HAVE_CTYPE_H 1
| #define HAVE_MATH_H 1
| #define HAVE_FLOAT_H 1
| #define HAVE_ICONV_H 1
| #define HAVE_SIGNAL_H 1
| #define HAVE_M_PI /**/
| #define HAVE_ALLOCA_H 1
| #define HAVE_ALLOCA 1
| #define HAVE_MPROTECT 1
| #define HAVE_MALLOC 1
| #define HAVE_CALLOC 1
| #define HAVE_REALLOC 1
| #define HAVE_FREE 1
| #define HAVE_GETENV 1
| #define HAVE_SETENV 1
| #define HAVE_PUTENV 1
| #define HAVE_UNSETENV 1
| #define HAVE_BSEARCH 1
| #define HAVE_QSORT 1
| #define HAVE_ABS 1
| #define HAVE_BCOPY 1
| #define HAVE_MEMSET 1
| #define HAVE_MEMCMP 1
| #define HAVE_MEMCPY 1
| #define HAVE_MEMMOVE 1
| #define HAVE_WCSLEN 1
| #define HAVE_WCSLCPY 1
| #define HAVE_WCSLCAT 1
| /* end confdefs.h.  */
| /* Define _wcsdup to an innocuous variant, in case <limits.h> declares _wcsdup.
|    For example, HP-UX 11i <limits.h> declares gettimeofday.  */
| #define _wcsdup innocuous__wcsdup
| 
| /* System header to define __stub macros and hopefully few prototypes,
|    which can conflict with char _wcsdup (void); below.  */
| 
| #include <limits.h>
| #undef _wcsdup
| 
| /* Override any GCC internal prototype to avoid an error.
|    Use char because int might match the return type of a GCC
|    builtin and then its argument prototype would still apply.  */
| #ifdef __cplusplus
| extern "C"
| #endif
| char _wcsdup (void);
| /* The GNU C library defines this for functions which it implements
|     to always fail with ENOSYS.  Some functions are actually named
|     something starting with __ and the normal name is an alias.  */
| #if defined __stub__wcsdup || defined __stub____wcsdup
| choke me
| #endif
| 
| int
| main (void)
| {
| return _wcsdup ();
|   ;
|   return 0;
| }
configure:19820: result: no
configure:19826: checking for wcsdup
configure:19826: gcc -o conftest.exe -g -O2 -Iinclude -I/cygdrive/c/Users/Kyjor/Documents/Projects/Julia/StaticCompilerGame.jl/SDLCalls/SDL2-2.30.11/include -idirafter /cygdrive/c/Users/Kyjor/Documents/Projects/Julia/StaticCompilerGame.jl/SDLCalls/SDL2-2.30.11/src/video/khronos  -I/usr/include/mingw  -Iinclude -I/cygdrive/c/Users/Kyjor/Documents/Projects/Julia/StaticCompilerGame.jl/SDLCalls/SDL2-2.30.11/include -idirafter /cygdrive/c/Users/Kyjor/Documents/Projects/Julia/StaticCompilerGame.jl/SDLCalls/SDL2-2.30.11/src/video/khronos  -I/usr/include/mingw  conftest.c  >&5
configure:19826: $? = 0
configure:19826: result: yes
configure:19832: checking for wcsstr
configure:19832: gcc -o conftest.exe -g -O2 -Iinclude -I/cygdrive/c/Users/Kyjor/Documents/Projects/Julia/StaticCompilerGame.jl/SDLCalls/SDL2-2.30.11/include -idirafter /cygdrive/c/Users/Kyjor/Documents/Projects/Julia/StaticCompilerGame.jl/SDLCalls/SDL2-2.30.11/src/video/khronos  -I/usr/include/mingw  -Iinclude -I/cygdrive/c/Users/Kyjor/Documents/Projects/Julia/StaticCompilerGame.jl/SDLCalls/SDL2-2.30.11/include -idirafter /cygdrive/c/Users/Kyjor/Documents/Projects/Julia/StaticCompilerGame.jl/SDLCalls/SDL2-2.30.11/src/video/khronos  -I/usr/include/mingw  conftest.c  >&5
configure:19832: $? = 0
configure:19832: result: yes
configure:19838: checking for wcscmp
configure:19838: gcc -o conftest.exe -g -O2 -Iinclude -I/cygdrive/c/Users/Kyjor/Documents/Projects/Julia/StaticCompilerGame.jl/SDLCalls/SDL2-2.30.11/include -idirafter /cygdrive/c/Users/Kyjor/Documents/Projects/Julia/StaticCompilerGame.jl/SDLCalls/SDL2-2.30.11/src/video/khronos  -I/usr/include/mingw  -Iinclude -I/cygdrive/c/Users/Kyjor/Documents/Projects/Julia/StaticCompilerGame.jl/SDLCalls/SDL2-2.30.11/include -idirafter /cygdrive/c/Users/Kyjor/Documents/Projects/Julia/StaticCompilerGame.jl/SDLCalls/SDL2-2.30.11/src/video/khronos  -I/usr/include/mingw  conftest.c  >&5
configure:19838: $? = 0
configure:19838: result: yes
configure:19844: checking for wcsncmp
configure:19844: gcc -o conftest.exe -g -O2 -Iinclude -I/cygdrive/c/Users/Kyjor/Documents/Projects/Julia/StaticCompilerGame.jl/SDLCalls/SDL2-2.30.11/include -idirafter /cygdrive/c/Users/Kyjor/Documents/Projects/Julia/StaticCompilerGame.jl/SDLCalls/SDL2-2.30.11/src/video/khronos  -I/usr/include/mingw  -Iinclude -I/cygdrive/c/Users/Kyjor/Documents/Projects/Julia/StaticCompilerGame.jl/SDLCalls/SDL2-2.30.11/include -idirafter /cygdrive/c/Users/Kyjor/Documents/Projects/Julia/StaticCompilerGame.jl/SDLCalls/SDL2-2.30.11/src/video/khronos  -I/usr/include/mingw  conftest.c  >&5
configure:19844: $? = 0
configure:19844: result: yes
configure:19850: checking for wcscasecmp
configure:19850: gcc -o conftest.exe -g -O2 -Iinclude -I/cygdrive/c/Users/Kyjor/Documents/Projects/Julia/StaticCompilerGame.jl/SDLCalls/SDL2-2.30.11/include -idirafter /cygdrive/c/Users/Kyjor/Documents/Projects/Julia/StaticCompilerGame.jl/SDLCalls/SDL2-2.30.11/src/video/khronos  -I/usr/include/mingw  -Iinclude -I/cygdrive/c/Users/Kyjor/Documents/Projects/Julia/StaticCompilerGame.jl/SDLCalls/SDL2-2.30.11/include -idirafter /cygdrive/c/Users/Kyjor/Documents/Projects/Julia/StaticCompilerGame.jl/SDLCalls/SDL2-2.30.11/src/video/khronos  -I/usr/include/mingw  conftest.c  >&5
configure:19850: $? = 0
configure:19850: result: yes
configure:19856: checking for _wcsicmp
configure:19856: gcc -o conftest.exe -g -O2 -Iinclude -I/cygdrive/c/Users/Kyjor/Documents/Projects/Julia/StaticCompilerGame.jl/SDLCalls/SDL2-2.30.11/include -idirafter /cygdrive/c/Users/Kyjor/Documents/Projects/Julia/StaticCompilerGame.jl/SDLCalls/SDL2-2.30.11/src/video/khronos  -I/usr/include/mingw  -Iinclude -I/cygdrive/c/Users/Kyjor/Documents/Projects/Julia/StaticCompilerGame.jl/SDLCalls/SDL2-2.30.11/include -idirafter /cygdrive/c/Users/Kyjor/Documents/Projects/Julia/StaticCompilerGame.jl/SDLCalls/SDL2-2.30.11/src/video/khronos  -I/usr/include/mingw  conftest.c  >&5
/usr/lib/gcc/x86_64-pc-cygwin/12/../../../../x86_64-pc-cygwin/bin/ld: /cygdrive/c/Users/Kyjor/AppData/Local/Temp/ccgHolYP.o: in function `main':
/cygdrive/c/Users/Kyjor/Documents/Projects/Julia/StaticCompilerGame.jl/SDLCalls/SDL2-2.30.11/conftest.c:95:(.text.startup+0xa): undefined reference to `_wcsicmp'
collect2: error: ld returned 1 exit status
configure:19856: $? = 1
configure: failed program was:
| /* confdefs.h */
| #define PACKAGE_NAME ""
| #define PACKAGE_TARNAME ""
| #define PACKAGE_VERSION ""
| #define PACKAGE_STRING ""
| #define PACKAGE_BUGREPORT ""
| #define PACKAGE_URL ""
| #define HAVE_STDIO_H 1
| #define HAVE_STDLIB_H 1
| #define HAVE_STRING_H 1
| #define HAVE_INTTYPES_H 1
| #define HAVE_STDINT_H 1
| #define HAVE_STRINGS_H 1
| #define HAVE_SYS_STAT_H 1
| #define HAVE_SYS_TYPES_H 1
| #define HAVE_UNISTD_H 1
| #define STDC_HEADERS 1
| #define HAVE_DLFCN_H 1
| #define LT_OBJDIR ".libs/"
| #define HAVE_LIBC 1
| #define HAVE_SYS_TYPES_H 1
| #define HAVE_STDIO_H 1
| #define HAVE_STDLIB_H 1
| #define HAVE_STDDEF_H 1
| #define HAVE_STDARG_H 1
| #define HAVE_MALLOC_H 1
| #define HAVE_MEMORY_H 1
| #define HAVE_STRING_H 1
| #define HAVE_STRINGS_H 1
| #define HAVE_WCHAR_H 1
| #define HAVE_INTTYPES_H 1
| #define HAVE_STDINT_H 1
| #define HAVE_LIMITS_H 1
| #define HAVE_CTYPE_H 1
| #define HAVE_MATH_H 1
| #define HAVE_FLOAT_H 1
| #define HAVE_ICONV_H 1
| #define HAVE_SIGNAL_H 1
| #define HAVE_M_PI /**/
| #define HAVE_ALLOCA_H 1
| #define HAVE_ALLOCA 1
| #define HAVE_MPROTECT 1
| #define HAVE_MALLOC 1
| #define HAVE_CALLOC 1
| #define HAVE_REALLOC 1
| #define HAVE_FREE 1
| #define HAVE_GETENV 1
| #define HAVE_SETENV 1
| #define HAVE_PUTENV 1
| #define HAVE_UNSETENV 1
| #define HAVE_BSEARCH 1
| #define HAVE_QSORT 1
| #define HAVE_ABS 1
| #define HAVE_BCOPY 1
| #define HAVE_MEMSET 1
| #define HAVE_MEMCMP 1
| #define HAVE_MEMCPY 1
| #define HAVE_MEMMOVE 1
| #define HAVE_WCSLEN 1
| #define HAVE_WCSLCPY 1
| #define HAVE_WCSLCAT 1
| #define HAVE_WCSDUP 1
| #define HAVE_WCSSTR 1
| #define HAVE_WCSCMP 1
| #define HAVE_WCSNCMP 1
| #define HAVE_WCSCASECMP 1
| /* end confdefs.h.  */
| /* Define _wcsicmp to an innocuous variant, in case <limits.h> declares _wcsicmp.
|    For example, HP-UX 11i <limits.h> declares gettimeofday.  */
| #define _wcsicmp innocuous__wcsicmp
| 
| /* System header to define __stub macros and hopefully few prototypes,
|    which can conflict with char _wcsicmp (void); below.  */
| 
| #include <limits.h>
| #undef _wcsicmp
| 
| /* Override any GCC internal prototype to avoid an error.
|    Use char because int might match the return type of a GCC
|    builtin and then its argument prototype would still apply.  */
| #ifdef __cplusplus
| extern "C"
| #endif
| char _wcsicmp (void);
| /* The GNU C library defines this for functions which it implements
|     to always fail with ENOSYS.  Some functions are actually named
|     something starting with __ and the normal name is an alias.  */
| #if defined __stub__wcsicmp || defined __stub____wcsicmp
| choke me
| #endif
| 
| int
| main (void)
| {
| return _wcsicmp ();
|   ;
|   return 0;
| }
configure:19856: result: no
configure:19862: checking for wcsncasecmp
configure:19862: gcc -o conftest.exe -g -O2 -Iinclude -I/cygdrive/c/Users/Kyjor/Documents/Projects/Julia/StaticCompilerGame.jl/SDLCalls/SDL2-2.30.11/include -idirafter /cygdrive/c/Users/Kyjor/Documents/Projects/Julia/StaticCompilerGame.jl/SDLCalls/SDL2-2.30.11/src/video/khronos  -I/usr/include/mingw  -Iinclude -I/cygdrive/c/Users/Kyjor/Documents/Projects/Julia/StaticCompilerGame.jl/SDLCalls/SDL2-2.30.11/include -idirafter /cygdrive/c/Users/Kyjor/Documents/Projects/Julia/StaticCompilerGame.jl/SDLCalls/SDL2-2.30.11/src/video/khronos  -I/usr/include/mingw  conftest.c  >&5
configure:19862: $? = 0
configure:19862: result: yes
configure:19868: checking for _wcsnicmp
configure:19868: gcc -o conftest.exe -g -O2 -Iinclude -I/cygdrive/c/Users/Kyjor/Documents/Projects/Julia/StaticCompilerGame.jl/SDLCalls/SDL2-2.30.11/include -idirafter /cygdrive/c/Users/Kyjor/Documents/Projects/Julia/StaticCompilerGame.jl/SDLCalls/SDL2-2.30.11/src/video/khronos  -I/usr/include/mingw  -Iinclude -I/cygdrive/c/Users/Kyjor/Documents/Projects/Julia/StaticCompilerGame.jl/SDLCalls/SDL2-2.30.11/include -idirafter /cygdrive/c/Users/Kyjor/Documents/Projects/Julia/StaticCompilerGame.jl/SDLCalls/SDL2-2.30.11/src/video/khronos  -I/usr/include/mingw  conftest.c  >&5
/usr/lib/gcc/x86_64-pc-cygwin/12/../../../../x86_64-pc-cygwin/bin/ld: /cygdrive/c/Users/Kyjor/AppData/Local/Temp/ccF522vZ.o: in function `main':
/cygdrive/c/Users/Kyjor/Documents/Projects/Julia/StaticCompilerGame.jl/SDLCalls/SDL2-2.30.11/conftest.c:96:(.text.startup+0xa): undefined reference to `_wcsnicmp'
collect2: error: ld returned 1 exit status
configure:19868: $? = 1
configure: failed program was:
| /* confdefs.h */
| #define PACKAGE_NAME ""
| #define PACKAGE_TARNAME ""
| #define PACKAGE_VERSION ""
| #define PACKAGE_STRING ""
| #define PACKAGE_BUGREPORT ""
| #define PACKAGE_URL ""
| #define HAVE_STDIO_H 1
| #define HAVE_STDLIB_H 1
| #define HAVE_STRING_H 1
| #define HAVE_INTTYPES_H 1
| #define HAVE_STDINT_H 1
| #define HAVE_STRINGS_H 1
| #define HAVE_SYS_STAT_H 1
| #define HAVE_SYS_TYPES_H 1
| #define HAVE_UNISTD_H 1
| #define STDC_HEADERS 1
| #define HAVE_DLFCN_H 1
| #define LT_OBJDIR ".libs/"
| #define HAVE_LIBC 1
| #define HAVE_SYS_TYPES_H 1
| #define HAVE_STDIO_H 1
| #define HAVE_STDLIB_H 1
| #define HAVE_STDDEF_H 1
| #define HAVE_STDARG_H 1
| #define HAVE_MALLOC_H 1
| #define HAVE_MEMORY_H 1
| #define HAVE_STRING_H 1
| #define HAVE_STRINGS_H 1
| #define HAVE_WCHAR_H 1
| #define HAVE_INTTYPES_H 1
| #define HAVE_STDINT_H 1
| #define HAVE_LIMITS_H 1
| #define HAVE_CTYPE_H 1
| #define HAVE_MATH_H 1
| #define HAVE_FLOAT_H 1
| #define HAVE_ICONV_H 1
| #define HAVE_SIGNAL_H 1
| #define HAVE_M_PI /**/
| #define HAVE_ALLOCA_H 1
| #define HAVE_ALLOCA 1
| #define HAVE_MPROTECT 1
| #define HAVE_MALLOC 1
| #define HAVE_CALLOC 1
| #define HAVE_REALLOC 1
| #define HAVE_FREE 1
| #define HAVE_GETENV 1
| #define HAVE_SETENV 1
| #define HAVE_PUTENV 1
| #define HAVE_UNSETENV 1
| #define HAVE_BSEARCH 1
| #define HAVE_QSORT 1
| #define HAVE_ABS 1
| #define HAVE_BCOPY 1
| #define HAVE_MEMSET 1
| #define HAVE_MEMCMP 1
| #define HAVE_MEMCPY 1
| #define HAVE_MEMMOVE 1
| #define HAVE_WCSLEN 1
| #define HAVE_WCSLCPY 1
| #define HAVE_WCSLCAT 1
| #define HAVE_WCSDUP 1
| #define HAVE_WCSSTR 1
| #define HAVE_WCSCMP 1
| #define HAVE_WCSNCMP 1
| #define HAVE_WCSCASECMP 1
| #define HAVE_WCSNCASECMP 1
| /* end confdefs.h.  */
| /* Define _wcsnicmp to an innocuous variant, in case <limits.h> declares _wcsnicmp.
|    For example, HP-UX 11i <limits.h> declares gettimeofday.  */
| #define _wcsnicmp innocuous__wcsnicmp
| 
| /* System header to define __stub macros and hopefully few prototypes,
|    which can conflict with char _wcsnicmp (void); below.  */
| 
| #include <limits.h>
| #undef _wcsnicmp
| 
| /* Override any GCC internal prototype to avoid an error.
|    Use char because int might match the return type of a GCC
|    builtin and then its argument prototype would still apply.  */
| #ifdef __cplusplus
| extern "C"
| #endif
| char _wcsnicmp (void);
| /* The GNU C library defines this for functions which it implements
|     to always fail with ENOSYS.  Some functions are actually named
|     something starting with __ and the normal name is an alias.  */
| #if defined __stub__wcsnicmp || defined __stub____wcsnicmp
| choke me
| #endif
| 
| int
| main (void)
| {
| return _wcsnicmp ();
|   ;
|   return 0;
| }
configure:19868: result: no
configure:19874: checking for strlen
configure:19874: gcc -o conftest.exe -g -O2 -Iinclude -I/cygdrive/c/Users/Kyjor/Documents/Projects/Julia/StaticCompilerGame.jl/SDLCalls/SDL2-2.30.11/include -idirafter /cygdrive/c/Users/Kyjor/Documents/Projects/Julia/StaticCompilerGame.jl/SDLCalls/SDL2-2.30.11/src/video/khronos  -I/usr/include/mingw  -Iinclude -I/cygdrive/c/Users/Kyjor/Documents/Projects/Julia/StaticCompilerGame.jl/SDLCalls/SDL2-2.30.11/include -idirafter /cygdrive/c/Users/Kyjor/Documents/Projects/Julia/StaticCompilerGame.jl/SDLCalls/SDL2-2.30.11/src/video/khronos  -I/usr/include/mingw  conftest.c  >&5
conftest.c:85:6: warning: conflicting types for built-in function 'strlen'; expected 'long unsigned int(const char *)' [-Wbuiltin-declaration-mismatch]
   85 | char strlen (void);
      |      ^~~~~~
conftest.c:77:1: note: 'strlen' is declared in header '<string.h>'
   76 | #include <limits.h>
   77 | #undef strlen
configure:19874: $? = 0
configure:19874: result: yes
configure:19880: checking for strlcpy
configure:19880: gcc -o conftest.exe -g -O2 -Iinclude -I/cygdrive/c/Users/Kyjor/Documents/Projects/Julia/StaticCompilerGame.jl/SDLCalls/SDL2-2.30.11/include -idirafter /cygdrive/c/Users/Kyjor/Documents/Projects/Julia/StaticCompilerGame.jl/SDLCalls/SDL2-2.30.11/src/video/khronos  -I/usr/include/mingw  -Iinclude -I/cygdrive/c/Users/Kyjor/Documents/Projects/Julia/StaticCompilerGame.jl/SDLCalls/SDL2-2.30.11/include -idirafter /cygdrive/c/Users/Kyjor/Documents/Projects/Julia/StaticCompilerGame.jl/SDLCalls/SDL2-2.30.11/src/video/khronos  -I/usr/include/mingw  conftest.c  >&5
configure:19880: $? = 0
configure:19880: result: yes
configure:19886: checking for strlcat
configure:19886: gcc -o conftest.exe -g -O2 -Iinclude -I/cygdrive/c/Users/Kyjor/Documents/Projects/Julia/StaticCompilerGame.jl/SDLCalls/SDL2-2.30.11/include -idirafter /cygdrive/c/Users/Kyjor/Documents/Projects/Julia/StaticCompilerGame.jl/SDLCalls/SDL2-2.30.11/src/video/khronos  -I/usr/include/mingw  -Iinclude -I/cygdrive/c/Users/Kyjor/Documents/Projects/Julia/StaticCompilerGame.jl/SDLCalls/SDL2-2.30.11/include -idirafter /cygdrive/c/Users/Kyjor/Documents/Projects/Julia/StaticCompilerGame.jl/SDLCalls/SDL2-2.30.11/src/video/khronos  -I/usr/include/mingw  conftest.c  >&5
configure:19886: $? = 0
configure:19886: result: yes
configure:19892: checking for _strrev
configure:19892: gcc -o conftest.exe -g -O2 -Iinclude -I/cygdrive/c/Users/Kyjor/Documents/Projects/Julia/StaticCompilerGame.jl/SDLCalls/SDL2-2.30.11/include -idirafter /cygdrive/c/Users/Kyjor/Documents/Projects/Julia/StaticCompilerGame.jl/SDLCalls/SDL2-2.30.11/src/video/khronos  -I/usr/include/mingw  -Iinclude -I/cygdrive/c/Users/Kyjor/Documents/Projects/Julia/StaticCompilerGame.jl/SDLCalls/SDL2-2.30.11/include -idirafter /cygdrive/c/Users/Kyjor/Documents/Projects/Julia/StaticCompilerGame.jl/SDLCalls/SDL2-2.30.11/src/video/khronos  -I/usr/include/mingw  conftest.c  >&5
/usr/lib/gcc/x86_64-pc-cygwin/12/../../../../x86_64-pc-cygwin/bin/ld: /cygdrive/c/Users/Kyjor/AppData/Local/Temp/cc2nay0y.o: in function `main':
/cygdrive/c/Users/Kyjor/Documents/Projects/Julia/StaticCompilerGame.jl/SDLCalls/SDL2-2.30.11/conftest.c:99:(.text.startup+0xa): undefined reference to `_strrev'
collect2: error: ld returned 1 exit status
configure:19892: $? = 1
configure: failed program was:
| /* confdefs.h */
| #define PACKAGE_NAME ""
| #define PACKAGE_TARNAME ""
| #define PACKAGE_VERSION ""
| #define PACKAGE_STRING ""
| #define PACKAGE_BUGREPORT ""
| #define PACKAGE_URL ""
| #define HAVE_STDIO_H 1
| #define HAVE_STDLIB_H 1
| #define HAVE_STRING_H 1
| #define HAVE_INTTYPES_H 1
| #define HAVE_STDINT_H 1
| #define HAVE_STRINGS_H 1
| #define HAVE_SYS_STAT_H 1
| #define HAVE_SYS_TYPES_H 1
| #define HAVE_UNISTD_H 1
| #define STDC_HEADERS 1
| #define HAVE_DLFCN_H 1
| #define LT_OBJDIR ".libs/"
| #define HAVE_LIBC 1
| #define HAVE_SYS_TYPES_H 1
| #define HAVE_STDIO_H 1
| #define HAVE_STDLIB_H 1
| #define HAVE_STDDEF_H 1
| #define HAVE_STDARG_H 1
| #define HAVE_MALLOC_H 1
| #define HAVE_MEMORY_H 1
| #define HAVE_STRING_H 1
| #define HAVE_STRINGS_H 1
| #define HAVE_WCHAR_H 1
| #define HAVE_INTTYPES_H 1
| #define HAVE_STDINT_H 1
| #define HAVE_LIMITS_H 1
| #define HAVE_CTYPE_H 1
| #define HAVE_MATH_H 1
| #define HAVE_FLOAT_H 1
| #define HAVE_ICONV_H 1
| #define HAVE_SIGNAL_H 1
| #define HAVE_M_PI /**/
| #define HAVE_ALLOCA_H 1
| #define HAVE_ALLOCA 1
| #define HAVE_MPROTECT 1
| #define HAVE_MALLOC 1
| #define HAVE_CALLOC 1
| #define HAVE_REALLOC 1
| #define HAVE_FREE 1
| #define HAVE_GETENV 1
| #define HAVE_SETENV 1
| #define HAVE_PUTENV 1
| #define HAVE_UNSETENV 1
| #define HAVE_BSEARCH 1
| #define HAVE_QSORT 1
| #define HAVE_ABS 1
| #define HAVE_BCOPY 1
| #define HAVE_MEMSET 1
| #define HAVE_MEMCMP 1
| #define HAVE_MEMCPY 1
| #define HAVE_MEMMOVE 1
| #define HAVE_WCSLEN 1
| #define HAVE_WCSLCPY 1
| #define HAVE_WCSLCAT 1
| #define HAVE_WCSDUP 1
| #define HAVE_WCSSTR 1
| #define HAVE_WCSCMP 1
| #define HAVE_WCSNCMP 1
| #define HAVE_WCSCASECMP 1
| #define HAVE_WCSNCASECMP 1
| #define HAVE_STRLEN 1
| #define HAVE_STRLCPY 1
| #define HAVE_STRLCAT 1
| /* end confdefs.h.  */
| /* Define _strrev to an innocuous variant, in case <limits.h> declares _strrev.
|    For example, HP-UX 11i <limits.h> declares gettimeofday.  */
| #define _strrev innocuous__strrev
| 
| /* System header to define __stub macros and hopefully few prototypes,
|    which can conflict with char _strrev (void); below.  */
| 
| #include <limits.h>
| #undef _strrev
| 
| /* Override any GCC internal prototype to avoid an error.
|    Use char because int might match the return type of a GCC
|    builtin and then its argument prototype would still apply.  */
| #ifdef __cplusplus
| extern "C"
| #endif
| char _strrev (void);
| /* The GNU C library defines this for functions which it implements
|     to always fail with ENOSYS.  Some functions are actually named
|     something starting with __ and the normal name is an alias.  */
| #if defined __stub__strrev || defined __stub____strrev
| choke me
| #endif
| 
| int
| main (void)
| {
| return _strrev ();
|   ;
|   return 0;
| }
configure:19892: result: no
configure:19898: checking for _strupr
configure:19898: gcc -o conftest.exe -g -O2 -Iinclude -I/cygdrive/c/Users/Kyjor/Documents/Projects/Julia/StaticCompilerGame.jl/SDLCalls/SDL2-2.30.11/include -idirafter /cygdrive/c/Users/Kyjor/Documents/Projects/Julia/StaticCompilerGame.jl/SDLCalls/SDL2-2.30.11/src/video/khronos  -I/usr/include/mingw  -Iinclude -I/cygdrive/c/Users/Kyjor/Documents/Projects/Julia/StaticCompilerGame.jl/SDLCalls/SDL2-2.30.11/include -idirafter /cygdrive/c/Users/Kyjor/Documents/Projects/Julia/StaticCompilerGame.jl/SDLCalls/SDL2-2.30.11/src/video/khronos  -I/usr/include/mingw  conftest.c  >&5
/usr/lib/gcc/x86_64-pc-cygwin/12/../../../../x86_64-pc-cygwin/bin/ld: /cygdrive/c/Users/Kyjor/AppData/Local/Temp/ccTduuRj.o: in function `main':
/cygdrive/c/Users/Kyjor/Documents/Projects/Julia/StaticCompilerGame.jl/SDLCalls/SDL2-2.30.11/conftest.c:99:(.text.startup+0xa): undefined reference to `_strupr'
collect2: error: ld returned 1 exit status
configure:19898: $? = 1
configure: failed program was:
| /* confdefs.h */
| #define PACKAGE_NAME ""
| #define PACKAGE_TARNAME ""
| #define PACKAGE_VERSION ""
| #define PACKAGE_STRING ""
| #define PACKAGE_BUGREPORT ""
| #define PACKAGE_URL ""
| #define HAVE_STDIO_H 1
| #define HAVE_STDLIB_H 1
| #define HAVE_STRING_H 1
| #define HAVE_INTTYPES_H 1
| #define HAVE_STDINT_H 1
| #define HAVE_STRINGS_H 1
| #define HAVE_SYS_STAT_H 1
| #define HAVE_SYS_TYPES_H 1
| #define HAVE_UNISTD_H 1
| #define STDC_HEADERS 1
| #define HAVE_DLFCN_H 1
| #define LT_OBJDIR ".libs/"
| #define HAVE_LIBC 1
| #define HAVE_SYS_TYPES_H 1
| #define HAVE_STDIO_H 1
| #define HAVE_STDLIB_H 1
| #define HAVE_STDDEF_H 1
| #define HAVE_STDARG_H 1
| #define HAVE_MALLOC_H 1
| #define HAVE_MEMORY_H 1
| #define HAVE_STRING_H 1
| #define HAVE_STRINGS_H 1
| #define HAVE_WCHAR_H 1
| #define HAVE_INTTYPES_H 1
| #define HAVE_STDINT_H 1
| #define HAVE_LIMITS_H 1
| #define HAVE_CTYPE_H 1
| #define HAVE_MATH_H 1
| #define HAVE_FLOAT_H 1
| #define HAVE_ICONV_H 1
| #define HAVE_SIGNAL_H 1
| #define HAVE_M_PI /**/
| #define HAVE_ALLOCA_H 1
| #define HAVE_ALLOCA 1
| #define HAVE_MPROTECT 1
| #define HAVE_MALLOC 1
| #define HAVE_CALLOC 1
| #define HAVE_REALLOC 1
| #define HAVE_FREE 1
| #define HAVE_GETENV 1
| #define HAVE_SETENV 1
| #define HAVE_PUTENV 1
| #define HAVE_UNSETENV 1
| #define HAVE_BSEARCH 1
| #define HAVE_QSORT 1
| #define HAVE_ABS 1
| #define HAVE_BCOPY 1
| #define HAVE_MEMSET 1
| #define HAVE_MEMCMP 1
| #define HAVE_MEMCPY 1
| #define HAVE_MEMMOVE 1
| #define HAVE_WCSLEN 1
| #define HAVE_WCSLCPY 1
| #define HAVE_WCSLCAT 1
| #define HAVE_WCSDUP 1
| #define HAVE_WCSSTR 1
| #define HAVE_WCSCMP 1
| #define HAVE_WCSNCMP 1
| #define HAVE_WCSCASECMP 1
| #define HAVE_WCSNCASECMP 1
| #define HAVE_STRLEN 1
| #define HAVE_STRLCPY 1
| #define HAVE_STRLCAT 1
| /* end confdefs.h.  */
| /* Define _strupr to an innocuous variant, in case <limits.h> declares _strupr.
|    For example, HP-UX 11i <limits.h> declares gettimeofday.  */
| #define _strupr innocuous__strupr
| 
| /* System header to define __stub macros and hopefully few prototypes,
|    which can conflict with char _strupr (void); below.  */
| 
| #include <limits.h>
| #undef _strupr
| 
| /* Override any GCC internal prototype to avoid an error.
|    Use char because int might match the return type of a GCC
|    builtin and then its argument prototype would still apply.  */
| #ifdef __cplusplus
| extern "C"
| #endif
| char _strupr (void);
| /* The GNU C library defines this for functions which it implements
|     to always fail with ENOSYS.  Some functions are actually named
|     something starting with __ and the normal name is an alias.  */
| #if defined __stub__strupr || defined __stub____strupr
| choke me
| #endif
| 
| int
| main (void)
| {
| return _strupr ();
|   ;
|   return 0;
| }
configure:19898: result: no
configure:19904: checking for _strlwr
configure:19904: gcc -o conftest.exe -g -O2 -Iinclude -I/cygdrive/c/Users/Kyjor/Documents/Projects/Julia/StaticCompilerGame.jl/SDLCalls/SDL2-2.30.11/include -idirafter /cygdrive/c/Users/Kyjor/Documents/Projects/Julia/StaticCompilerGame.jl/SDLCalls/SDL2-2.30.11/src/video/khronos  -I/usr/include/mingw  -Iinclude -I/cygdrive/c/Users/Kyjor/Documents/Projects/Julia/StaticCompilerGame.jl/SDLCalls/SDL2-2.30.11/include -idirafter /cygdrive/c/Users/Kyjor/Documents/Projects/Julia/StaticCompilerGame.jl/SDLCalls/SDL2-2.30.11/src/video/khronos  -I/usr/include/mingw  conftest.c  >&5
/usr/lib/gcc/x86_64-pc-cygwin/12/../../../../x86_64-pc-cygwin/bin/ld: /cygdrive/c/Users/Kyjor/AppData/Local/Temp/ccBLTSCk.o: in function `main':
/cygdrive/c/Users/Kyjor/Documents/Projects/Julia/StaticCompilerGame.jl/SDLCalls/SDL2-2.30.11/conftest.c:99:(.text.startup+0xa): undefined reference to `_strlwr'
collect2: error: ld returned 1 exit status
configure:19904: $? = 1
configure: failed program was:
| /* confdefs.h */
| #define PACKAGE_NAME ""
| #define PACKAGE_TARNAME ""
| #define PACKAGE_VERSION ""
| #define PACKAGE_STRING ""
| #define PACKAGE_BUGREPORT ""
| #define PACKAGE_URL ""
| #define HAVE_STDIO_H 1
| #define HAVE_STDLIB_H 1
| #define HAVE_STRING_H 1
| #define HAVE_INTTYPES_H 1
| #define HAVE_STDINT_H 1
| #define HAVE_STRINGS_H 1
| #define HAVE_SYS_STAT_H 1
| #define HAVE_SYS_TYPES_H 1
| #define HAVE_UNISTD_H 1
| #define STDC_HEADERS 1
| #define HAVE_DLFCN_H 1
| #define LT_OBJDIR ".libs/"
| #define HAVE_LIBC 1
| #define HAVE_SYS_TYPES_H 1
| #define HAVE_STDIO_H 1
| #define HAVE_STDLIB_H 1
| #define HAVE_STDDEF_H 1
| #define HAVE_STDARG_H 1
| #define HAVE_MALLOC_H 1
| #define HAVE_MEMORY_H 1
| #define HAVE_STRING_H 1
| #define HAVE_STRINGS_H 1
| #define HAVE_WCHAR_H 1
| #define HAVE_INTTYPES_H 1
| #define HAVE_STDINT_H 1
| #define HAVE_LIMITS_H 1
| #define HAVE_CTYPE_H 1
| #define HAVE_MATH_H 1
| #define HAVE_FLOAT_H 1
| #define HAVE_ICONV_H 1
| #define HAVE_SIGNAL_H 1
| #define HAVE_M_PI /**/
| #define HAVE_ALLOCA_H 1
| #define HAVE_ALLOCA 1
| #define HAVE_MPROTECT 1
| #define HAVE_MALLOC 1
| #define HAVE_CALLOC 1
| #define HAVE_REALLOC 1
| #define HAVE_FREE 1
| #define HAVE_GETENV 1
| #define HAVE_SETENV 1
| #define HAVE_PUTENV 1
| #define HAVE_UNSETENV 1
| #define HAVE_BSEARCH 1
| #define HAVE_QSORT 1
| #define HAVE_ABS 1
| #define HAVE_BCOPY 1
| #define HAVE_MEMSET 1
| #define HAVE_MEMCMP 1
| #define HAVE_MEMCPY 1
| #define HAVE_MEMMOVE 1
| #define HAVE_WCSLEN 1
| #define HAVE_WCSLCPY 1
| #define HAVE_WCSLCAT 1
| #define HAVE_WCSDUP 1
| #define HAVE_WCSSTR 1
| #define HAVE_WCSCMP 1
| #define HAVE_WCSNCMP 1
| #define HAVE_WCSCASECMP 1
| #define HAVE_WCSNCASECMP 1
| #define HAVE_STRLEN 1
| #define HAVE_STRLCPY 1
| #define HAVE_STRLCAT 1
| /* end confdefs.h.  */
| /* Define _strlwr to an innocuous variant, in case <limits.h> declares _strlwr.
|    For example, HP-UX 11i <limits.h> declares gettimeofday.  */
| #define _strlwr innocuous__strlwr
| 
| /* System header to define __stub macros and hopefully few prototypes,
|    which can conflict with char _strlwr (void); below.  */
| 
| #include <limits.h>
| #undef _strlwr
| 
| /* Override any GCC internal prototype to avoid an error.
|    Use char because int might match the return type of a GCC
|    builtin and then its argument prototype would still apply.  */
| #ifdef __cplusplus
| extern "C"
| #endif
| char _strlwr (void);
| /* The GNU C library defines this for functions which it implements
|     to always fail with ENOSYS.  Some functions are actually named
|     something starting with __ and the normal name is an alias.  */
| #if defined __stub__strlwr || defined __stub____strlwr
| choke me
| #endif
| 
| int
| main (void)
| {
| return _strlwr ();
|   ;
|   return 0;
| }
configure:19904: result: no
configure:19910: checking for index
configure:19910: gcc -o conftest.exe -g -O2 -Iinclude -I/cygdrive/c/Users/Kyjor/Documents/Projects/Julia/StaticCompilerGame.jl/SDLCalls/SDL2-2.30.11/include -idirafter /cygdrive/c/Users/Kyjor/Documents/Projects/Julia/StaticCompilerGame.jl/SDLCalls/SDL2-2.30.11/src/video/khronos  -I/usr/include/mingw  -Iinclude -I/cygdrive/c/Users/Kyjor/Documents/Projects/Julia/StaticCompilerGame.jl/SDLCalls/SDL2-2.30.11/include -idirafter /cygdrive/c/Users/Kyjor/Documents/Projects/Julia/StaticCompilerGame.jl/SDLCalls/SDL2-2.30.11/src/video/khronos  -I/usr/include/mingw  conftest.c  >&5
conftest.c:88:6: warning: conflicting types for built-in function 'index'; expected 'char *(const char *, int)' [-Wbuiltin-declaration-mismatch]
   88 | char index (void);
      |      ^~~~~
configure:19910: $? = 0
configure:19910: result: yes
configure:19916: checking for rindex
configure:19916: gcc -o conftest.exe -g -O2 -Iinclude -I/cygdrive/c/Users/Kyjor/Documents/Projects/Julia/StaticCompilerGame.jl/SDLCalls/SDL2-2.30.11/include -idirafter /cygdrive/c/Users/Kyjor/Documents/Projects/Julia/StaticCompilerGame.jl/SDLCalls/SDL2-2.30.11/src/video/khronos  -I/usr/include/mingw  -Iinclude -I/cygdrive/c/Users/Kyjor/Documents/Projects/Julia/StaticCompilerGame.jl/SDLCalls/SDL2-2.30.11/include -idirafter /cygdrive/c/Users/Kyjor/Documents/Projects/Julia/StaticCompilerGame.jl/SDLCalls/SDL2-2.30.11/src/video/khronos  -I/usr/include/mingw  conftest.c  >&5
conftest.c:89:6: warning: conflicting types for built-in function 'rindex'; expected 'char *(const char *, int)' [-Wbuiltin-declaration-mismatch]
   89 | char rindex (void);
      |      ^~~~~~
configure:19916: $? = 0
configure:19916: result: yes
configure:19922: checking for strchr
configure:19922: gcc -o conftest.exe -g -O2 -Iinclude -I/cygdrive/c/Users/Kyjor/Documents/Projects/Julia/StaticCompilerGame.jl/SDLCalls/SDL2-2.30.11/include -idirafter /cygdrive/c/Users/Kyjor/Documents/Projects/Julia/StaticCompilerGame.jl/SDLCalls/SDL2-2.30.11/src/video/khronos  -I/usr/include/mingw  -Iinclude -I/cygdrive/c/Users/Kyjor/Documents/Projects/Julia/StaticCompilerGame.jl/SDLCalls/SDL2-2.30.11/include -idirafter /cygdrive/c/Users/Kyjor/Documents/Projects/Julia/StaticCompilerGame.jl/SDLCalls/SDL2-2.30.11/src/video/khronos  -I/usr/include/mingw  conftest.c  >&5
conftest.c:90:6: warning: conflicting types for built-in function 'strchr'; expected 'char *(const char *, int)' [-Wbuiltin-declaration-mismatch]
   90 | char strchr (void);
      |      ^~~~~~
conftest.c:82:1: note: 'strchr' is declared in header '<string.h>'
   81 | #include <limits.h>
   82 | #undef strchr
configure:19922: $? = 0
configure:19922: result: yes
configure:19928: checking for strrchr
configure:19928: gcc -o conftest.exe -g -O2 -Iinclude -I/cygdrive/c/Users/Kyjor/Documents/Projects/Julia/StaticCompilerGame.jl/SDLCalls/SDL2-2.30.11/include -idirafter /cygdrive/c/Users/Kyjor/Documents/Projects/Julia/StaticCompilerGame.jl/SDLCalls/SDL2-2.30.11/src/video/khronos  -I/usr/include/mingw  -Iinclude -I/cygdrive/c/Users/Kyjor/Documents/Projects/Julia/StaticCompilerGame.jl/SDLCalls/SDL2-2.30.11/include -idirafter /cygdrive/c/Users/Kyjor/Documents/Projects/Julia/StaticCompilerGame.jl/SDLCalls/SDL2-2.30.11/src/video/khronos  -I/usr/include/mingw  conftest.c  >&5
conftest.c:91:6: warning: conflicting types for built-in function 'strrchr'; expected 'char *(const char *, int)' [-Wbuiltin-declaration-mismatch]
   91 | char strrchr (void);
      |      ^~~~~~~
conftest.c:83:1: note: 'strrchr' is declared in header '<string.h>'
   82 | #include <limits.h>
   83 | #undef strrchr
configure:19928: $? = 0
configure:19928: result: yes
configure:19934: checking for strstr
configure:19934: gcc -o conftest.exe -g -O2 -Iinclude -I/cygdrive/c/Users/Kyjor/Documents/Projects/Julia/StaticCompilerGame.jl/SDLCalls/SDL2-2.30.11/include -idirafter /cygdrive/c/Users/Kyjor/Documents/Projects/Julia/StaticCompilerGame.jl/SDLCalls/SDL2-2.30.11/src/video/khronos  -I/usr/include/mingw  -Iinclude -I/cygdrive/c/Users/Kyjor/Documents/Projects/Julia/StaticCompilerGame.jl/SDLCalls/SDL2-2.30.11/include -idirafter /cygdrive/c/Users/Kyjor/Documents/Projects/Julia/StaticCompilerGame.jl/SDLCalls/SDL2-2.30.11/src/video/khronos  -I/usr/include/mingw  conftest.c  >&5
conftest.c:92:6: warning: conflicting types for built-in function 'strstr'; expected 'char *(const char *, const char *)' [-Wbuiltin-declaration-mismatch]
   92 | char strstr (void);
      |      ^~~~~~
conftest.c:84:1: note: 'strstr' is declared in header '<string.h>'
   83 | #include <limits.h>
   84 | #undef strstr
configure:19934: $? = 0
configure:19934: result: yes
configure:19940: checking for strtok_r
configure:19940: gcc -o conftest.exe -g -O2 -Iinclude -I/cygdrive/c/Users/Kyjor/Documents/Projects/Julia/StaticCompilerGame.jl/SDLCalls/SDL2-2.30.11/include -idirafter /cygdrive/c/Users/Kyjor/Documents/Projects/Julia/StaticCompilerGame.jl/SDLCalls/SDL2-2.30.11/src/video/khronos  -I/usr/include/mingw  -Iinclude -I/cygdrive/c/Users/Kyjor/Documents/Projects/Julia/StaticCompilerGame.jl/SDLCalls/SDL2-2.30.11/include -idirafter /cygdrive/c/Users/Kyjor/Documents/Projects/Julia/StaticCompilerGame.jl/SDLCalls/SDL2-2.30.11/src/video/khronos  -I/usr/include/mingw  conftest.c  >&5
configure:19940: $? = 0
configure:19940: result: yes
configure:19946: checking for itoa
configure:19946: gcc -o conftest.exe -g -O2 -Iinclude -I/cygdrive/c/Users/Kyjor/Documents/Projects/Julia/StaticCompilerGame.jl/SDLCalls/SDL2-2.30.11/include -idirafter /cygdrive/c/Users/Kyjor/Documents/Projects/Julia/StaticCompilerGame.jl/SDLCalls/SDL2-2.30.11/src/video/khronos  -I/usr/include/mingw  -Iinclude -I/cygdrive/c/Users/Kyjor/Documents/Projects/Julia/StaticCompilerGame.jl/SDLCalls/SDL2-2.30.11/include -idirafter /cygdrive/c/Users/Kyjor/Documents/Projects/Julia/StaticCompilerGame.jl/SDLCalls/SDL2-2.30.11/src/video/khronos  -I/usr/include/mingw  conftest.c  >&5
/usr/lib/gcc/x86_64-pc-cygwin/12/../../../../x86_64-pc-cygwin/bin/ld: /cygdrive/c/Users/Kyjor/AppData/Local/Temp/ccejic0S.o: in function `main':
/cygdrive/c/Users/Kyjor/Documents/Projects/Julia/StaticCompilerGame.jl/SDLCalls/SDL2-2.30.11/conftest.c:105:(.text.startup+0xa): undefined reference to `itoa'
collect2: error: ld returned 1 exit status
configure:19946: $? = 1
configure: failed program was:
| /* confdefs.h */
| #define PACKAGE_NAME ""
| #define PACKAGE_TARNAME ""
| #define PACKAGE_VERSION ""
| #define PACKAGE_STRING ""
| #define PACKAGE_BUGREPORT ""
| #define PACKAGE_URL ""
| #define HAVE_STDIO_H 1
| #define HAVE_STDLIB_H 1
| #define HAVE_STRING_H 1
| #define HAVE_INTTYPES_H 1
| #define HAVE_STDINT_H 1
| #define HAVE_STRINGS_H 1
| #define HAVE_SYS_STAT_H 1
| #define HAVE_SYS_TYPES_H 1
| #define HAVE_UNISTD_H 1
| #define STDC_HEADERS 1
| #define HAVE_DLFCN_H 1
| #define LT_OBJDIR ".libs/"
| #define HAVE_LIBC 1
| #define HAVE_SYS_TYPES_H 1
| #define HAVE_STDIO_H 1
| #define HAVE_STDLIB_H 1
| #define HAVE_STDDEF_H 1
| #define HAVE_STDARG_H 1
| #define HAVE_MALLOC_H 1
| #define HAVE_MEMORY_H 1
| #define HAVE_STRING_H 1
| #define HAVE_STRINGS_H 1
| #define HAVE_WCHAR_H 1
| #define HAVE_INTTYPES_H 1
| #define HAVE_STDINT_H 1
| #define HAVE_LIMITS_H 1
| #define HAVE_CTYPE_H 1
| #define HAVE_MATH_H 1
| #define HAVE_FLOAT_H 1
| #define HAVE_ICONV_H 1
| #define HAVE_SIGNAL_H 1
| #define HAVE_M_PI /**/
| #define HAVE_ALLOCA_H 1
| #define HAVE_ALLOCA 1
| #define HAVE_MPROTECT 1
| #define HAVE_MALLOC 1
| #define HAVE_CALLOC 1
| #define HAVE_REALLOC 1
| #define HAVE_FREE 1
| #define HAVE_GETENV 1
| #define HAVE_SETENV 1
| #define HAVE_PUTENV 1
| #define HAVE_UNSETENV 1
| #define HAVE_BSEARCH 1
| #define HAVE_QSORT 1
| #define HAVE_ABS 1
| #define HAVE_BCOPY 1
| #define HAVE_MEMSET 1
| #define HAVE_MEMCMP 1
| #define HAVE_MEMCPY 1
| #define HAVE_MEMMOVE 1
| #define HAVE_WCSLEN 1
| #define HAVE_WCSLCPY 1
| #define HAVE_WCSLCAT 1
| #define HAVE_WCSDUP 1
| #define HAVE_WCSSTR 1
| #define HAVE_WCSCMP 1
| #define HAVE_WCSNCMP 1
| #define HAVE_WCSCASECMP 1
| #define HAVE_WCSNCASECMP 1
| #define HAVE_STRLEN 1
| #define HAVE_STRLCPY 1
| #define HAVE_STRLCAT 1
| #define HAVE_INDEX 1
| #define HAVE_RINDEX 1
| #define HAVE_STRCHR 1
| #define HAVE_STRRCHR 1
| #define HAVE_STRSTR 1
| #define HAVE_STRTOK_R 1
| /* end confdefs.h.  */
| /* Define itoa to an innocuous variant, in case <limits.h> declares itoa.
|    For example, HP-UX 11i <limits.h> declares gettimeofday.  */
| #define itoa innocuous_itoa
| 
| /* System header to define __stub macros and hopefully few prototypes,
|    which can conflict with char itoa (void); below.  */
| 
| #include <limits.h>
| #undef itoa
| 
| /* Override any GCC internal prototype to avoid an error.
|    Use char because int might match the return type of a GCC
|    builtin and then its argument prototype would still apply.  */
| #ifdef __cplusplus
| extern "C"
| #endif
| char itoa (void);
| /* The GNU C library defines this for functions which it implements
|     to always fail with ENOSYS.  Some functions are actually named
|     something starting with __ and the normal name is an alias.  */
| #if defined __stub_itoa || defined __stub___itoa
| choke me
| #endif
| 
| int
| main (void)
| {
| return itoa ();
|   ;
|   return 0;
| }
configure:19946: result: no
configure:19952: checking for _ltoa
configure:19952: gcc -o conftest.exe -g -O2 -Iinclude -I/cygdrive/c/Users/Kyjor/Documents/Projects/Julia/StaticCompilerGame.jl/SDLCalls/SDL2-2.30.11/include -idirafter /cygdrive/c/Users/Kyjor/Documents/Projects/Julia/StaticCompilerGame.jl/SDLCalls/SDL2-2.30.11/src/video/khronos  -I/usr/include/mingw  -Iinclude -I/cygdrive/c/Users/Kyjor/Documents/Projects/Julia/StaticCompilerGame.jl/SDLCalls/SDL2-2.30.11/include -idirafter /cygdrive/c/Users/Kyjor/Documents/Projects/Julia/StaticCompilerGame.jl/SDLCalls/SDL2-2.30.11/src/video/khronos  -I/usr/include/mingw  conftest.c  >&5
/usr/lib/gcc/x86_64-pc-cygwin/12/../../../../x86_64-pc-cygwin/bin/ld: /cygdrive/c/Users/Kyjor/AppData/Local/Temp/ccWXRl00.o: in function `main':
/cygdrive/c/Users/Kyjor/Documents/Projects/Julia/StaticCompilerGame.jl/SDLCalls/SDL2-2.30.11/conftest.c:105:(.text.startup+0xa): undefined reference to `_ltoa'
collect2: error: ld returned 1 exit status
configure:19952: $? = 1
configure: failed program was:
| /* confdefs.h */
| #define PACKAGE_NAME ""
| #define PACKAGE_TARNAME ""
| #define PACKAGE_VERSION ""
| #define PACKAGE_STRING ""
| #define PACKAGE_BUGREPORT ""
| #define PACKAGE_URL ""
| #define HAVE_STDIO_H 1
| #define HAVE_STDLIB_H 1
| #define HAVE_STRING_H 1
| #define HAVE_INTTYPES_H 1
| #define HAVE_STDINT_H 1
| #define HAVE_STRINGS_H 1
| #define HAVE_SYS_STAT_H 1
| #define HAVE_SYS_TYPES_H 1
| #define HAVE_UNISTD_H 1
| #define STDC_HEADERS 1
| #define HAVE_DLFCN_H 1
| #define LT_OBJDIR ".libs/"
| #define HAVE_LIBC 1
| #define HAVE_SYS_TYPES_H 1
| #define HAVE_STDIO_H 1
| #define HAVE_STDLIB_H 1
| #define HAVE_STDDEF_H 1
| #define HAVE_STDARG_H 1
| #define HAVE_MALLOC_H 1
| #define HAVE_MEMORY_H 1
| #define HAVE_STRING_H 1
| #define HAVE_STRINGS_H 1
| #define HAVE_WCHAR_H 1
| #define HAVE_INTTYPES_H 1
| #define HAVE_STDINT_H 1
| #define HAVE_LIMITS_H 1
| #define HAVE_CTYPE_H 1
| #define HAVE_MATH_H 1
| #define HAVE_FLOAT_H 1
| #define HAVE_ICONV_H 1
| #define HAVE_SIGNAL_H 1
| #define HAVE_M_PI /**/
| #define HAVE_ALLOCA_H 1
| #define HAVE_ALLOCA 1
| #define HAVE_MPROTECT 1
| #define HAVE_MALLOC 1
| #define HAVE_CALLOC 1
| #define HAVE_REALLOC 1
| #define HAVE_FREE 1
| #define HAVE_GETENV 1
| #define HAVE_SETENV 1
| #define HAVE_PUTENV 1
| #define HAVE_UNSETENV 1
| #define HAVE_BSEARCH 1
| #define HAVE_QSORT 1
| #define HAVE_ABS 1
| #define HAVE_BCOPY 1
| #define HAVE_MEMSET 1
| #define HAVE_MEMCMP 1
| #define HAVE_MEMCPY 1
| #define HAVE_MEMMOVE 1
| #define HAVE_WCSLEN 1
| #define HAVE_WCSLCPY 1
| #define HAVE_WCSLCAT 1
| #define HAVE_WCSDUP 1
| #define HAVE_WCSSTR 1
| #define HAVE_WCSCMP 1
| #define HAVE_WCSNCMP 1
| #define HAVE_WCSCASECMP 1
| #define HAVE_WCSNCASECMP 1
| #define HAVE_STRLEN 1
| #define HAVE_STRLCPY 1
| #define HAVE_STRLCAT 1
| #define HAVE_INDEX 1
| #define HAVE_RINDEX 1
| #define HAVE_STRCHR 1
| #define HAVE_STRRCHR 1
| #define HAVE_STRSTR 1
| #define HAVE_STRTOK_R 1
| /* end confdefs.h.  */
| /* Define _ltoa to an innocuous variant, in case <limits.h> declares _ltoa.
|    For example, HP-UX 11i <limits.h> declares gettimeofday.  */
| #define _ltoa innocuous__ltoa
| 
| /* System header to define __stub macros and hopefully few prototypes,
|    which can conflict with char _ltoa (void); below.  */
| 
| #include <limits.h>
| #undef _ltoa
| 
| /* Override any GCC internal prototype to avoid an error.
|    Use char because int might match the return type of a GCC
|    builtin and then its argument prototype would still apply.  */
| #ifdef __cplusplus
| extern "C"
| #endif
| char _ltoa (void);
| /* The GNU C library defines this for functions which it implements
|     to always fail with ENOSYS.  Some functions are actually named
|     something starting with __ and the normal name is an alias.  */
| #if defined __stub__ltoa || defined __stub____ltoa
| choke me
| #endif
| 
| int
| main (void)
| {
| return _ltoa ();
|   ;
|   return 0;
| }
configure:19952: result: no
configure:19958: checking for _uitoa
configure:19958: gcc -o conftest.exe -g -O2 -Iinclude -I/cygdrive/c/Users/Kyjor/Documents/Projects/Julia/StaticCompilerGame.jl/SDLCalls/SDL2-2.30.11/include -idirafter /cygdrive/c/Users/Kyjor/Documents/Projects/Julia/StaticCompilerGame.jl/SDLCalls/SDL2-2.30.11/src/video/khronos  -I/usr/include/mingw  -Iinclude -I/cygdrive/c/Users/Kyjor/Documents/Projects/Julia/StaticCompilerGame.jl/SDLCalls/SDL2-2.30.11/include -idirafter /cygdrive/c/Users/Kyjor/Documents/Projects/Julia/StaticCompilerGame.jl/SDLCalls/SDL2-2.30.11/src/video/khronos  -I/usr/include/mingw  conftest.c  >&5
/usr/lib/gcc/x86_64-pc-cygwin/12/../../../../x86_64-pc-cygwin/bin/ld: /cygdrive/c/Users/Kyjor/AppData/Local/Temp/ccUY1QiA.o: in function `main':
/cygdrive/c/Users/Kyjor/Documents/Projects/Julia/StaticCompilerGame.jl/SDLCalls/SDL2-2.30.11/conftest.c:105:(.text.startup+0xa): undefined reference to `_uitoa'
collect2: error: ld returned 1 exit status
configure:19958: $? = 1
configure: failed program was:
| /* confdefs.h */
| #define PACKAGE_NAME ""
| #define PACKAGE_TARNAME ""
| #define PACKAGE_VERSION ""
| #define PACKAGE_STRING ""
| #define PACKAGE_BUGREPORT ""
| #define PACKAGE_URL ""
| #define HAVE_STDIO_H 1
| #define HAVE_STDLIB_H 1
| #define HAVE_STRING_H 1
| #define HAVE_INTTYPES_H 1
| #define HAVE_STDINT_H 1
| #define HAVE_STRINGS_H 1
| #define HAVE_SYS_STAT_H 1
| #define HAVE_SYS_TYPES_H 1
| #define HAVE_UNISTD_H 1
| #define STDC_HEADERS 1
| #define HAVE_DLFCN_H 1
| #define LT_OBJDIR ".libs/"
| #define HAVE_LIBC 1
| #define HAVE_SYS_TYPES_H 1
| #define HAVE_STDIO_H 1
| #define HAVE_STDLIB_H 1
| #define HAVE_STDDEF_H 1
| #define HAVE_STDARG_H 1
| #define HAVE_MALLOC_H 1
| #define HAVE_MEMORY_H 1
| #define HAVE_STRING_H 1
| #define HAVE_STRINGS_H 1
| #define HAVE_WCHAR_H 1
| #define HAVE_INTTYPES_H 1
| #define HAVE_STDINT_H 1
| #define HAVE_LIMITS_H 1
| #define HAVE_CTYPE_H 1
| #define HAVE_MATH_H 1
| #define HAVE_FLOAT_H 1
| #define HAVE_ICONV_H 1
| #define HAVE_SIGNAL_H 1
| #define HAVE_M_PI /**/
| #define HAVE_ALLOCA_H 1
| #define HAVE_ALLOCA 1
| #define HAVE_MPROTECT 1
| #define HAVE_MALLOC 1
| #define HAVE_CALLOC 1
| #define HAVE_REALLOC 1
| #define HAVE_FREE 1
| #define HAVE_GETENV 1
| #define HAVE_SETENV 1
| #define HAVE_PUTENV 1
| #define HAVE_UNSETENV 1
| #define HAVE_BSEARCH 1
| #define HAVE_QSORT 1
| #define HAVE_ABS 1
| #define HAVE_BCOPY 1
| #define HAVE_MEMSET 1
| #define HAVE_MEMCMP 1
| #define HAVE_MEMCPY 1
| #define HAVE_MEMMOVE 1
| #define HAVE_WCSLEN 1
| #define HAVE_WCSLCPY 1
| #define HAVE_WCSLCAT 1
| #define HAVE_WCSDUP 1
| #define HAVE_WCSSTR 1
| #define HAVE_WCSCMP 1
| #define HAVE_WCSNCMP 1
| #define HAVE_WCSCASECMP 1
| #define HAVE_WCSNCASECMP 1
| #define HAVE_STRLEN 1
| #define HAVE_STRLCPY 1
| #define HAVE_STRLCAT 1
| #define HAVE_INDEX 1
| #define HAVE_RINDEX 1
| #define HAVE_STRCHR 1
| #define HAVE_STRRCHR 1
| #define HAVE_STRSTR 1
| #define HAVE_STRTOK_R 1
| /* end confdefs.h.  */
| /* Define _uitoa to an innocuous variant, in case <limits.h> declares _uitoa.
|    For example, HP-UX 11i <limits.h> declares gettimeofday.  */
| #define _uitoa innocuous__uitoa
| 
| /* System header to define __stub macros and hopefully few prototypes,
|    which can conflict with char _uitoa (void); below.  */
| 
| #include <limits.h>
| #undef _uitoa
| 
| /* Override any GCC internal prototype to avoid an error.
|    Use char because int might match the return type of a GCC
|    builtin and then its argument prototype would still apply.  */
| #ifdef __cplusplus
| extern "C"
| #endif
| char _uitoa (void);
| /* The GNU C library defines this for functions which it implements
|     to always fail with ENOSYS.  Some functions are actually named
|     something starting with __ and the normal name is an alias.  */
| #if defined __stub__uitoa || defined __stub____uitoa
| choke me
| #endif
| 
| int
| main (void)
| {
| return _uitoa ();
|   ;
|   return 0;
| }
configure:19958: result: no
configure:19964: checking for _ultoa
configure:19964: gcc -o conftest.exe -g -O2 -Iinclude -I/cygdrive/c/Users/Kyjor/Documents/Projects/Julia/StaticCompilerGame.jl/SDLCalls/SDL2-2.30.11/include -idirafter /cygdrive/c/Users/Kyjor/Documents/Projects/Julia/StaticCompilerGame.jl/SDLCalls/SDL2-2.30.11/src/video/khronos  -I/usr/include/mingw  -Iinclude -I/cygdrive/c/Users/Kyjor/Documents/Projects/Julia/StaticCompilerGame.jl/SDLCalls/SDL2-2.30.11/include -idirafter /cygdrive/c/Users/Kyjor/Documents/Projects/Julia/StaticCompilerGame.jl/SDLCalls/SDL2-2.30.11/src/video/khronos  -I/usr/include/mingw  conftest.c  >&5
/usr/lib/gcc/x86_64-pc-cygwin/12/../../../../x86_64-pc-cygwin/bin/ld: /cygdrive/c/Users/Kyjor/AppData/Local/Temp/ccP88ZXH.o: in function `main':
/cygdrive/c/Users/Kyjor/Documents/Projects/Julia/StaticCompilerGame.jl/SDLCalls/SDL2-2.30.11/conftest.c:105:(.text.startup+0xa): undefined reference to `_ultoa'
collect2: error: ld returned 1 exit status
configure:19964: $? = 1
configure: failed program was:
| /* confdefs.h */
| #define PACKAGE_NAME ""
| #define PACKAGE_TARNAME ""
| #define PACKAGE_VERSION ""
| #define PACKAGE_STRING ""
| #define PACKAGE_BUGREPORT ""
| #define PACKAGE_URL ""
| #define HAVE_STDIO_H 1
| #define HAVE_STDLIB_H 1
| #define HAVE_STRING_H 1
| #define HAVE_INTTYPES_H 1
| #define HAVE_STDINT_H 1
| #define HAVE_STRINGS_H 1
| #define HAVE_SYS_STAT_H 1
| #define HAVE_SYS_TYPES_H 1
| #define HAVE_UNISTD_H 1
| #define STDC_HEADERS 1
| #define HAVE_DLFCN_H 1
| #define LT_OBJDIR ".libs/"
| #define HAVE_LIBC 1
| #define HAVE_SYS_TYPES_H 1
| #define HAVE_STDIO_H 1
| #define HAVE_STDLIB_H 1
| #define HAVE_STDDEF_H 1
| #define HAVE_STDARG_H 1
| #define HAVE_MALLOC_H 1
| #define HAVE_MEMORY_H 1
| #define HAVE_STRING_H 1
| #define HAVE_STRINGS_H 1
| #define HAVE_WCHAR_H 1
| #define HAVE_INTTYPES_H 1
| #define HAVE_STDINT_H 1
| #define HAVE_LIMITS_H 1
| #define HAVE_CTYPE_H 1
| #define HAVE_MATH_H 1
| #define HAVE_FLOAT_H 1
| #define HAVE_ICONV_H 1
| #define HAVE_SIGNAL_H 1
| #define HAVE_M_PI /**/
| #define HAVE_ALLOCA_H 1
| #define HAVE_ALLOCA 1
| #define HAVE_MPROTECT 1
| #define HAVE_MALLOC 1
| #define HAVE_CALLOC 1
| #define HAVE_REALLOC 1
| #define HAVE_FREE 1
| #define HAVE_GETENV 1
| #define HAVE_SETENV 1
| #define HAVE_PUTENV 1
| #define HAVE_UNSETENV 1
| #define HAVE_BSEARCH 1
| #define HAVE_QSORT 1
| #define HAVE_ABS 1
| #define HAVE_BCOPY 1
| #define HAVE_MEMSET 1
| #define HAVE_MEMCMP 1
| #define HAVE_MEMCPY 1
| #define HAVE_MEMMOVE 1
| #define HAVE_WCSLEN 1
| #define HAVE_WCSLCPY 1
| #define HAVE_WCSLCAT 1
| #define HAVE_WCSDUP 1
| #define HAVE_WCSSTR 1
| #define HAVE_WCSCMP 1
| #define HAVE_WCSNCMP 1
| #define HAVE_WCSCASECMP 1
| #define HAVE_WCSNCASECMP 1
| #define HAVE_STRLEN 1
| #define HAVE_STRLCPY 1
| #define HAVE_STRLCAT 1
| #define HAVE_INDEX 1
| #define HAVE_RINDEX 1
| #define HAVE_STRCHR 1
| #define HAVE_STRRCHR 1
| #define HAVE_STRSTR 1
| #define HAVE_STRTOK_R 1
| /* end confdefs.h.  */
| /* Define _ultoa to an innocuous variant, in case <limits.h> declares _ultoa.
|    For example, HP-UX 11i <limits.h> declares gettimeofday.  */
| #define _ultoa innocuous__ultoa
| 
| /* System header to define __stub macros and hopefully few prototypes,
|    which can conflict with char _ultoa (void); below.  */
| 
| #include <limits.h>
| #undef _ultoa
| 
| /* Override any GCC internal prototype to avoid an error.
|    Use char because int might match the return type of a GCC
|    builtin and then its argument prototype would still apply.  */
| #ifdef __cplusplus
| extern "C"
| #endif
| char _ultoa (void);
| /* The GNU C library defines this for functions which it implements
|     to always fail with ENOSYS.  Some functions are actually named
|     something starting with __ and the normal name is an alias.  */
| #if defined __stub__ultoa || defined __stub____ultoa
| choke me
| #endif
| 
| int
| main (void)
| {
| return _ultoa ();
|   ;
|   return 0;
| }
configure:19964: result: no
configure:19970: checking for strtod
configure:19970: gcc -o conftest.exe -g -O2 -Iinclude -I/cygdrive/c/Users/Kyjor/Documents/Projects/Julia/StaticCompilerGame.jl/SDLCalls/SDL2-2.30.11/include -idirafter /cygdrive/c/Users/Kyjor/Documents/Projects/Julia/StaticCompilerGame.jl/SDLCalls/SDL2-2.30.11/src/video/khronos  -I/usr/include/mingw  -Iinclude -I/cygdrive/c/Users/Kyjor/Documents/Projects/Julia/StaticCompilerGame.jl/SDLCalls/SDL2-2.30.11/include -idirafter /cygdrive/c/Users/Kyjor/Documents/Projects/Julia/StaticCompilerGame.jl/SDLCalls/SDL2-2.30.11/src/video/khronos  -I/usr/include/mingw  conftest.c  >&5
configure:19970: $? = 0
configure:19970: result: yes
configure:19976: checking for strtol
configure:19976: gcc -o conftest.exe -g -O2 -Iinclude -I/cygdrive/c/Users/Kyjor/Documents/Projects/Julia/StaticCompilerGame.jl/SDLCalls/SDL2-2.30.11/include -idirafter /cygdrive/c/Users/Kyjor/Documents/Projects/Julia/StaticCompilerGame.jl/SDLCalls/SDL2-2.30.11/src/video/khronos  -I/usr/include/mingw  -Iinclude -I/cygdrive/c/Users/Kyjor/Documents/Projects/Julia/StaticCompilerGame.jl/SDLCalls/SDL2-2.30.11/include -idirafter /cygdrive/c/Users/Kyjor/Documents/Projects/Julia/StaticCompilerGame.jl/SDLCalls/SDL2-2.30.11/src/video/khronos  -I/usr/include/mingw  conftest.c  >&5
configure:19976: $? = 0
configure:19976: result: yes
configure:19982: checking for strtoul
configure:19982: gcc -o conftest.exe -g -O2 -Iinclude -I/cygdrive/c/Users/Kyjor/Documents/Projects/Julia/StaticCompilerGame.jl/SDLCalls/SDL2-2.30.11/include -idirafter /cygdrive/c/Users/Kyjor/Documents/Projects/Julia/StaticCompilerGame.jl/SDLCalls/SDL2-2.30.11/src/video/khronos  -I/usr/include/mingw  -Iinclude -I/cygdrive/c/Users/Kyjor/Documents/Projects/Julia/StaticCompilerGame.jl/SDLCalls/SDL2-2.30.11/include -idirafter /cygdrive/c/Users/Kyjor/Documents/Projects/Julia/StaticCompilerGame.jl/SDLCalls/SDL2-2.30.11/src/video/khronos  -I/usr/include/mingw  conftest.c  >&5
configure:19982: $? = 0
configure:19982: result: yes
configure:19988: checking for _i64toa
configure:19988: gcc -o conftest.exe -g -O2 -Iinclude -I/cygdrive/c/Users/Kyjor/Documents/Projects/Julia/StaticCompilerGame.jl/SDLCalls/SDL2-2.30.11/include -idirafter /cygdrive/c/Users/Kyjor/Documents/Projects/Julia/StaticCompilerGame.jl/SDLCalls/SDL2-2.30.11/src/video/khronos  -I/usr/include/mingw  -Iinclude -I/cygdrive/c/Users/Kyjor/Documents/Projects/Julia/StaticCompilerGame.jl/SDLCalls/SDL2-2.30.11/include -idirafter /cygdrive/c/Users/Kyjor/Documents/Projects/Julia/StaticCompilerGame.jl/SDLCalls/SDL2-2.30.11/src/video/khronos  -I/usr/include/mingw  conftest.c  >&5
/usr/lib/gcc/x86_64-pc-cygwin/12/../../../../x86_64-pc-cygwin/bin/ld: /cygdrive/c/Users/Kyjor/AppData/Local/Temp/ccRTUOHb.o: in function `main':
/cygdrive/c/Users/Kyjor/Documents/Projects/Julia/StaticCompilerGame.jl/SDLCalls/SDL2-2.30.11/conftest.c:108:(.text.startup+0xa): undefined reference to `_i64toa'
collect2: error: ld returned 1 exit status
configure:19988: $? = 1
configure: failed program was:
| /* confdefs.h */
| #define PACKAGE_NAME ""
| #define PACKAGE_TARNAME ""
| #define PACKAGE_VERSION ""
| #define PACKAGE_STRING ""
| #define PACKAGE_BUGREPORT ""
| #define PACKAGE_URL ""
| #define HAVE_STDIO_H 1
| #define HAVE_STDLIB_H 1
| #define HAVE_STRING_H 1
| #define HAVE_INTTYPES_H 1
| #define HAVE_STDINT_H 1
| #define HAVE_STRINGS_H 1
| #define HAVE_SYS_STAT_H 1
| #define HAVE_SYS_TYPES_H 1
| #define HAVE_UNISTD_H 1
| #define STDC_HEADERS 1
| #define HAVE_DLFCN_H 1
| #define LT_OBJDIR ".libs/"
| #define HAVE_LIBC 1
| #define HAVE_SYS_TYPES_H 1
| #define HAVE_STDIO_H 1
| #define HAVE_STDLIB_H 1
| #define HAVE_STDDEF_H 1
| #define HAVE_STDARG_H 1
| #define HAVE_MALLOC_H 1
| #define HAVE_MEMORY_H 1
| #define HAVE_STRING_H 1
| #define HAVE_STRINGS_H 1
| #define HAVE_WCHAR_H 1
| #define HAVE_INTTYPES_H 1
| #define HAVE_STDINT_H 1
| #define HAVE_LIMITS_H 1
| #define HAVE_CTYPE_H 1
| #define HAVE_MATH_H 1
| #define HAVE_FLOAT_H 1
| #define HAVE_ICONV_H 1
| #define HAVE_SIGNAL_H 1
| #define HAVE_M_PI /**/
| #define HAVE_ALLOCA_H 1
| #define HAVE_ALLOCA 1
| #define HAVE_MPROTECT 1
| #define HAVE_MALLOC 1
| #define HAVE_CALLOC 1
| #define HAVE_REALLOC 1
| #define HAVE_FREE 1
| #define HAVE_GETENV 1
| #define HAVE_SETENV 1
| #define HAVE_PUTENV 1
| #define HAVE_UNSETENV 1
| #define HAVE_BSEARCH 1
| #define HAVE_QSORT 1
| #define HAVE_ABS 1
| #define HAVE_BCOPY 1
| #define HAVE_MEMSET 1
| #define HAVE_MEMCMP 1
| #define HAVE_MEMCPY 1
| #define HAVE_MEMMOVE 1
| #define HAVE_WCSLEN 1
| #define HAVE_WCSLCPY 1
| #define HAVE_WCSLCAT 1
| #define HAVE_WCSDUP 1
| #define HAVE_WCSSTR 1
| #define HAVE_WCSCMP 1
| #define HAVE_WCSNCMP 1
| #define HAVE_WCSCASECMP 1
| #define HAVE_WCSNCASECMP 1
| #define HAVE_STRLEN 1
| #define HAVE_STRLCPY 1
| #define HAVE_STRLCAT 1
| #define HAVE_INDEX 1
| #define HAVE_RINDEX 1
| #define HAVE_STRCHR 1
| #define HAVE_STRRCHR 1
| #define HAVE_STRSTR 1
| #define HAVE_STRTOK_R 1
| #define HAVE_STRTOD 1
| #define HAVE_STRTOL 1
| #define HAVE_STRTOUL 1
| /* end confdefs.h.  */
| /* Define _i64toa to an innocuous variant, in case <limits.h> declares _i64toa.
|    For example, HP-UX 11i <limits.h> declares gettimeofday.  */
| #define _i64toa innocuous__i64toa
| 
| /* System header to define __stub macros and hopefully few prototypes,
|    which can conflict with char _i64toa (void); below.  */
| 
| #include <limits.h>
| #undef _i64toa
| 
| /* Override any GCC internal prototype to avoid an error.
|    Use char because int might match the return type of a GCC
|    builtin and then its argument prototype would still apply.  */
| #ifdef __cplusplus
| extern "C"
| #endif
| char _i64toa (void);
| /* The GNU C library defines this for functions which it implements
|     to always fail with ENOSYS.  Some functions are actually named
|     something starting with __ and the normal name is an alias.  */
| #if defined __stub__i64toa || defined __stub____i64toa
| choke me
| #endif
| 
| int
| main (void)
| {
| return _i64toa ();
|   ;
|   return 0;
| }
configure:19988: result: no
configure:19994: checking for _ui64toa
configure:19994: gcc -o conftest.exe -g -O2 -Iinclude -I/cygdrive/c/Users/Kyjor/Documents/Projects/Julia/StaticCompilerGame.jl/SDLCalls/SDL2-2.30.11/include -idirafter /cygdrive/c/Users/Kyjor/Documents/Projects/Julia/StaticCompilerGame.jl/SDLCalls/SDL2-2.30.11/src/video/khronos  -I/usr/include/mingw  -Iinclude -I/cygdrive/c/Users/Kyjor/Documents/Projects/Julia/StaticCompilerGame.jl/SDLCalls/SDL2-2.30.11/include -idirafter /cygdrive/c/Users/Kyjor/Documents/Projects/Julia/StaticCompilerGame.jl/SDLCalls/SDL2-2.30.11/src/video/khronos  -I/usr/include/mingw  conftest.c  >&5
/usr/lib/gcc/x86_64-pc-cygwin/12/../../../../x86_64-pc-cygwin/bin/ld: /cygdrive/c/Users/Kyjor/AppData/Local/Temp/cctTmnzu.o: in function `main':
/cygdrive/c/Users/Kyjor/Documents/Projects/Julia/StaticCompilerGame.jl/SDLCalls/SDL2-2.30.11/conftest.c:108:(.text.startup+0xa): undefined reference to `_ui64toa'
collect2: error: ld returned 1 exit status
configure:19994: $? = 1
configure: failed program was:
| /* confdefs.h */
| #define PACKAGE_NAME ""
| #define PACKAGE_TARNAME ""
| #define PACKAGE_VERSION ""
| #define PACKAGE_STRING ""
| #define PACKAGE_BUGREPORT ""
| #define PACKAGE_URL ""
| #define HAVE_STDIO_H 1
| #define HAVE_STDLIB_H 1
| #define HAVE_STRING_H 1
| #define HAVE_INTTYPES_H 1
| #define HAVE_STDINT_H 1
| #define HAVE_STRINGS_H 1
| #define HAVE_SYS_STAT_H 1
| #define HAVE_SYS_TYPES_H 1
| #define HAVE_UNISTD_H 1
| #define STDC_HEADERS 1
| #define HAVE_DLFCN_H 1
| #define LT_OBJDIR ".libs/"
| #define HAVE_LIBC 1
| #define HAVE_SYS_TYPES_H 1
| #define HAVE_STDIO_H 1
| #define HAVE_STDLIB_H 1
| #define HAVE_STDDEF_H 1
| #define HAVE_STDARG_H 1
| #define HAVE_MALLOC_H 1
| #define HAVE_MEMORY_H 1
| #define HAVE_STRING_H 1
| #define HAVE_STRINGS_H 1
| #define HAVE_WCHAR_H 1
| #define HAVE_INTTYPES_H 1
| #define HAVE_STDINT_H 1
| #define HAVE_LIMITS_H 1
| #define HAVE_CTYPE_H 1
| #define HAVE_MATH_H 1
| #define HAVE_FLOAT_H 1
| #define HAVE_ICONV_H 1
| #define HAVE_SIGNAL_H 1
| #define HAVE_M_PI /**/
| #define HAVE_ALLOCA_H 1
| #define HAVE_ALLOCA 1
| #define HAVE_MPROTECT 1
| #define HAVE_MALLOC 1
| #define HAVE_CALLOC 1
| #define HAVE_REALLOC 1
| #define HAVE_FREE 1
| #define HAVE_GETENV 1
| #define HAVE_SETENV 1
| #define HAVE_PUTENV 1
| #define HAVE_UNSETENV 1
| #define HAVE_BSEARCH 1
| #define HAVE_QSORT 1
| #define HAVE_ABS 1
| #define HAVE_BCOPY 1
| #define HAVE_MEMSET 1
| #define HAVE_MEMCMP 1
| #define HAVE_MEMCPY 1
| #define HAVE_MEMMOVE 1
| #define HAVE_WCSLEN 1
| #define HAVE_WCSLCPY 1
| #define HAVE_WCSLCAT 1
| #define HAVE_WCSDUP 1
| #define HAVE_WCSSTR 1
| #define HAVE_WCSCMP 1
| #define HAVE_WCSNCMP 1
| #define HAVE_WCSCASECMP 1
| #define HAVE_WCSNCASECMP 1
| #define HAVE_STRLEN 1
| #define HAVE_STRLCPY 1
| #define HAVE_STRLCAT 1
| #define HAVE_INDEX 1
| #define HAVE_RINDEX 1
| #define HAVE_STRCHR 1
| #define HAVE_STRRCHR 1
| #define HAVE_STRSTR 1
| #define HAVE_STRTOK_R 1
| #define HAVE_STRTOD 1
| #define HAVE_STRTOL 1
| #define HAVE_STRTOUL 1
| /* end confdefs.h.  */
| /* Define _ui64toa to an innocuous variant, in case <limits.h> declares _ui64toa.
|    For example, HP-UX 11i <limits.h> declares gettimeofday.  */
| #define _ui64toa innocuous__ui64toa
| 
| /* System header to define __stub macros and hopefully few prototypes,
|    which can conflict with char _ui64toa (void); below.  */
| 
| #include <limits.h>
| #undef _ui64toa
| 
| /* Override any GCC internal prototype to avoid an error.
|    Use char because int might match the return type of a GCC
|    builtin and then its argument prototype would still apply.  */
| #ifdef __cplusplus
| extern "C"
| #endif
| char _ui64toa (void);
| /* The GNU C library defines this for functions which it implements
|     to always fail with ENOSYS.  Some functions are actually named
|     something starting with __ and the normal name is an alias.  */
| #if defined __stub__ui64toa || defined __stub____ui64toa
| choke me
| #endif
| 
| int
| main (void)
| {
| return _ui64toa ();
|   ;
|   return 0;
| }
configure:19994: result: no
configure:20000: checking for strtoll
configure:20000: gcc -o conftest.exe -g -O2 -Iinclude -I/cygdrive/c/Users/Kyjor/Documents/Projects/Julia/StaticCompilerGame.jl/SDLCalls/SDL2-2.30.11/include -idirafter /cygdrive/c/Users/Kyjor/Documents/Projects/Julia/StaticCompilerGame.jl/SDLCalls/SDL2-2.30.11/src/video/khronos  -I/usr/include/mingw  -Iinclude -I/cygdrive/c/Users/Kyjor/Documents/Projects/Julia/StaticCompilerGame.jl/SDLCalls/SDL2-2.30.11/include -idirafter /cygdrive/c/Users/Kyjor/Documents/Projects/Julia/StaticCompilerGame.jl/SDLCalls/SDL2-2.30.11/src/video/khronos  -I/usr/include/mingw  conftest.c  >&5
configure:20000: $? = 0
configure:20000: result: yes
configure:20006: checking for strtoull
configure:20006: gcc -o conftest.exe -g -O2 -Iinclude -I/cygdrive/c/Users/Kyjor/Documents/Projects/Julia/StaticCompilerGame.jl/SDLCalls/SDL2-2.30.11/include -idirafter /cygdrive/c/Users/Kyjor/Documents/Projects/Julia/StaticCompilerGame.jl/SDLCalls/SDL2-2.30.11/src/video/khronos  -I/usr/include/mingw  -Iinclude -I/cygdrive/c/Users/Kyjor/Documents/Projects/Julia/StaticCompilerGame.jl/SDLCalls/SDL2-2.30.11/include -idirafter /cygdrive/c/Users/Kyjor/Documents/Projects/Julia/StaticCompilerGame.jl/SDLCalls/SDL2-2.30.11/src/video/khronos  -I/usr/include/mingw  conftest.c  >&5
configure:20006: $? = 0
configure:20006: result: yes
configure:20012: checking for atoi
configure:20012: gcc -o conftest.exe -g -O2 -Iinclude -I/cygdrive/c/Users/Kyjor/Documents/Projects/Julia/StaticCompilerGame.jl/SDLCalls/SDL2-2.30.11/include -idirafter /cygdrive/c/Users/Kyjor/Documents/Projects/Julia/StaticCompilerGame.jl/SDLCalls/SDL2-2.30.11/src/video/khronos  -I/usr/include/mingw  -Iinclude -I/cygdrive/c/Users/Kyjor/Documents/Projects/Julia/StaticCompilerGame.jl/SDLCalls/SDL2-2.30.11/include -idirafter /cygdrive/c/Users/Kyjor/Documents/Projects/Julia/StaticCompilerGame.jl/SDLCalls/SDL2-2.30.11/src/video/khronos  -I/usr/include/mingw  conftest.c  >&5
configure:20012: $? = 0
configure:20012: result: yes
configure:20018: checking for atof
configure:20018: gcc -o conftest.exe -g -O2 -Iinclude -I/cygdrive/c/Users/Kyjor/Documents/Projects/Julia/StaticCompilerGame.jl/SDLCalls/SDL2-2.30.11/include -idirafter /cygdrive/c/Users/Kyjor/Documents/Projects/Julia/StaticCompilerGame.jl/SDLCalls/SDL2-2.30.11/src/video/khronos  -I/usr/include/mingw  -Iinclude -I/cygdrive/c/Users/Kyjor/Documents/Projects/Julia/StaticCompilerGame.jl/SDLCalls/SDL2-2.30.11/include -idirafter /cygdrive/c/Users/Kyjor/Documents/Projects/Julia/StaticCompilerGame.jl/SDLCalls/SDL2-2.30.11/src/video/khronos  -I/usr/include/mingw  conftest.c  >&5
configure:20018: $? = 0
configure:20018: result: yes
configure:20024: checking for strcmp
configure:20024: gcc -o conftest.exe -g -O2 -Iinclude -I/cygdrive/c/Users/Kyjor/Documents/Projects/Julia/StaticCompilerGame.jl/SDLCalls/SDL2-2.30.11/include -idirafter /cygdrive/c/Users/Kyjor/Documents/Projects/Julia/StaticCompilerGame.jl/SDLCalls/SDL2-2.30.11/src/video/khronos  -I/usr/include/mingw  -Iinclude -I/cygdrive/c/Users/Kyjor/Documents/Projects/Julia/StaticCompilerGame.jl/SDLCalls/SDL2-2.30.11/include -idirafter /cygdrive/c/Users/Kyjor/Documents/Projects/Julia/StaticCompilerGame.jl/SDLCalls/SDL2-2.30.11/src/video/khronos  -I/usr/include/mingw  conftest.c  >&5
conftest.c:101:6: warning: conflicting types for built-in function 'strcmp'; expected 'int(const char *, const char *)' [-Wbuiltin-declaration-mismatch]
  101 | char strcmp (void);
      |      ^~~~~~
conftest.c:93:1: note: 'strcmp' is declared in header '<string.h>'
   92 | #include <limits.h>
   93 | #undef strcmp
configure:20024: $? = 0
configure:20024: result: yes
configure:20030: checking for strncmp
configure:20030: gcc -o conftest.exe -g -O2 -Iinclude -I/cygdrive/c/Users/Kyjor/Documents/Projects/Julia/StaticCompilerGame.jl/SDLCalls/SDL2-2.30.11/include -idirafter /cygdrive/c/Users/Kyjor/Documents/Projects/Julia/StaticCompilerGame.jl/SDLCalls/SDL2-2.30.11/src/video/khronos  -I/usr/include/mingw  -Iinclude -I/cygdrive/c/Users/Kyjor/Documents/Projects/Julia/StaticCompilerGame.jl/SDLCalls/SDL2-2.30.11/include -idirafter /cygdrive/c/Users/Kyjor/Documents/Projects/Julia/StaticCompilerGame.jl/SDLCalls/SDL2-2.30.11/src/video/khronos  -I/usr/include/mingw  conftest.c  >&5
conftest.c:102:6: warning: conflicting types for built-in function 'strncmp'; expected 'int(const char *, const char *, long unsigned int)' [-Wbuiltin-declaration-mismatch]
  102 | char strncmp (void);
      |      ^~~~~~~
conftest.c:94:1: note: 'strncmp' is declared in header '<string.h>'
   93 | #include <limits.h>
   94 | #undef strncmp
configure:20030: $? = 0
configure:20030: result: yes
configure:20036: checking for _stricmp
configure:20036: gcc -o conftest.exe -g -O2 -Iinclude -I/cygdrive/c/Users/Kyjor/Documents/Projects/Julia/StaticCompilerGame.jl/SDLCalls/SDL2-2.30.11/include -idirafter /cygdrive/c/Users/Kyjor/Documents/Projects/Julia/StaticCompilerGame.jl/SDLCalls/SDL2-2.30.11/src/video/khronos  -I/usr/include/mingw  -Iinclude -I/cygdrive/c/Users/Kyjor/Documents/Projects/Julia/StaticCompilerGame.jl/SDLCalls/SDL2-2.30.11/include -idirafter /cygdrive/c/Users/Kyjor/Documents/Projects/Julia/StaticCompilerGame.jl/SDLCalls/SDL2-2.30.11/src/video/khronos  -I/usr/include/mingw  conftest.c  >&5
/usr/lib/gcc/x86_64-pc-cygwin/12/../../../../x86_64-pc-cygwin/bin/ld: /cygdrive/c/Users/Kyjor/AppData/Local/Temp/cc6BZfBs.o: in function `main':
/cygdrive/c/Users/Kyjor/Documents/Projects/Julia/StaticCompilerGame.jl/SDLCalls/SDL2-2.30.11/conftest.c:114:(.text.startup+0xa): undefined reference to `_stricmp'
collect2: error: ld returned 1 exit status
configure:20036: $? = 1
configure: failed program was:
| /* confdefs.h */
| #define PACKAGE_NAME ""
| #define PACKAGE_TARNAME ""
| #define PACKAGE_VERSION ""
| #define PACKAGE_STRING ""
| #define PACKAGE_BUGREPORT ""
| #define PACKAGE_URL ""
| #define HAVE_STDIO_H 1
| #define HAVE_STDLIB_H 1
| #define HAVE_STRING_H 1
| #define HAVE_INTTYPES_H 1
| #define HAVE_STDINT_H 1
| #define HAVE_STRINGS_H 1
| #define HAVE_SYS_STAT_H 1
| #define HAVE_SYS_TYPES_H 1
| #define HAVE_UNISTD_H 1
| #define STDC_HEADERS 1
| #define HAVE_DLFCN_H 1
| #define LT_OBJDIR ".libs/"
| #define HAVE_LIBC 1
| #define HAVE_SYS_TYPES_H 1
| #define HAVE_STDIO_H 1
| #define HAVE_STDLIB_H 1
| #define HAVE_STDDEF_H 1
| #define HAVE_STDARG_H 1
| #define HAVE_MALLOC_H 1
| #define HAVE_MEMORY_H 1
| #define HAVE_STRING_H 1
| #define HAVE_STRINGS_H 1
| #define HAVE_WCHAR_H 1
| #define HAVE_INTTYPES_H 1
| #define HAVE_STDINT_H 1
| #define HAVE_LIMITS_H 1
| #define HAVE_CTYPE_H 1
| #define HAVE_MATH_H 1
| #define HAVE_FLOAT_H 1
| #define HAVE_ICONV_H 1
| #define HAVE_SIGNAL_H 1
| #define HAVE_M_PI /**/
| #define HAVE_ALLOCA_H 1
| #define HAVE_ALLOCA 1
| #define HAVE_MPROTECT 1
| #define HAVE_MALLOC 1
| #define HAVE_CALLOC 1
| #define HAVE_REALLOC 1
| #define HAVE_FREE 1
| #define HAVE_GETENV 1
| #define HAVE_SETENV 1
| #define HAVE_PUTENV 1
| #define HAVE_UNSETENV 1
| #define HAVE_BSEARCH 1
| #define HAVE_QSORT 1
| #define HAVE_ABS 1
| #define HAVE_BCOPY 1
| #define HAVE_MEMSET 1
| #define HAVE_MEMCMP 1
| #define HAVE_MEMCPY 1
| #define HAVE_MEMMOVE 1
| #define HAVE_WCSLEN 1
| #define HAVE_WCSLCPY 1
| #define HAVE_WCSLCAT 1
| #define HAVE_WCSDUP 1
| #define HAVE_WCSSTR 1
| #define HAVE_WCSCMP 1
| #define HAVE_WCSNCMP 1
| #define HAVE_WCSCASECMP 1
| #define HAVE_WCSNCASECMP 1
| #define HAVE_STRLEN 1
| #define HAVE_STRLCPY 1
| #define HAVE_STRLCAT 1
| #define HAVE_INDEX 1
| #define HAVE_RINDEX 1
| #define HAVE_STRCHR 1
| #define HAVE_STRRCHR 1
| #define HAVE_STRSTR 1
| #define HAVE_STRTOK_R 1
| #define HAVE_STRTOD 1
| #define HAVE_STRTOL 1
| #define HAVE_STRTOUL 1
| #define HAVE_STRTOLL 1
| #define HAVE_STRTOULL 1
| #define HAVE_ATOI 1
| #define HAVE_ATOF 1
| #define HAVE_STRCMP 1
| #define HAVE_STRNCMP 1
| /* end confdefs.h.  */
| /* Define _stricmp to an innocuous variant, in case <limits.h> declares _stricmp.
|    For example, HP-UX 11i <limits.h> declares gettimeofday.  */
| #define _stricmp innocuous__stricmp
| 
| /* System header to define __stub macros and hopefully few prototypes,
|    which can conflict with char _stricmp (void); below.  */
| 
| #include <limits.h>
| #undef _stricmp
| 
| /* Override any GCC internal prototype to avoid an error.
|    Use char because int might match the return type of a GCC
|    builtin and then its argument prototype would still apply.  */
| #ifdef __cplusplus
| extern "C"
| #endif
| char _stricmp (void);
| /* The GNU C library defines this for functions which it implements
|     to always fail with ENOSYS.  Some functions are actually named
|     something starting with __ and the normal name is an alias.  */
| #if defined __stub__stricmp || defined __stub____stricmp
| choke me
| #endif
| 
| int
| main (void)
| {
| return _stricmp ();
|   ;
|   return 0;
| }
configure:20036: result: no
configure:20042: checking for strcasecmp
configure:20042: gcc -o conftest.exe -g -O2 -Iinclude -I/cygdrive/c/Users/Kyjor/Documents/Projects/Julia/StaticCompilerGame.jl/SDLCalls/SDL2-2.30.11/include -idirafter /cygdrive/c/Users/Kyjor/Documents/Projects/Julia/StaticCompilerGame.jl/SDLCalls/SDL2-2.30.11/src/video/khronos  -I/usr/include/mingw  -Iinclude -I/cygdrive/c/Users/Kyjor/Documents/Projects/Julia/StaticCompilerGame.jl/SDLCalls/SDL2-2.30.11/include -idirafter /cygdrive/c/Users/Kyjor/Documents/Projects/Julia/StaticCompilerGame.jl/SDLCalls/SDL2-2.30.11/src/video/khronos  -I/usr/include/mingw  conftest.c  >&5
conftest.c:103:6: warning: conflicting types for built-in function 'strcasecmp'; expected 'int(const char *, const char *)' [-Wbuiltin-declaration-mismatch]
  103 | char strcasecmp (void);
      |      ^~~~~~~~~~
configure:20042: $? = 0
configure:20042: result: yes
configure:20048: checking for _strnicmp
configure:20048: gcc -o conftest.exe -g -O2 -Iinclude -I/cygdrive/c/Users/Kyjor/Documents/Projects/Julia/StaticCompilerGame.jl/SDLCalls/SDL2-2.30.11/include -idirafter /cygdrive/c/Users/Kyjor/Documents/Projects/Julia/StaticCompilerGame.jl/SDLCalls/SDL2-2.30.11/src/video/khronos  -I/usr/include/mingw  -Iinclude -I/cygdrive/c/Users/Kyjor/Documents/Projects/Julia/StaticCompilerGame.jl/SDLCalls/SDL2-2.30.11/include -idirafter /cygdrive/c/Users/Kyjor/Documents/Projects/Julia/StaticCompilerGame.jl/SDLCalls/SDL2-2.30.11/src/video/khronos  -I/usr/include/mingw  conftest.c  >&5
/usr/lib/gcc/x86_64-pc-cygwin/12/../../../../x86_64-pc-cygwin/bin/ld: /cygdrive/c/Users/Kyjor/AppData/Local/Temp/ccBfiIt2.o: in function `main':
/cygdrive/c/Users/Kyjor/Documents/Projects/Julia/StaticCompilerGame.jl/SDLCalls/SDL2-2.30.11/conftest.c:115:(.text.startup+0xa): undefined reference to `_strnicmp'
collect2: error: ld returned 1 exit status
configure:20048: $? = 1
configure: failed program was:
| /* confdefs.h */
| #define PACKAGE_NAME ""
| #define PACKAGE_TARNAME ""
| #define PACKAGE_VERSION ""
| #define PACKAGE_STRING ""
| #define PACKAGE_BUGREPORT ""
| #define PACKAGE_URL ""
| #define HAVE_STDIO_H 1
| #define HAVE_STDLIB_H 1
| #define HAVE_STRING_H 1
| #define HAVE_INTTYPES_H 1
| #define HAVE_STDINT_H 1
| #define HAVE_STRINGS_H 1
| #define HAVE_SYS_STAT_H 1
| #define HAVE_SYS_TYPES_H 1
| #define HAVE_UNISTD_H 1
| #define STDC_HEADERS 1
| #define HAVE_DLFCN_H 1
| #define LT_OBJDIR ".libs/"
| #define HAVE_LIBC 1
| #define HAVE_SYS_TYPES_H 1
| #define HAVE_STDIO_H 1
| #define HAVE_STDLIB_H 1
| #define HAVE_STDDEF_H 1
| #define HAVE_STDARG_H 1
| #define HAVE_MALLOC_H 1
| #define HAVE_MEMORY_H 1
| #define HAVE_STRING_H 1
| #define HAVE_STRINGS_H 1
| #define HAVE_WCHAR_H 1
| #define HAVE_INTTYPES_H 1
| #define HAVE_STDINT_H 1
| #define HAVE_LIMITS_H 1
| #define HAVE_CTYPE_H 1
| #define HAVE_MATH_H 1
| #define HAVE_FLOAT_H 1
| #define HAVE_ICONV_H 1
| #define HAVE_SIGNAL_H 1
| #define HAVE_M_PI /**/
| #define HAVE_ALLOCA_H 1
| #define HAVE_ALLOCA 1
| #define HAVE_MPROTECT 1
| #define HAVE_MALLOC 1
| #define HAVE_CALLOC 1
| #define HAVE_REALLOC 1
| #define HAVE_FREE 1
| #define HAVE_GETENV 1
| #define HAVE_SETENV 1
| #define HAVE_PUTENV 1
| #define HAVE_UNSETENV 1
| #define HAVE_BSEARCH 1
| #define HAVE_QSORT 1
| #define HAVE_ABS 1
| #define HAVE_BCOPY 1
| #define HAVE_MEMSET 1
| #define HAVE_MEMCMP 1
| #define HAVE_MEMCPY 1
| #define HAVE_MEMMOVE 1
| #define HAVE_WCSLEN 1
| #define HAVE_WCSLCPY 1
| #define HAVE_WCSLCAT 1
| #define HAVE_WCSDUP 1
| #define HAVE_WCSSTR 1
| #define HAVE_WCSCMP 1
| #define HAVE_WCSNCMP 1
| #define HAVE_WCSCASECMP 1
| #define HAVE_WCSNCASECMP 1
| #define HAVE_STRLEN 1
| #define HAVE_STRLCPY 1
| #define HAVE_STRLCAT 1
| #define HAVE_INDEX 1
| #define HAVE_RINDEX 1
| #define HAVE_STRCHR 1
| #define HAVE_STRRCHR 1
| #define HAVE_STRSTR 1
| #define HAVE_STRTOK_R 1
| #define HAVE_STRTOD 1
| #define HAVE_STRTOL 1
| #define HAVE_STRTOUL 1
| #define HAVE_STRTOLL 1
| #define HAVE_STRTOULL 1
| #define HAVE_ATOI 1
| #define HAVE_ATOF 1
| #define HAVE_STRCMP 1
| #define HAVE_STRNCMP 1
| #define HAVE_STRCASECMP 1
| /* end confdefs.h.  */
| /* Define _strnicmp to an innocuous variant, in case <limits.h> declares _strnicmp.
|    For example, HP-UX 11i <limits.h> declares gettimeofday.  */
| #define _strnicmp innocuous__strnicmp
| 
| /* System header to define __stub macros and hopefully few prototypes,
|    which can conflict with char _strnicmp (void); below.  */
| 
| #include <limits.h>
| #undef _strnicmp
| 
| /* Override any GCC internal prototype to avoid an error.
|    Use char because int might match the return type of a GCC
|    builtin and then its argument prototype would still apply.  */
| #ifdef __cplusplus
| extern "C"
| #endif
| char _strnicmp (void);
| /* The GNU C library defines this for functions which it implements
|     to always fail with ENOSYS.  Some functions are actually named
|     something starting with __ and the normal name is an alias.  */
| #if defined __stub__strnicmp || defined __stub____strnicmp
| choke me
| #endif
| 
| int
| main (void)
| {
| return _strnicmp ();
|   ;
|   return 0;
| }
configure:20048: result: no
configure:20054: checking for strncasecmp
configure:20054: gcc -o conftest.exe -g -O2 -Iinclude -I/cygdrive/c/Users/Kyjor/Documents/Projects/Julia/StaticCompilerGame.jl/SDLCalls/SDL2-2.30.11/include -idirafter /cygdrive/c/Users/Kyjor/Documents/Projects/Julia/StaticCompilerGame.jl/SDLCalls/SDL2-2.30.11/src/video/khronos  -I/usr/include/mingw  -Iinclude -I/cygdrive/c/Users/Kyjor/Documents/Projects/Julia/StaticCompilerGame.jl/SDLCalls/SDL2-2.30.11/include -idirafter /cygdrive/c/Users/Kyjor/Documents/Projects/Julia/StaticCompilerGame.jl/SDLCalls/SDL2-2.30.11/src/video/khronos  -I/usr/include/mingw  conftest.c  >&5
conftest.c:104:6: warning: conflicting types for built-in function 'strncasecmp'; expected 'int(const char *, const char *, long unsigned int)' [-Wbuiltin-declaration-mismatch]
  104 | char strncasecmp (void);
      |      ^~~~~~~~~~~
configure:20054: $? = 0
configure:20054: result: yes
configure:20060: checking for strcasestr
configure:20060: gcc -o conftest.exe -g -O2 -Iinclude -I/cygdrive/c/Users/Kyjor/Documents/Projects/Julia/StaticCompilerGame.jl/SDLCalls/SDL2-2.30.11/include -idirafter /cygdrive/c/Users/Kyjor/Documents/Projects/Julia/StaticCompilerGame.jl/SDLCalls/SDL2-2.30.11/src/video/khronos  -I/usr/include/mingw  -Iinclude -I/cygdrive/c/Users/Kyjor/Documents/Projects/Julia/StaticCompilerGame.jl/SDLCalls/SDL2-2.30.11/include -idirafter /cygdrive/c/Users/Kyjor/Documents/Projects/Julia/StaticCompilerGame.jl/SDLCalls/SDL2-2.30.11/src/video/khronos  -I/usr/include/mingw  conftest.c  >&5
configure:20060: $? = 0
configure:20060: result: yes
configure:20066: checking for vsscanf
configure:20066: gcc -o conftest.exe -g -O2 -Iinclude -I/cygdrive/c/Users/Kyjor/Documents/Projects/Julia/StaticCompilerGame.jl/SDLCalls/SDL2-2.30.11/include -idirafter /cygdrive/c/Users/Kyjor/Documents/Projects/Julia/StaticCompilerGame.jl/SDLCalls/SDL2-2.30.11/src/video/khronos  -I/usr/include/mingw  -Iinclude -I/cygdrive/c/Users/Kyjor/Documents/Projects/Julia/StaticCompilerGame.jl/SDLCalls/SDL2-2.30.11/include -idirafter /cygdrive/c/Users/Kyjor/Documents/Projects/Julia/StaticCompilerGame.jl/SDLCalls/SDL2-2.30.11/src/video/khronos  -I/usr/include/mingw  conftest.c  >&5
conftest.c:106:6: warning: conflicting types for built-in function 'vsscanf'; expected 'int(const char *, const char *, char *)' [-Wbuiltin-declaration-mismatch]
  106 | char vsscanf (void);
      |      ^~~~~~~
conftest.c:98:1: note: 'vsscanf' is declared in header '<stdio.h>'
   97 | #include <limits.h>
   98 | #undef vsscanf
configure:20066: $? = 0
configure:20066: result: yes
configure:20072: checking for vsnprintf
configure:20072: gcc -o conftest.exe -g -O2 -Iinclude -I/cygdrive/c/Users/Kyjor/Documents/Projects/Julia/StaticCompilerGame.jl/SDLCalls/SDL2-2.30.11/include -idirafter /cygdrive/c/Users/Kyjor/Documents/Projects/Julia/StaticCompilerGame.jl/SDLCalls/SDL2-2.30.11/src/video/khronos  -I/usr/include/mingw  -Iinclude -I/cygdrive/c/Users/Kyjor/Documents/Projects/Julia/StaticCompilerGame.jl/SDLCalls/SDL2-2.30.11/include -idirafter /cygdrive/c/Users/Kyjor/Documents/Projects/Julia/StaticCompilerGame.jl/SDLCalls/SDL2-2.30.11/src/video/khronos  -I/usr/include/mingw  conftest.c  >&5
conftest.c:107:6: warning: conflicting types for built-in function 'vsnprintf'; expected 'int(char *, long unsigned int,  const char *, char *)' [-Wbuiltin-declaration-mismatch]
  107 | char vsnprintf (void);
      |      ^~~~~~~~~
conftest.c:99:1: note: 'vsnprintf' is declared in header '<stdio.h>'
   98 | #include <limits.h>
   99 | #undef vsnprintf
configure:20072: $? = 0
configure:20072: result: yes
configure:20078: checking for fopen64
configure:20078: gcc -o conftest.exe -g -O2 -Iinclude -I/cygdrive/c/Users/Kyjor/Documents/Projects/Julia/StaticCompilerGame.jl/SDLCalls/SDL2-2.30.11/include -idirafter /cygdrive/c/Users/Kyjor/Documents/Projects/Julia/StaticCompilerGame.jl/SDLCalls/SDL2-2.30.11/src/video/khronos  -I/usr/include/mingw  -Iinclude -I/cygdrive/c/Users/Kyjor/Documents/Projects/Julia/StaticCompilerGame.jl/SDLCalls/SDL2-2.30.11/include -idirafter /cygdrive/c/Users/Kyjor/Documents/Projects/Julia/StaticCompilerGame.jl/SDLCalls/SDL2-2.30.11/src/video/khronos  -I/usr/include/mingw  conftest.c  >&5
/usr/lib/gcc/x86_64-pc-cygwin/12/../../../../x86_64-pc-cygwin/bin/ld: /cygdrive/c/Users/Kyjor/AppData/Local/Temp/ccwcWY0U.o: in function `main':
/cygdrive/c/Users/Kyjor/Documents/Projects/Julia/StaticCompilerGame.jl/SDLCalls/SDL2-2.30.11/conftest.c:119:(.text.startup+0xa): undefined reference to `fopen64'
collect2: error: ld returned 1 exit status
configure:20078: $? = 1
configure: failed program was:
| /* confdefs.h */
| #define PACKAGE_NAME ""
| #define PACKAGE_TARNAME ""
| #define PACKAGE_VERSION ""
| #define PACKAGE_STRING ""
| #define PACKAGE_BUGREPORT ""
| #define PACKAGE_URL ""
| #define HAVE_STDIO_H 1
| #define HAVE_STDLIB_H 1
| #define HAVE_STRING_H 1
| #define HAVE_INTTYPES_H 1
| #define HAVE_STDINT_H 1
| #define HAVE_STRINGS_H 1
| #define HAVE_SYS_STAT_H 1
| #define HAVE_SYS_TYPES_H 1
| #define HAVE_UNISTD_H 1
| #define STDC_HEADERS 1
| #define HAVE_DLFCN_H 1
| #define LT_OBJDIR ".libs/"
| #define HAVE_LIBC 1
| #define HAVE_SYS_TYPES_H 1
| #define HAVE_STDIO_H 1
| #define HAVE_STDLIB_H 1
| #define HAVE_STDDEF_H 1
| #define HAVE_STDARG_H 1
| #define HAVE_MALLOC_H 1
| #define HAVE_MEMORY_H 1
| #define HAVE_STRING_H 1
| #define HAVE_STRINGS_H 1
| #define HAVE_WCHAR_H 1
| #define HAVE_INTTYPES_H 1
| #define HAVE_STDINT_H 1
| #define HAVE_LIMITS_H 1
| #define HAVE_CTYPE_H 1
| #define HAVE_MATH_H 1
| #define HAVE_FLOAT_H 1
| #define HAVE_ICONV_H 1
| #define HAVE_SIGNAL_H 1
| #define HAVE_M_PI /**/
| #define HAVE_ALLOCA_H 1
| #define HAVE_ALLOCA 1
| #define HAVE_MPROTECT 1
| #define HAVE_MALLOC 1
| #define HAVE_CALLOC 1
| #define HAVE_REALLOC 1
| #define HAVE_FREE 1
| #define HAVE_GETENV 1
| #define HAVE_SETENV 1
| #define HAVE_PUTENV 1
| #define HAVE_UNSETENV 1
| #define HAVE_BSEARCH 1
| #define HAVE_QSORT 1
| #define HAVE_ABS 1
| #define HAVE_BCOPY 1
| #define HAVE_MEMSET 1
| #define HAVE_MEMCMP 1
| #define HAVE_MEMCPY 1
| #define HAVE_MEMMOVE 1
| #define HAVE_WCSLEN 1
| #define HAVE_WCSLCPY 1
| #define HAVE_WCSLCAT 1
| #define HAVE_WCSDUP 1
| #define HAVE_WCSSTR 1
| #define HAVE_WCSCMP 1
| #define HAVE_WCSNCMP 1
| #define HAVE_WCSCASECMP 1
| #define HAVE_WCSNCASECMP 1
| #define HAVE_STRLEN 1
| #define HAVE_STRLCPY 1
| #define HAVE_STRLCAT 1
| #define HAVE_INDEX 1
| #define HAVE_RINDEX 1
| #define HAVE_STRCHR 1
| #define HAVE_STRRCHR 1
| #define HAVE_STRSTR 1
| #define HAVE_STRTOK_R 1
| #define HAVE_STRTOD 1
| #define HAVE_STRTOL 1
| #define HAVE_STRTOUL 1
| #define HAVE_STRTOLL 1
| #define HAVE_STRTOULL 1
| #define HAVE_ATOI 1
| #define HAVE_ATOF 1
| #define HAVE_STRCMP 1
| #define HAVE_STRNCMP 1
| #define HAVE_STRCASECMP 1
| #define HAVE_STRNCASECMP 1
| #define HAVE_STRCASESTR 1
| #define HAVE_VSSCANF 1
| #define HAVE_VSNPRINTF 1
| /* end confdefs.h.  */
| /* Define fopen64 to an innocuous variant, in case <limits.h> declares fopen64.
|    For example, HP-UX 11i <limits.h> declares gettimeofday.  */
| #define fopen64 innocuous_fopen64
| 
| /* System header to define __stub macros and hopefully few prototypes,
|    which can conflict with char fopen64 (void); below.  */
| 
| #include <limits.h>
| #undef fopen64
| 
| /* Override any GCC internal prototype to avoid an error.
|    Use char because int might match the return type of a GCC
|    builtin and then its argument prototype would still apply.  */
| #ifdef __cplusplus
| extern "C"
| #endif
| char fopen64 (void);
| /* The GNU C library defines this for functions which it implements
|     to always fail with ENOSYS.  Some functions are actually named
|     something starting with __ and the normal name is an alias.  */
| #if defined __stub_fopen64 || defined __stub___fopen64
| choke me
| #endif
| 
| int
| main (void)
| {
| return fopen64 ();
|   ;
|   return 0;
| }
configure:20078: result: no
configure:20084: checking for fseeko
configure:20084: gcc -o conftest.exe -g -O2 -Iinclude -I/cygdrive/c/Users/Kyjor/Documents/Projects/Julia/StaticCompilerGame.jl/SDLCalls/SDL2-2.30.11/include -idirafter /cygdrive/c/Users/Kyjor/Documents/Projects/Julia/StaticCompilerGame.jl/SDLCalls/SDL2-2.30.11/src/video/khronos  -I/usr/include/mingw  -Iinclude -I/cygdrive/c/Users/Kyjor/Documents/Projects/Julia/StaticCompilerGame.jl/SDLCalls/SDL2-2.30.11/include -idirafter /cygdrive/c/Users/Kyjor/Documents/Projects/Julia/StaticCompilerGame.jl/SDLCalls/SDL2-2.30.11/src/video/khronos  -I/usr/include/mingw  conftest.c  >&5
configure:20084: $? = 0
configure:20084: result: yes
configure:20090: checking for fseeko64
configure:20090: gcc -o conftest.exe -g -O2 -Iinclude -I/cygdrive/c/Users/Kyjor/Documents/Projects/Julia/StaticCompilerGame.jl/SDLCalls/SDL2-2.30.11/include -idirafter /cygdrive/c/Users/Kyjor/Documents/Projects/Julia/StaticCompilerGame.jl/SDLCalls/SDL2-2.30.11/src/video/khronos  -I/usr/include/mingw  -Iinclude -I/cygdrive/c/Users/Kyjor/Documents/Projects/Julia/StaticCompilerGame.jl/SDLCalls/SDL2-2.30.11/include -idirafter /cygdrive/c/Users/Kyjor/Documents/Projects/Julia/StaticCompilerGame.jl/SDLCalls/SDL2-2.30.11/src/video/khronos  -I/usr/include/mingw  conftest.c  >&5
/usr/lib/gcc/x86_64-pc-cygwin/12/../../../../x86_64-pc-cygwin/bin/ld: /cygdrive/c/Users/Kyjor/AppData/Local/Temp/ccnfzrdQ.o: in function `main':
/cygdrive/c/Users/Kyjor/Documents/Projects/Julia/StaticCompilerGame.jl/SDLCalls/SDL2-2.30.11/conftest.c:120:(.text.startup+0xa): undefined reference to `fseeko64'
collect2: error: ld returned 1 exit status
configure:20090: $? = 1
configure: failed program was:
| /* confdefs.h */
| #define PACKAGE_NAME ""
| #define PACKAGE_TARNAME ""
| #define PACKAGE_VERSION ""
| #define PACKAGE_STRING ""
| #define PACKAGE_BUGREPORT ""
| #define PACKAGE_URL ""
| #define HAVE_STDIO_H 1
| #define HAVE_STDLIB_H 1
| #define HAVE_STRING_H 1
| #define HAVE_INTTYPES_H 1
| #define HAVE_STDINT_H 1
| #define HAVE_STRINGS_H 1
| #define HAVE_SYS_STAT_H 1
| #define HAVE_SYS_TYPES_H 1
| #define HAVE_UNISTD_H 1
| #define STDC_HEADERS 1
| #define HAVE_DLFCN_H 1
| #define LT_OBJDIR ".libs/"
| #define HAVE_LIBC 1
| #define HAVE_SYS_TYPES_H 1
| #define HAVE_STDIO_H 1
| #define HAVE_STDLIB_H 1
| #define HAVE_STDDEF_H 1
| #define HAVE_STDARG_H 1
| #define HAVE_MALLOC_H 1
| #define HAVE_MEMORY_H 1
| #define HAVE_STRING_H 1
| #define HAVE_STRINGS_H 1
| #define HAVE_WCHAR_H 1
| #define HAVE_INTTYPES_H 1
| #define HAVE_STDINT_H 1
| #define HAVE_LIMITS_H 1
| #define HAVE_CTYPE_H 1
| #define HAVE_MATH_H 1
| #define HAVE_FLOAT_H 1
| #define HAVE_ICONV_H 1
| #define HAVE_SIGNAL_H 1
| #define HAVE_M_PI /**/
| #define HAVE_ALLOCA_H 1
| #define HAVE_ALLOCA 1
| #define HAVE_MPROTECT 1
| #define HAVE_MALLOC 1
| #define HAVE_CALLOC 1
| #define HAVE_REALLOC 1
| #define HAVE_FREE 1
| #define HAVE_GETENV 1
| #define HAVE_SETENV 1
| #define HAVE_PUTENV 1
| #define HAVE_UNSETENV 1
| #define HAVE_BSEARCH 1
| #define HAVE_QSORT 1
| #define HAVE_ABS 1
| #define HAVE_BCOPY 1
| #define HAVE_MEMSET 1
| #define HAVE_MEMCMP 1
| #define HAVE_MEMCPY 1
| #define HAVE_MEMMOVE 1
| #define HAVE_WCSLEN 1
| #define HAVE_WCSLCPY 1
| #define HAVE_WCSLCAT 1
| #define HAVE_WCSDUP 1
| #define HAVE_WCSSTR 1
| #define HAVE_WCSCMP 1
| #define HAVE_WCSNCMP 1
| #define HAVE_WCSCASECMP 1
| #define HAVE_WCSNCASECMP 1
| #define HAVE_STRLEN 1
| #define HAVE_STRLCPY 1
| #define HAVE_STRLCAT 1
| #define HAVE_INDEX 1
| #define HAVE_RINDEX 1
| #define HAVE_STRCHR 1
| #define HAVE_STRRCHR 1
| #define HAVE_STRSTR 1
| #define HAVE_STRTOK_R 1
| #define HAVE_STRTOD 1
| #define HAVE_STRTOL 1
| #define HAVE_STRTOUL 1
| #define HAVE_STRTOLL 1
| #define HAVE_STRTOULL 1
| #define HAVE_ATOI 1
| #define HAVE_ATOF 1
| #define HAVE_STRCMP 1
| #define HAVE_STRNCMP 1
| #define HAVE_STRCASECMP 1
| #define HAVE_STRNCASECMP 1
| #define HAVE_STRCASESTR 1
| #define HAVE_VSSCANF 1
| #define HAVE_VSNPRINTF 1
| #define HAVE_FSEEKO 1
| /* end confdefs.h.  */
| /* Define fseeko64 to an innocuous variant, in case <limits.h> declares fseeko64.
|    For example, HP-UX 11i <limits.h> declares gettimeofday.  */
| #define fseeko64 innocuous_fseeko64
| 
| /* System header to define __stub macros and hopefully few prototypes,
|    which can conflict with char fseeko64 (void); below.  */
| 
| #include <limits.h>
| #undef fseeko64
| 
| /* Override any GCC internal prototype to avoid an error.
|    Use char because int might match the return type of a GCC
|    builtin and then its argument prototype would still apply.  */
| #ifdef __cplusplus
| extern "C"
| #endif
| char fseeko64 (void);
| /* The GNU C library defines this for functions which it implements
|     to always fail with ENOSYS.  Some functions are actually named
|     something starting with __ and the normal name is an alias.  */
| #if defined __stub_fseeko64 || defined __stub___fseeko64
| choke me
| #endif
| 
| int
| main (void)
| {
| return fseeko64 ();
|   ;
|   return 0;
| }
configure:20090: result: no
configure:20096: checking for sigaction
configure:20096: gcc -o conftest.exe -g -O2 -Iinclude -I/cygdrive/c/Users/Kyjor/Documents/Projects/Julia/StaticCompilerGame.jl/SDLCalls/SDL2-2.30.11/include -idirafter /cygdrive/c/Users/Kyjor/Documents/Projects/Julia/StaticCompilerGame.jl/SDLCalls/SDL2-2.30.11/src/video/khronos  -I/usr/include/mingw  -Iinclude -I/cygdrive/c/Users/Kyjor/Documents/Projects/Julia/StaticCompilerGame.jl/SDLCalls/SDL2-2.30.11/include -idirafter /cygdrive/c/Users/Kyjor/Documents/Projects/Julia/StaticCompilerGame.jl/SDLCalls/SDL2-2.30.11/src/video/khronos  -I/usr/include/mingw  conftest.c  >&5
configure:20096: $? = 0
configure:20096: result: yes
configure:20102: checking for setjmp
configure:20102: gcc -o conftest.exe -g -O2 -Iinclude -I/cygdrive/c/Users/Kyjor/Documents/Projects/Julia/StaticCompilerGame.jl/SDLCalls/SDL2-2.30.11/include -idirafter /cygdrive/c/Users/Kyjor/Documents/Projects/Julia/StaticCompilerGame.jl/SDLCalls/SDL2-2.30.11/src/video/khronos  -I/usr/include/mingw  -Iinclude -I/cygdrive/c/Users/Kyjor/Documents/Projects/Julia/StaticCompilerGame.jl/SDLCalls/SDL2-2.30.11/include -idirafter /cygdrive/c/Users/Kyjor/Documents/Projects/Julia/StaticCompilerGame.jl/SDLCalls/SDL2-2.30.11/src/video/khronos  -I/usr/include/mingw  conftest.c  >&5
configure:20102: $? = 0
configure:20102: result: yes
configure:20108: checking for nanosleep
configure:20108: gcc -o conftest.exe -g -O2 -Iinclude -I/cygdrive/c/Users/Kyjor/Documents/Projects/Julia/StaticCompilerGame.jl/SDLCalls/SDL2-2.30.11/include -idirafter /cygdrive/c/Users/Kyjor/Documents/Projects/Julia/StaticCompilerGame.jl/SDLCalls/SDL2-2.30.11/src/video/khronos  -I/usr/include/mingw  -Iinclude -I/cygdrive/c/Users/Kyjor/Documents/Projects/Julia/StaticCompilerGame.jl/SDLCalls/SDL2-2.30.11/include -idirafter /cygdrive/c/Users/Kyjor/Documents/Projects/Julia/StaticCompilerGame.jl/SDLCalls/SDL2-2.30.11/src/video/khronos  -I/usr/include/mingw  conftest.c  >&5
configure:20108: $? = 0
configure:20108: result: yes
configure:20114: checking for sysconf
configure:20114: gcc -o conftest.exe -g -O2 -Iinclude -I/cygdrive/c/Users/Kyjor/Documents/Projects/Julia/StaticCompilerGame.jl/SDLCalls/SDL2-2.30.11/include -idirafter /cygdrive/c/Users/Kyjor/Documents/Projects/Julia/StaticCompilerGame.jl/SDLCalls/SDL2-2.30.11/src/video/khronos  -I/usr/include/mingw  -Iinclude -I/cygdrive/c/Users/Kyjor/Documents/Projects/Julia/StaticCompilerGame.jl/SDLCalls/SDL2-2.30.11/include -idirafter /cygdrive/c/Users/Kyjor/Documents/Projects/Julia/StaticCompilerGame.jl/SDLCalls/SDL2-2.30.11/src/video/khronos  -I/usr/include/mingw  conftest.c  >&5
configure:20114: $? = 0
configure:20114: result: yes
configure:20120: checking for sysctlbyname
configure:20120: gcc -o conftest.exe -g -O2 -Iinclude -I/cygdrive/c/Users/Kyjor/Documents/Projects/Julia/StaticCompilerGame.jl/SDLCalls/SDL2-2.30.11/include -idirafter /cygdrive/c/Users/Kyjor/Documents/Projects/Julia/StaticCompilerGame.jl/SDLCalls/SDL2-2.30.11/src/video/khronos  -I/usr/include/mingw  -Iinclude -I/cygdrive/c/Users/Kyjor/Documents/Projects/Julia/StaticCompilerGame.jl/SDLCalls/SDL2-2.30.11/include -idirafter /cygdrive/c/Users/Kyjor/Documents/Projects/Julia/StaticCompilerGame.jl/SDLCalls/SDL2-2.30.11/src/video/khronos  -I/usr/include/mingw  conftest.c  >&5
/usr/lib/gcc/x86_64-pc-cygwin/12/../../../../x86_64-pc-cygwin/bin/ld: /cygdrive/c/Users/Kyjor/AppData/Local/Temp/cchj26I4.o: in function `main':
/cygdrive/c/Users/Kyjor/Documents/Projects/Julia/StaticCompilerGame.jl/SDLCalls/SDL2-2.30.11/conftest.c:124:(.text.startup+0xa): undefined reference to `sysctlbyname'
collect2: error: ld returned 1 exit status
configure:20120: $? = 1
configure: failed program was:
| /* confdefs.h */
| #define PACKAGE_NAME ""
| #define PACKAGE_TARNAME ""
| #define PACKAGE_VERSION ""
| #define PACKAGE_STRING ""
| #define PACKAGE_BUGREPORT ""
| #define PACKAGE_URL ""
| #define HAVE_STDIO_H 1
| #define HAVE_STDLIB_H 1
| #define HAVE_STRING_H 1
| #define HAVE_INTTYPES_H 1
| #define HAVE_STDINT_H 1
| #define HAVE_STRINGS_H 1
| #define HAVE_SYS_STAT_H 1
| #define HAVE_SYS_TYPES_H 1
| #define HAVE_UNISTD_H 1
| #define STDC_HEADERS 1
| #define HAVE_DLFCN_H 1
| #define LT_OBJDIR ".libs/"
| #define HAVE_LIBC 1
| #define HAVE_SYS_TYPES_H 1
| #define HAVE_STDIO_H 1
| #define HAVE_STDLIB_H 1
| #define HAVE_STDDEF_H 1
| #define HAVE_STDARG_H 1
| #define HAVE_MALLOC_H 1
| #define HAVE_MEMORY_H 1
| #define HAVE_STRING_H 1
| #define HAVE_STRINGS_H 1
| #define HAVE_WCHAR_H 1
| #define HAVE_INTTYPES_H 1
| #define HAVE_STDINT_H 1
| #define HAVE_LIMITS_H 1
| #define HAVE_CTYPE_H 1
| #define HAVE_MATH_H 1
| #define HAVE_FLOAT_H 1
| #define HAVE_ICONV_H 1
| #define HAVE_SIGNAL_H 1
| #define HAVE_M_PI /**/
| #define HAVE_ALLOCA_H 1
| #define HAVE_ALLOCA 1
| #define HAVE_MPROTECT 1
| #define HAVE_MALLOC 1
| #define HAVE_CALLOC 1
| #define HAVE_REALLOC 1
| #define HAVE_FREE 1
| #define HAVE_GETENV 1
| #define HAVE_SETENV 1
| #define HAVE_PUTENV 1
| #define HAVE_UNSETENV 1
| #define HAVE_BSEARCH 1
| #define HAVE_QSORT 1
| #define HAVE_ABS 1
| #define HAVE_BCOPY 1
| #define HAVE_MEMSET 1
| #define HAVE_MEMCMP 1
| #define HAVE_MEMCPY 1
| #define HAVE_MEMMOVE 1
| #define HAVE_WCSLEN 1
| #define HAVE_WCSLCPY 1
| #define HAVE_WCSLCAT 1
| #define HAVE_WCSDUP 1
| #define HAVE_WCSSTR 1
| #define HAVE_WCSCMP 1
| #define HAVE_WCSNCMP 1
| #define HAVE_WCSCASECMP 1
| #define HAVE_WCSNCASECMP 1
| #define HAVE_STRLEN 1
| #define HAVE_STRLCPY 1
| #define HAVE_STRLCAT 1
| #define HAVE_INDEX 1
| #define HAVE_RINDEX 1
| #define HAVE_STRCHR 1
| #define HAVE_STRRCHR 1
| #define HAVE_STRSTR 1
| #define HAVE_STRTOK_R 1
| #define HAVE_STRTOD 1
| #define HAVE_STRTOL 1
| #define HAVE_STRTOUL 1
| #define HAVE_STRTOLL 1
| #define HAVE_STRTOULL 1
| #define HAVE_ATOI 1
| #define HAVE_ATOF 1
| #define HAVE_STRCMP 1
| #define HAVE_STRNCMP 1
| #define HAVE_STRCASECMP 1
| #define HAVE_STRNCASECMP 1
| #define HAVE_STRCASESTR 1
| #define HAVE_VSSCANF 1
| #define HAVE_VSNPRINTF 1
| #define HAVE_FSEEKO 1
| #define HAVE_SIGACTION 1
| #define HAVE_SETJMP 1
| #define HAVE_NANOSLEEP 1
| #define HAVE_SYSCONF 1
| /* end confdefs.h.  */
| /* Define sysctlbyname to an innocuous variant, in case <limits.h> declares sysctlbyname.
|    For example, HP-UX 11i <limits.h> declares gettimeofday.  */
| #define sysctlbyname innocuous_sysctlbyname
| 
| /* System header to define __stub macros and hopefully few prototypes,
|    which can conflict with char sysctlbyname (void); below.  */
| 
| #include <limits.h>
| #undef sysctlbyname
| 
| /* Override any GCC internal prototype to avoid an error.
|    Use char because int might match the return type of a GCC
|    builtin and then its argument prototype would still apply.  */
| #ifdef __cplusplus
| extern "C"
| #endif
| char sysctlbyname (void);
| /* The GNU C library defines this for functions which it implements
|     to always fail with ENOSYS.  Some functions are actually named
|     something starting with __ and the normal name is an alias.  */
| #if defined __stub_sysctlbyname || defined __stub___sysctlbyname
| choke me
| #endif
| 
| int
| main (void)
| {
| return sysctlbyname ();
|   ;
|   return 0;
| }
configure:20120: result: no
configure:20126: checking for getauxval
configure:20126: gcc -o conftest.exe -g -O2 -Iinclude -I/cygdrive/c/Users/Kyjor/Documents/Projects/Julia/StaticCompilerGame.jl/SDLCalls/SDL2-2.30.11/include -idirafter /cygdrive/c/Users/Kyjor/Documents/Projects/Julia/StaticCompilerGame.jl/SDLCalls/SDL2-2.30.11/src/video/khronos  -I/usr/include/mingw  -Iinclude -I/cygdrive/c/Users/Kyjor/Documents/Projects/Julia/StaticCompilerGame.jl/SDLCalls/SDL2-2.30.11/include -idirafter /cygdrive/c/Users/Kyjor/Documents/Projects/Julia/StaticCompilerGame.jl/SDLCalls/SDL2-2.30.11/src/video/khronos  -I/usr/include/mingw  conftest.c  >&5
/usr/lib/gcc/x86_64-pc-cygwin/12/../../../../x86_64-pc-cygwin/bin/ld: /cygdrive/c/Users/Kyjor/AppData/Local/Temp/ccQVjIbm.o: in function `main':
/cygdrive/c/Users/Kyjor/Documents/Projects/Julia/StaticCompilerGame.jl/SDLCalls/SDL2-2.30.11/conftest.c:124:(.text.startup+0xa): undefined reference to `getauxval'
collect2: error: ld returned 1 exit status
configure:20126: $? = 1
configure: failed program was:
| /* confdefs.h */
| #define PACKAGE_NAME ""
| #define PACKAGE_TARNAME ""
| #define PACKAGE_VERSION ""
| #define PACKAGE_STRING ""
| #define PACKAGE_BUGREPORT ""
| #define PACKAGE_URL ""
| #define HAVE_STDIO_H 1
| #define HAVE_STDLIB_H 1
| #define HAVE_STRING_H 1
| #define HAVE_INTTYPES_H 1
| #define HAVE_STDINT_H 1
| #define HAVE_STRINGS_H 1
| #define HAVE_SYS_STAT_H 1
| #define HAVE_SYS_TYPES_H 1
| #define HAVE_UNISTD_H 1
| #define STDC_HEADERS 1
| #define HAVE_DLFCN_H 1
| #define LT_OBJDIR ".libs/"
| #define HAVE_LIBC 1
| #define HAVE_SYS_TYPES_H 1
| #define HAVE_STDIO_H 1
| #define HAVE_STDLIB_H 1
| #define HAVE_STDDEF_H 1
| #define HAVE_STDARG_H 1
| #define HAVE_MALLOC_H 1
| #define HAVE_MEMORY_H 1
| #define HAVE_STRING_H 1
| #define HAVE_STRINGS_H 1
| #define HAVE_WCHAR_H 1
| #define HAVE_INTTYPES_H 1
| #define HAVE_STDINT_H 1
| #define HAVE_LIMITS_H 1
| #define HAVE_CTYPE_H 1
| #define HAVE_MATH_H 1
| #define HAVE_FLOAT_H 1
| #define HAVE_ICONV_H 1
| #define HAVE_SIGNAL_H 1
| #define HAVE_M_PI /**/
| #define HAVE_ALLOCA_H 1
| #define HAVE_ALLOCA 1
| #define HAVE_MPROTECT 1
| #define HAVE_MALLOC 1
| #define HAVE_CALLOC 1
| #define HAVE_REALLOC 1
| #define HAVE_FREE 1
| #define HAVE_GETENV 1
| #define HAVE_SETENV 1
| #define HAVE_PUTENV 1
| #define HAVE_UNSETENV 1
| #define HAVE_BSEARCH 1
| #define HAVE_QSORT 1
| #define HAVE_ABS 1
| #define HAVE_BCOPY 1
| #define HAVE_MEMSET 1
| #define HAVE_MEMCMP 1
| #define HAVE_MEMCPY 1
| #define HAVE_MEMMOVE 1
| #define HAVE_WCSLEN 1
| #define HAVE_WCSLCPY 1
| #define HAVE_WCSLCAT 1
| #define HAVE_WCSDUP 1
| #define HAVE_WCSSTR 1
| #define HAVE_WCSCMP 1
| #define HAVE_WCSNCMP 1
| #define HAVE_WCSCASECMP 1
| #define HAVE_WCSNCASECMP 1
| #define HAVE_STRLEN 1
| #define HAVE_STRLCPY 1
| #define HAVE_STRLCAT 1
| #define HAVE_INDEX 1
| #define HAVE_RINDEX 1
| #define HAVE_STRCHR 1
| #define HAVE_STRRCHR 1
| #define HAVE_STRSTR 1
| #define HAVE_STRTOK_R 1
| #define HAVE_STRTOD 1
| #define HAVE_STRTOL 1
| #define HAVE_STRTOUL 1
| #define HAVE_STRTOLL 1
| #define HAVE_STRTOULL 1
| #define HAVE_ATOI 1
| #define HAVE_ATOF 1
| #define HAVE_STRCMP 1
| #define HAVE_STRNCMP 1
| #define HAVE_STRCASECMP 1
| #define HAVE_STRNCASECMP 1
| #define HAVE_STRCASESTR 1
| #define HAVE_VSSCANF 1
| #define HAVE_VSNPRINTF 1
| #define HAVE_FSEEKO 1
| #define HAVE_SIGACTION 1
| #define HAVE_SETJMP 1
| #define HAVE_NANOSLEEP 1
| #define HAVE_SYSCONF 1
| /* end confdefs.h.  */
| /* Define getauxval to an innocuous variant, in case <limits.h> declares getauxval.
|    For example, HP-UX 11i <limits.h> declares gettimeofday.  */
| #define getauxval innocuous_getauxval
| 
| /* System header to define __stub macros and hopefully few prototypes,
|    which can conflict with char getauxval (void); below.  */
| 
| #include <limits.h>
| #undef getauxval
| 
| /* Override any GCC internal prototype to avoid an error.
|    Use char because int might match the return type of a GCC
|    builtin and then its argument prototype would still apply.  */
| #ifdef __cplusplus
| extern "C"
| #endif
| char getauxval (void);
| /* The GNU C library defines this for functions which it implements
|     to always fail with ENOSYS.  Some functions are actually named
|     something starting with __ and the normal name is an alias.  */
| #if defined __stub_getauxval || defined __stub___getauxval
| choke me
| #endif
| 
| int
| main (void)
| {
| return getauxval ();
|   ;
|   return 0;
| }
configure:20126: result: no
configure:20132: checking for elf_aux_info
configure:20132: gcc -o conftest.exe -g -O2 -Iinclude -I/cygdrive/c/Users/Kyjor/Documents/Projects/Julia/StaticCompilerGame.jl/SDLCalls/SDL2-2.30.11/include -idirafter /cygdrive/c/Users/Kyjor/Documents/Projects/Julia/StaticCompilerGame.jl/SDLCalls/SDL2-2.30.11/src/video/khronos  -I/usr/include/mingw  -Iinclude -I/cygdrive/c/Users/Kyjor/Documents/Projects/Julia/StaticCompilerGame.jl/SDLCalls/SDL2-2.30.11/include -idirafter /cygdrive/c/Users/Kyjor/Documents/Projects/Julia/StaticCompilerGame.jl/SDLCalls/SDL2-2.30.11/src/video/khronos  -I/usr/include/mingw  conftest.c  >&5
/usr/lib/gcc/x86_64-pc-cygwin/12/../../../../x86_64-pc-cygwin/bin/ld: /cygdrive/c/Users/Kyjor/AppData/Local/Temp/ccr3uBDg.o: in function `main':
/cygdrive/c/Users/Kyjor/Documents/Projects/Julia/StaticCompilerGame.jl/SDLCalls/SDL2-2.30.11/conftest.c:124:(.text.startup+0xa): undefined reference to `elf_aux_info'
collect2: error: ld returned 1 exit status
configure:20132: $? = 1
configure: failed program was:
| /* confdefs.h */
| #define PACKAGE_NAME ""
| #define PACKAGE_TARNAME ""
| #define PACKAGE_VERSION ""
| #define PACKAGE_STRING ""
| #define PACKAGE_BUGREPORT ""
| #define PACKAGE_URL ""
| #define HAVE_STDIO_H 1
| #define HAVE_STDLIB_H 1
| #define HAVE_STRING_H 1
| #define HAVE_INTTYPES_H 1
| #define HAVE_STDINT_H 1
| #define HAVE_STRINGS_H 1
| #define HAVE_SYS_STAT_H 1
| #define HAVE_SYS_TYPES_H 1
| #define HAVE_UNISTD_H 1
| #define STDC_HEADERS 1
| #define HAVE_DLFCN_H 1
| #define LT_OBJDIR ".libs/"
| #define HAVE_LIBC 1
| #define HAVE_SYS_TYPES_H 1
| #define HAVE_STDIO_H 1
| #define HAVE_STDLIB_H 1
| #define HAVE_STDDEF_H 1
| #define HAVE_STDARG_H 1
| #define HAVE_MALLOC_H 1
| #define HAVE_MEMORY_H 1
| #define HAVE_STRING_H 1
| #define HAVE_STRINGS_H 1
| #define HAVE_WCHAR_H 1
| #define HAVE_INTTYPES_H 1
| #define HAVE_STDINT_H 1
| #define HAVE_LIMITS_H 1
| #define HAVE_CTYPE_H 1
| #define HAVE_MATH_H 1
| #define HAVE_FLOAT_H 1
| #define HAVE_ICONV_H 1
| #define HAVE_SIGNAL_H 1
| #define HAVE_M_PI /**/
| #define HAVE_ALLOCA_H 1
| #define HAVE_ALLOCA 1
| #define HAVE_MPROTECT 1
| #define HAVE_MALLOC 1
| #define HAVE_CALLOC 1
| #define HAVE_REALLOC 1
| #define HAVE_FREE 1
| #define HAVE_GETENV 1
| #define HAVE_SETENV 1
| #define HAVE_PUTENV 1
| #define HAVE_UNSETENV 1
| #define HAVE_BSEARCH 1
| #define HAVE_QSORT 1
| #define HAVE_ABS 1
| #define HAVE_BCOPY 1
| #define HAVE_MEMSET 1
| #define HAVE_MEMCMP 1
| #define HAVE_MEMCPY 1
| #define HAVE_MEMMOVE 1
| #define HAVE_WCSLEN 1
| #define HAVE_WCSLCPY 1
| #define HAVE_WCSLCAT 1
| #define HAVE_WCSDUP 1
| #define HAVE_WCSSTR 1
| #define HAVE_WCSCMP 1
| #define HAVE_WCSNCMP 1
| #define HAVE_WCSCASECMP 1
| #define HAVE_WCSNCASECMP 1
| #define HAVE_STRLEN 1
| #define HAVE_STRLCPY 1
| #define HAVE_STRLCAT 1
| #define HAVE_INDEX 1
| #define HAVE_RINDEX 1
| #define HAVE_STRCHR 1
| #define HAVE_STRRCHR 1
| #define HAVE_STRSTR 1
| #define HAVE_STRTOK_R 1
| #define HAVE_STRTOD 1
| #define HAVE_STRTOL 1
| #define HAVE_STRTOUL 1
| #define HAVE_STRTOLL 1
| #define HAVE_STRTOULL 1
| #define HAVE_ATOI 1
| #define HAVE_ATOF 1
| #define HAVE_STRCMP 1
| #define HAVE_STRNCMP 1
| #define HAVE_STRCASECMP 1
| #define HAVE_STRNCASECMP 1
| #define HAVE_STRCASESTR 1
| #define HAVE_VSSCANF 1
| #define HAVE_VSNPRINTF 1
| #define HAVE_FSEEKO 1
| #define HAVE_SIGACTION 1
| #define HAVE_SETJMP 1
| #define HAVE_NANOSLEEP 1
| #define HAVE_SYSCONF 1
| /* end confdefs.h.  */
| /* Define elf_aux_info to an innocuous variant, in case <limits.h> declares elf_aux_info.
|    For example, HP-UX 11i <limits.h> declares gettimeofday.  */
| #define elf_aux_info innocuous_elf_aux_info
| 
| /* System header to define __stub macros and hopefully few prototypes,
|    which can conflict with char elf_aux_info (void); below.  */
| 
| #include <limits.h>
| #undef elf_aux_info
| 
| /* Override any GCC internal prototype to avoid an error.
|    Use char because int might match the return type of a GCC
|    builtin and then its argument prototype would still apply.  */
| #ifdef __cplusplus
| extern "C"
| #endif
| char elf_aux_info (void);
| /* The GNU C library defines this for functions which it implements
|     to always fail with ENOSYS.  Some functions are actually named
|     something starting with __ and the normal name is an alias.  */
| #if defined __stub_elf_aux_info || defined __stub___elf_aux_info
| choke me
| #endif
| 
| int
| main (void)
| {
| return elf_aux_info ();
|   ;
|   return 0;
| }
configure:20132: result: no
configure:20138: checking for poll
configure:20138: gcc -o conftest.exe -g -O2 -Iinclude -I/cygdrive/c/Users/Kyjor/Documents/Projects/Julia/StaticCompilerGame.jl/SDLCalls/SDL2-2.30.11/include -idirafter /cygdrive/c/Users/Kyjor/Documents/Projects/Julia/StaticCompilerGame.jl/SDLCalls/SDL2-2.30.11/src/video/khronos  -I/usr/include/mingw  -Iinclude -I/cygdrive/c/Users/Kyjor/Documents/Projects/Julia/StaticCompilerGame.jl/SDLCalls/SDL2-2.30.11/include -idirafter /cygdrive/c/Users/Kyjor/Documents/Projects/Julia/StaticCompilerGame.jl/SDLCalls/SDL2-2.30.11/src/video/khronos  -I/usr/include/mingw  conftest.c  >&5
configure:20138: $? = 0
configure:20138: result: yes
configure:20144: checking for memfd_create
configure:20144: gcc -o conftest.exe -g -O2 -Iinclude -I/cygdrive/c/Users/Kyjor/Documents/Projects/Julia/StaticCompilerGame.jl/SDLCalls/SDL2-2.30.11/include -idirafter /cygdrive/c/Users/Kyjor/Documents/Projects/Julia/StaticCompilerGame.jl/SDLCalls/SDL2-2.30.11/src/video/khronos  -I/usr/include/mingw  -Iinclude -I/cygdrive/c/Users/Kyjor/Documents/Projects/Julia/StaticCompilerGame.jl/SDLCalls/SDL2-2.30.11/include -idirafter /cygdrive/c/Users/Kyjor/Documents/Projects/Julia/StaticCompilerGame.jl/SDLCalls/SDL2-2.30.11/src/video/khronos  -I/usr/include/mingw  conftest.c  >&5
/usr/lib/gcc/x86_64-pc-cygwin/12/../../../../x86_64-pc-cygwin/bin/ld: /cygdrive/c/Users/Kyjor/AppData/Local/Temp/ccjFIJHc.o: in function `main':
/cygdrive/c/Users/Kyjor/Documents/Projects/Julia/StaticCompilerGame.jl/SDLCalls/SDL2-2.30.11/conftest.c:125:(.text.startup+0xa): undefined reference to `memfd_create'
collect2: error: ld returned 1 exit status
configure:20144: $? = 1
configure: failed program was:
| /* confdefs.h */
| #define PACKAGE_NAME ""
| #define PACKAGE_TARNAME ""
| #define PACKAGE_VERSION ""
| #define PACKAGE_STRING ""
| #define PACKAGE_BUGREPORT ""
| #define PACKAGE_URL ""
| #define HAVE_STDIO_H 1
| #define HAVE_STDLIB_H 1
| #define HAVE_STRING_H 1
| #define HAVE_INTTYPES_H 1
| #define HAVE_STDINT_H 1
| #define HAVE_STRINGS_H 1
| #define HAVE_SYS_STAT_H 1
| #define HAVE_SYS_TYPES_H 1
| #define HAVE_UNISTD_H 1
| #define STDC_HEADERS 1
| #define HAVE_DLFCN_H 1
| #define LT_OBJDIR ".libs/"
| #define HAVE_LIBC 1
| #define HAVE_SYS_TYPES_H 1
| #define HAVE_STDIO_H 1
| #define HAVE_STDLIB_H 1
| #define HAVE_STDDEF_H 1
| #define HAVE_STDARG_H 1
| #define HAVE_MALLOC_H 1
| #define HAVE_MEMORY_H 1
| #define HAVE_STRING_H 1
| #define HAVE_STRINGS_H 1
| #define HAVE_WCHAR_H 1
| #define HAVE_INTTYPES_H 1
| #define HAVE_STDINT_H 1
| #define HAVE_LIMITS_H 1
| #define HAVE_CTYPE_H 1
| #define HAVE_MATH_H 1
| #define HAVE_FLOAT_H 1
| #define HAVE_ICONV_H 1
| #define HAVE_SIGNAL_H 1
| #define HAVE_M_PI /**/
| #define HAVE_ALLOCA_H 1
| #define HAVE_ALLOCA 1
| #define HAVE_MPROTECT 1
| #define HAVE_MALLOC 1
| #define HAVE_CALLOC 1
| #define HAVE_REALLOC 1
| #define HAVE_FREE 1
| #define HAVE_GETENV 1
| #define HAVE_SETENV 1
| #define HAVE_PUTENV 1
| #define HAVE_UNSETENV 1
| #define HAVE_BSEARCH 1
| #define HAVE_QSORT 1
| #define HAVE_ABS 1
| #define HAVE_BCOPY 1
| #define HAVE_MEMSET 1
| #define HAVE_MEMCMP 1
| #define HAVE_MEMCPY 1
| #define HAVE_MEMMOVE 1
| #define HAVE_WCSLEN 1
| #define HAVE_WCSLCPY 1
| #define HAVE_WCSLCAT 1
| #define HAVE_WCSDUP 1
| #define HAVE_WCSSTR 1
| #define HAVE_WCSCMP 1
| #define HAVE_WCSNCMP 1
| #define HAVE_WCSCASECMP 1
| #define HAVE_WCSNCASECMP 1
| #define HAVE_STRLEN 1
| #define HAVE_STRLCPY 1
| #define HAVE_STRLCAT 1
| #define HAVE_INDEX 1
| #define HAVE_RINDEX 1
| #define HAVE_STRCHR 1
| #define HAVE_STRRCHR 1
| #define HAVE_STRSTR 1
| #define HAVE_STRTOK_R 1
| #define HAVE_STRTOD 1
| #define HAVE_STRTOL 1
| #define HAVE_STRTOUL 1
| #define HAVE_STRTOLL 1
| #define HAVE_STRTOULL 1
| #define HAVE_ATOI 1
| #define HAVE_ATOF 1
| #define HAVE_STRCMP 1
| #define HAVE_STRNCMP 1
| #define HAVE_STRCASECMP 1
| #define HAVE_STRNCASECMP 1
| #define HAVE_STRCASESTR 1
| #define HAVE_VSSCANF 1
| #define HAVE_VSNPRINTF 1
| #define HAVE_FSEEKO 1
| #define HAVE_SIGACTION 1
| #define HAVE_SETJMP 1
| #define HAVE_NANOSLEEP 1
| #define HAVE_SYSCONF 1
| #define HAVE_POLL 1
| /* end confdefs.h.  */
| /* Define memfd_create to an innocuous variant, in case <limits.h> declares memfd_create.
|    For example, HP-UX 11i <limits.h> declares gettimeofday.  */
| #define memfd_create innocuous_memfd_create
| 
| /* System header to define __stub macros and hopefully few prototypes,
|    which can conflict with char memfd_create (void); below.  */
| 
| #include <limits.h>
| #undef memfd_create
| 
| /* Override any GCC internal prototype to avoid an error.
|    Use char because int might match the return type of a GCC
|    builtin and then its argument prototype would still apply.  */
| #ifdef __cplusplus
| extern "C"
| #endif
| char memfd_create (void);
| /* The GNU C library defines this for functions which it implements
|     to always fail with ENOSYS.  Some functions are actually named
|     something starting with __ and the normal name is an alias.  */
| #if defined __stub_memfd_create || defined __stub___memfd_create
| choke me
| #endif
| 
| int
| main (void)
| {
| return memfd_create ();
|   ;
|   return 0;
| }
configure:20144: result: no
configure:20150: checking for posix_fallocate
configure:20150: gcc -o conftest.exe -g -O2 -Iinclude -I/cygdrive/c/Users/Kyjor/Documents/Projects/Julia/StaticCompilerGame.jl/SDLCalls/SDL2-2.30.11/include -idirafter /cygdrive/c/Users/Kyjor/Documents/Projects/Julia/StaticCompilerGame.jl/SDLCalls/SDL2-2.30.11/src/video/khronos  -I/usr/include/mingw  -Iinclude -I/cygdrive/c/Users/Kyjor/Documents/Projects/Julia/StaticCompilerGame.jl/SDLCalls/SDL2-2.30.11/include -idirafter /cygdrive/c/Users/Kyjor/Documents/Projects/Julia/StaticCompilerGame.jl/SDLCalls/SDL2-2.30.11/src/video/khronos  -I/usr/include/mingw  conftest.c  >&5
configure:20150: $? = 0
configure:20150: result: yes
configure:20156: checking for _Exit
configure:20156: gcc -o conftest.exe -g -O2 -Iinclude -I/cygdrive/c/Users/Kyjor/Documents/Projects/Julia/StaticCompilerGame.jl/SDLCalls/SDL2-2.30.11/include -idirafter /cygdrive/c/Users/Kyjor/Documents/Projects/Julia/StaticCompilerGame.jl/SDLCalls/SDL2-2.30.11/src/video/khronos  -I/usr/include/mingw  -Iinclude -I/cygdrive/c/Users/Kyjor/Documents/Projects/Julia/StaticCompilerGame.jl/SDLCalls/SDL2-2.30.11/include -idirafter /cygdrive/c/Users/Kyjor/Documents/Projects/Julia/StaticCompilerGame.jl/SDLCalls/SDL2-2.30.11/src/video/khronos  -I/usr/include/mingw  conftest.c  >&5
conftest.c:115:6: warning: conflicting types for built-in function '_Exit'; expected 'void(int)' [-Wbuiltin-declaration-mismatch]
  115 | char _Exit (void);
      |      ^~~~~
conftest.c:107:1: note: '_Exit' is declared in header '<stdlib.h>'
  106 | #include <limits.h>
  107 | #undef _Exit
configure:20156: $? = 0
configure:20156: result: yes
configure:20164: checking for pow in -lm
configure:20193: gcc -o conftest.exe -g -O2 -Iinclude -I/cygdrive/c/Users/Kyjor/Documents/Projects/Julia/StaticCompilerGame.jl/SDLCalls/SDL2-2.30.11/include -idirafter /cygdrive/c/Users/Kyjor/Documents/Projects/Julia/StaticCompilerGame.jl/SDLCalls/SDL2-2.30.11/src/video/khronos  -I/usr/include/mingw  -Iinclude -I/cygdrive/c/Users/Kyjor/Documents/Projects/Julia/StaticCompilerGame.jl/SDLCalls/SDL2-2.30.11/include -idirafter /cygdrive/c/Users/Kyjor/Documents/Projects/Julia/StaticCompilerGame.jl/SDLCalls/SDL2-2.30.11/src/video/khronos  -I/usr/include/mingw  conftest.c -lm   >&5
conftest.c:110:6: warning: conflicting types for built-in function 'pow'; expected 'double(double,  double)' [-Wbuiltin-declaration-mismatch]
  110 | char pow (void);
      |      ^~~
conftest.c:1:1: note: 'pow' is declared in header '<math.h>'
    1 | /* confdefs.h */
configure:20193: $? = 0
configure:20205: result: yes
configure:20212: checking for acos
configure:20212: gcc -o conftest.exe -g -O2 -Iinclude -I/cygdrive/c/Users/Kyjor/Documents/Projects/Julia/StaticCompilerGame.jl/SDLCalls/SDL2-2.30.11/include -idirafter /cygdrive/c/Users/Kyjor/Documents/Projects/Julia/StaticCompilerGame.jl/SDLCalls/SDL2-2.30.11/src/video/khronos  -I/usr/include/mingw  -Iinclude -I/cygdrive/c/Users/Kyjor/Documents/Projects/Julia/StaticCompilerGame.jl/SDLCalls/SDL2-2.30.11/include -idirafter /cygdrive/c/Users/Kyjor/Documents/Projects/Julia/StaticCompilerGame.jl/SDLCalls/SDL2-2.30.11/src/video/khronos  -I/usr/include/mingw  conftest.c  -lm >&5
conftest.c:116:6: warning: conflicting types for built-in function 'acos'; expected 'double(double)' [-Wbuiltin-declaration-mismatch]
  116 | char acos (void);
      |      ^~~~
conftest.c:108:1: note: 'acos' is declared in header '<math.h>'
  107 | #include <limits.h>
  108 | #undef acos
configure:20212: $? = 0
configure:20212: result: yes
configure:20218: checking for acosf
configure:20218: gcc -o conftest.exe -g -O2 -Iinclude -I/cygdrive/c/Users/Kyjor/Documents/Projects/Julia/StaticCompilerGame.jl/SDLCalls/SDL2-2.30.11/include -idirafter /cygdrive/c/Users/Kyjor/Documents/Projects/Julia/StaticCompilerGame.jl/SDLCalls/SDL2-2.30.11/src/video/khronos  -I/usr/include/mingw  -Iinclude -I/cygdrive/c/Users/Kyjor/Documents/Projects/Julia/StaticCompilerGame.jl/SDLCalls/SDL2-2.30.11/include -idirafter /cygdrive/c/Users/Kyjor/Documents/Projects/Julia/StaticCompilerGame.jl/SDLCalls/SDL2-2.30.11/src/video/khronos  -I/usr/include/mingw  conftest.c  -lm >&5
conftest.c:117:6: warning: conflicting types for built-in function 'acosf'; expected 'float(float)' [-Wbuiltin-declaration-mismatch]
  117 | char acosf (void);
      |      ^~~~~
conftest.c:109:1: note: 'acosf' is declared in header '<math.h>'
  108 | #include <limits.h>
  109 | #undef acosf
configure:20218: $? = 0
configure:20218: result: yes
configure:20224: checking for asin
configure:20224: gcc -o conftest.exe -g -O2 -Iinclude -I/cygdrive/c/Users/Kyjor/Documents/Projects/Julia/StaticCompilerGame.jl/SDLCalls/SDL2-2.30.11/include -idirafter /cygdrive/c/Users/Kyjor/Documents/Projects/Julia/StaticCompilerGame.jl/SDLCalls/SDL2-2.30.11/src/video/khronos  -I/usr/include/mingw  -Iinclude -I/cygdrive/c/Users/Kyjor/Documents/Projects/Julia/StaticCompilerGame.jl/SDLCalls/SDL2-2.30.11/include -idirafter /cygdrive/c/Users/Kyjor/Documents/Projects/Julia/StaticCompilerGame.jl/SDLCalls/SDL2-2.30.11/src/video/khronos  -I/usr/include/mingw  conftest.c  -lm >&5
conftest.c:118:6: warning: conflicting types for built-in function 'asin'; expected 'double(double)' [-Wbuiltin-declaration-mismatch]
  118 | char asin (void);
      |      ^~~~
conftest.c:110:1: note: 'asin' is declared in header '<math.h>'
  109 | #include <limits.h>
  110 | #undef asin
configure:20224: $? = 0
configure:20224: result: yes
configure:20230: checking for asinf
configure:20230: gcc -o conftest.exe -g -O2 -Iinclude -I/cygdrive/c/Users/Kyjor/Documents/Projects/Julia/StaticCompilerGame.jl/SDLCalls/SDL2-2.30.11/include -idirafter /cygdrive/c/Users/Kyjor/Documents/Projects/Julia/StaticCompilerGame.jl/SDLCalls/SDL2-2.30.11/src/video/khronos  -I/usr/include/mingw  -Iinclude -I/cygdrive/c/Users/Kyjor/Documents/Projects/Julia/StaticCompilerGame.jl/SDLCalls/SDL2-2.30.11/include -idirafter /cygdrive/c/Users/Kyjor/Documents/Projects/Julia/StaticCompilerGame.jl/SDLCalls/SDL2-2.30.11/src/video/khronos  -I/usr/include/mingw  conftest.c  -lm >&5
conftest.c:119:6: warning: conflicting types for built-in function 'asinf'; expected 'float(float)' [-Wbuiltin-declaration-mismatch]
  119 | char asinf (void);
      |      ^~~~~
conftest.c:111:1: note: 'asinf' is declared in header '<math.h>'
  110 | #include <limits.h>
  111 | #undef asinf
configure:20230: $? = 0
configure:20230: result: yes
configure:20236: checking for atan
configure:20236: gcc -o conftest.exe -g -O2 -Iinclude -I/cygdrive/c/Users/Kyjor/Documents/Projects/Julia/StaticCompilerGame.jl/SDLCalls/SDL2-2.30.11/include -idirafter /cygdrive/c/Users/Kyjor/Documents/Projects/Julia/StaticCompilerGame.jl/SDLCalls/SDL2-2.30.11/src/video/khronos  -I/usr/include/mingw  -Iinclude -I/cygdrive/c/Users/Kyjor/Documents/Projects/Julia/StaticCompilerGame.jl/SDLCalls/SDL2-2.30.11/include -idirafter /cygdrive/c/Users/Kyjor/Documents/Projects/Julia/StaticCompilerGame.jl/SDLCalls/SDL2-2.30.11/src/video/khronos  -I/usr/include/mingw  conftest.c  -lm >&5
conftest.c:120:6: warning: conflicting types for built-in function 'atan'; expected 'double(double)' [-Wbuiltin-declaration-mismatch]
  120 | char atan (void);
      |      ^~~~
conftest.c:112:1: note: 'atan' is declared in header '<math.h>'
  111 | #include <limits.h>
  112 | #undef atan
configure:20236: $? = 0
configure:20236: result: yes
configure:20242: checking for atanf
configure:20242: gcc -o conftest.exe -g -O2 -Iinclude -I/cygdrive/c/Users/Kyjor/Documents/Projects/Julia/StaticCompilerGame.jl/SDLCalls/SDL2-2.30.11/include -idirafter /cygdrive/c/Users/Kyjor/Documents/Projects/Julia/StaticCompilerGame.jl/SDLCalls/SDL2-2.30.11/src/video/khronos  -I/usr/include/mingw  -Iinclude -I/cygdrive/c/Users/Kyjor/Documents/Projects/Julia/StaticCompilerGame.jl/SDLCalls/SDL2-2.30.11/include -idirafter /cygdrive/c/Users/Kyjor/Documents/Projects/Julia/StaticCompilerGame.jl/SDLCalls/SDL2-2.30.11/src/video/khronos  -I/usr/include/mingw  conftest.c  -lm >&5
conftest.c:121:6: warning: conflicting types for built-in function 'atanf'; expected 'float(float)' [-Wbuiltin-declaration-mismatch]
  121 | char atanf (void);
      |      ^~~~~
conftest.c:113:1: note: 'atanf' is declared in header '<math.h>'
  112 | #include <limits.h>
  113 | #undef atanf
configure:20242: $? = 0
configure:20242: result: yes
configure:20248: checking for atan2
configure:20248: gcc -o conftest.exe -g -O2 -Iinclude -I/cygdrive/c/Users/Kyjor/Documents/Projects/Julia/StaticCompilerGame.jl/SDLCalls/SDL2-2.30.11/include -idirafter /cygdrive/c/Users/Kyjor/Documents/Projects/Julia/StaticCompilerGame.jl/SDLCalls/SDL2-2.30.11/src/video/khronos  -I/usr/include/mingw  -Iinclude -I/cygdrive/c/Users/Kyjor/Documents/Projects/Julia/StaticCompilerGame.jl/SDLCalls/SDL2-2.30.11/include -idirafter /cygdrive/c/Users/Kyjor/Documents/Projects/Julia/StaticCompilerGame.jl/SDLCalls/SDL2-2.30.11/src/video/khronos  -I/usr/include/mingw  conftest.c  -lm >&5
conftest.c:122:6: warning: conflicting types for built-in function 'atan2'; expected 'double(double,  double)' [-Wbuiltin-declaration-mismatch]
  122 | char atan2 (void);
      |      ^~~~~
conftest.c:114:1: note: 'atan2' is declared in header '<math.h>'
  113 | #include <limits.h>
  114 | #undef atan2
configure:20248: $? = 0
configure:20248: result: yes
configure:20254: checking for atan2f
configure:20254: gcc -o conftest.exe -g -O2 -Iinclude -I/cygdrive/c/Users/Kyjor/Documents/Projects/Julia/StaticCompilerGame.jl/SDLCalls/SDL2-2.30.11/include -idirafter /cygdrive/c/Users/Kyjor/Documents/Projects/Julia/StaticCompilerGame.jl/SDLCalls/SDL2-2.30.11/src/video/khronos  -I/usr/include/mingw  -Iinclude -I/cygdrive/c/Users/Kyjor/Documents/Projects/Julia/StaticCompilerGame.jl/SDLCalls/SDL2-2.30.11/include -idirafter /cygdrive/c/Users/Kyjor/Documents/Projects/Julia/StaticCompilerGame.jl/SDLCalls/SDL2-2.30.11/src/video/khronos  -I/usr/include/mingw  conftest.c  -lm >&5
conftest.c:123:6: warning: conflicting types for built-in function 'atan2f'; expected 'float(float,  float)' [-Wbuiltin-declaration-mismatch]
  123 | char atan2f (void);
      |      ^~~~~~
conftest.c:115:1: note: 'atan2f' is declared in header '<math.h>'
  114 | #include <limits.h>
  115 | #undef atan2f
configure:20254: $? = 0
configure:20254: result: yes
configure:20260: checking for ceil
configure:20260: gcc -o conftest.exe -g -O2 -Iinclude -I/cygdrive/c/Users/Kyjor/Documents/Projects/Julia/StaticCompilerGame.jl/SDLCalls/SDL2-2.30.11/include -idirafter /cygdrive/c/Users/Kyjor/Documents/Projects/Julia/StaticCompilerGame.jl/SDLCalls/SDL2-2.30.11/src/video/khronos  -I/usr/include/mingw  -Iinclude -I/cygdrive/c/Users/Kyjor/Documents/Projects/Julia/StaticCompilerGame.jl/SDLCalls/SDL2-2.30.11/include -idirafter /cygdrive/c/Users/Kyjor/Documents/Projects/Julia/StaticCompilerGame.jl/SDLCalls/SDL2-2.30.11/src/video/khronos  -I/usr/include/mingw  conftest.c  -lm >&5
conftest.c:124:6: warning: conflicting types for built-in function 'ceil'; expected 'double(double)' [-Wbuiltin-declaration-mismatch]
  124 | char ceil (void);
      |      ^~~~
conftest.c:116:1: note: 'ceil' is declared in header '<math.h>'
  115 | #include <limits.h>
  116 | #undef ceil
configure:20260: $? = 0
configure:20260: result: yes
configure:20266: checking for ceilf
configure:20266: gcc -o conftest.exe -g -O2 -Iinclude -I/cygdrive/c/Users/Kyjor/Documents/Projects/Julia/StaticCompilerGame.jl/SDLCalls/SDL2-2.30.11/include -idirafter /cygdrive/c/Users/Kyjor/Documents/Projects/Julia/StaticCompilerGame.jl/SDLCalls/SDL2-2.30.11/src/video/khronos  -I/usr/include/mingw  -Iinclude -I/cygdrive/c/Users/Kyjor/Documents/Projects/Julia/StaticCompilerGame.jl/SDLCalls/SDL2-2.30.11/include -idirafter /cygdrive/c/Users/Kyjor/Documents/Projects/Julia/StaticCompilerGame.jl/SDLCalls/SDL2-2.30.11/src/video/khronos  -I/usr/include/mingw  conftest.c  -lm >&5
conftest.c:125:6: warning: conflicting types for built-in function 'ceilf'; expected 'float(float)' [-Wbuiltin-declaration-mismatch]
  125 | char ceilf (void);
      |      ^~~~~
conftest.c:117:1: note: 'ceilf' is declared in header '<math.h>'
  116 | #include <limits.h>
  117 | #undef ceilf
configure:20266: $? = 0
configure:20266: result: yes
configure:20272: checking for copysign
configure:20272: gcc -o conftest.exe -g -O2 -Iinclude -I/cygdrive/c/Users/Kyjor/Documents/Projects/Julia/StaticCompilerGame.jl/SDLCalls/SDL2-2.30.11/include -idirafter /cygdrive/c/Users/Kyjor/Documents/Projects/Julia/StaticCompilerGame.jl/SDLCalls/SDL2-2.30.11/src/video/khronos  -I/usr/include/mingw  -Iinclude -I/cygdrive/c/Users/Kyjor/Documents/Projects/Julia/StaticCompilerGame.jl/SDLCalls/SDL2-2.30.11/include -idirafter /cygdrive/c/Users/Kyjor/Documents/Projects/Julia/StaticCompilerGame.jl/SDLCalls/SDL2-2.30.11/src/video/khronos  -I/usr/include/mingw  conftest.c  -lm >&5
conftest.c:126:6: warning: conflicting types for built-in function 'copysign'; expected 'double(double,  double)' [-Wbuiltin-declaration-mismatch]
  126 | char copysign (void);
      |      ^~~~~~~~
conftest.c:118:1: note: 'copysign' is declared in header '<math.h>'
  117 | #include <limits.h>
  118 | #undef copysign
configure:20272: $? = 0
configure:20272: result: yes
configure:20278: checking for copysignf
configure:20278: gcc -o conftest.exe -g -O2 -Iinclude -I/cygdrive/c/Users/Kyjor/Documents/Projects/Julia/StaticCompilerGame.jl/SDLCalls/SDL2-2.30.11/include -idirafter /cygdrive/c/Users/Kyjor/Documents/Projects/Julia/StaticCompilerGame.jl/SDLCalls/SDL2-2.30.11/src/video/khronos  -I/usr/include/mingw  -Iinclude -I/cygdrive/c/Users/Kyjor/Documents/Projects/Julia/StaticCompilerGame.jl/SDLCalls/SDL2-2.30.11/include -idirafter /cygdrive/c/Users/Kyjor/Documents/Projects/Julia/StaticCompilerGame.jl/SDLCalls/SDL2-2.30.11/src/video/khronos  -I/usr/include/mingw  conftest.c  -lm >&5
conftest.c:127:6: warning: conflicting types for built-in function 'copysignf'; expected 'float(float,  float)' [-Wbuiltin-declaration-mismatch]
  127 | char copysignf (void);
      |      ^~~~~~~~~
conftest.c:119:1: note: 'copysignf' is declared in header '<math.h>'
  118 | #include <limits.h>
  119 | #undef copysignf
configure:20278: $? = 0
configure:20278: result: yes
configure:20284: checking for cos
configure:20284: gcc -o conftest.exe -g -O2 -Iinclude -I/cygdrive/c/Users/Kyjor/Documents/Projects/Julia/StaticCompilerGame.jl/SDLCalls/SDL2-2.30.11/include -idirafter /cygdrive/c/Users/Kyjor/Documents/Projects/Julia/StaticCompilerGame.jl/SDLCalls/SDL2-2.30.11/src/video/khronos  -I/usr/include/mingw  -Iinclude -I/cygdrive/c/Users/Kyjor/Documents/Projects/Julia/StaticCompilerGame.jl/SDLCalls/SDL2-2.30.11/include -idirafter /cygdrive/c/Users/Kyjor/Documents/Projects/Julia/StaticCompilerGame.jl/SDLCalls/SDL2-2.30.11/src/video/khronos  -I/usr/include/mingw  conftest.c  -lm >&5
conftest.c:128:6: warning: conflicting types for built-in function 'cos'; expected 'double(double)' [-Wbuiltin-declaration-mismatch]
  128 | char cos (void);
      |      ^~~
conftest.c:120:1: note: 'cos' is declared in header '<math.h>'
  119 | #include <limits.h>
  120 | #undef cos
configure:20284: $? = 0
configure:20284: result: yes
configure:20290: checking for cosf
configure:20290: gcc -o conftest.exe -g -O2 -Iinclude -I/cygdrive/c/Users/Kyjor/Documents/Projects/Julia/StaticCompilerGame.jl/SDLCalls/SDL2-2.30.11/include -idirafter /cygdrive/c/Users/Kyjor/Documents/Projects/Julia/StaticCompilerGame.jl/SDLCalls/SDL2-2.30.11/src/video/khronos  -I/usr/include/mingw  -Iinclude -I/cygdrive/c/Users/Kyjor/Documents/Projects/Julia/StaticCompilerGame.jl/SDLCalls/SDL2-2.30.11/include -idirafter /cygdrive/c/Users/Kyjor/Documents/Projects/Julia/StaticCompilerGame.jl/SDLCalls/SDL2-2.30.11/src/video/khronos  -I/usr/include/mingw  conftest.c  -lm >&5
conftest.c:129:6: warning: conflicting types for built-in function 'cosf'; expected 'float(float)' [-Wbuiltin-declaration-mismatch]
  129 | char cosf (void);
      |      ^~~~
conftest.c:121:1: note: 'cosf' is declared in header '<math.h>'
  120 | #include <limits.h>
  121 | #undef cosf
configure:20290: $? = 0
configure:20290: result: yes
configure:20296: checking for exp
configure:20296: gcc -o conftest.exe -g -O2 -Iinclude -I/cygdrive/c/Users/Kyjor/Documents/Projects/Julia/StaticCompilerGame.jl/SDLCalls/SDL2-2.30.11/include -idirafter /cygdrive/c/Users/Kyjor/Documents/Projects/Julia/StaticCompilerGame.jl/SDLCalls/SDL2-2.30.11/src/video/khronos  -I/usr/include/mingw  -Iinclude -I/cygdrive/c/Users/Kyjor/Documents/Projects/Julia/StaticCompilerGame.jl/SDLCalls/SDL2-2.30.11/include -idirafter /cygdrive/c/Users/Kyjor/Documents/Projects/Julia/StaticCompilerGame.jl/SDLCalls/SDL2-2.30.11/src/video/khronos  -I/usr/include/mingw  conftest.c  -lm >&5
conftest.c:130:6: warning: conflicting types for built-in function 'exp'; expected 'double(double)' [-Wbuiltin-declaration-mismatch]
  130 | char exp (void);
      |      ^~~
conftest.c:122:1: note: 'exp' is declared in header '<math.h>'
  121 | #include <limits.h>
  122 | #undef exp
configure:20296: $? = 0
configure:20296: result: yes
configure:20302: checking for expf
configure:20302: gcc -o conftest.exe -g -O2 -Iinclude -I/cygdrive/c/Users/Kyjor/Documents/Projects/Julia/StaticCompilerGame.jl/SDLCalls/SDL2-2.30.11/include -idirafter /cygdrive/c/Users/Kyjor/Documents/Projects/Julia/StaticCompilerGame.jl/SDLCalls/SDL2-2.30.11/src/video/khronos  -I/usr/include/mingw  -Iinclude -I/cygdrive/c/Users/Kyjor/Documents/Projects/Julia/StaticCompilerGame.jl/SDLCalls/SDL2-2.30.11/include -idirafter /cygdrive/c/Users/Kyjor/Documents/Projects/Julia/StaticCompilerGame.jl/SDLCalls/SDL2-2.30.11/src/video/khronos  -I/usr/include/mingw  conftest.c  -lm >&5
conftest.c:131:6: warning: conflicting types for built-in function 'expf'; expected 'float(float)' [-Wbuiltin-declaration-mismatch]
  131 | char expf (void);
      |      ^~~~
conftest.c:123:1: note: 'expf' is declared in header '<math.h>'
  122 | #include <limits.h>
  123 | #undef expf
configure:20302: $? = 0
configure:20302: result: yes
configure:20308: checking for fabs
configure:20308: gcc -o conftest.exe -g -O2 -Iinclude -I/cygdrive/c/Users/Kyjor/Documents/Projects/Julia/StaticCompilerGame.jl/SDLCalls/SDL2-2.30.11/include -idirafter /cygdrive/c/Users/Kyjor/Documents/Projects/Julia/StaticCompilerGame.jl/SDLCalls/SDL2-2.30.11/src/video/khronos  -I/usr/include/mingw  -Iinclude -I/cygdrive/c/Users/Kyjor/Documents/Projects/Julia/StaticCompilerGame.jl/SDLCalls/SDL2-2.30.11/include -idirafter /cygdrive/c/Users/Kyjor/Documents/Projects/Julia/StaticCompilerGame.jl/SDLCalls/SDL2-2.30.11/src/video/khronos  -I/usr/include/mingw  conftest.c  -lm >&5
conftest.c:132:6: warning: conflicting types for built-in function 'fabs'; expected 'double(double)' [-Wbuiltin-declaration-mismatch]
  132 | char fabs (void);
      |      ^~~~
conftest.c:124:1: note: 'fabs' is declared in header '<math.h>'
  123 | #include <limits.h>
  124 | #undef fabs
configure:20308: $? = 0
configure:20308: result: yes
configure:20314: checking for fabsf
configure:20314: gcc -o conftest.exe -g -O2 -Iinclude -I/cygdrive/c/Users/Kyjor/Documents/Projects/Julia/StaticCompilerGame.jl/SDLCalls/SDL2-2.30.11/include -idirafter /cygdrive/c/Users/Kyjor/Documents/Projects/Julia/StaticCompilerGame.jl/SDLCalls/SDL2-2.30.11/src/video/khronos  -I/usr/include/mingw  -Iinclude -I/cygdrive/c/Users/Kyjor/Documents/Projects/Julia/StaticCompilerGame.jl/SDLCalls/SDL2-2.30.11/include -idirafter /cygdrive/c/Users/Kyjor/Documents/Projects/Julia/StaticCompilerGame.jl/SDLCalls/SDL2-2.30.11/src/video/khronos  -I/usr/include/mingw  conftest.c  -lm >&5
conftest.c:133:6: warning: conflicting types for built-in function 'fabsf'; expected 'float(float)' [-Wbuiltin-declaration-mismatch]
  133 | char fabsf (void);
      |      ^~~~~
conftest.c:125:1: note: 'fabsf' is declared in header '<math.h>'
  124 | #include <limits.h>
  125 | #undef fabsf
configure:20314: $? = 0
configure:20314: result: yes
configure:20320: checking for floor
configure:20320: gcc -o conftest.exe -g -O2 -Iinclude -I/cygdrive/c/Users/Kyjor/Documents/Projects/Julia/StaticCompilerGame.jl/SDLCalls/SDL2-2.30.11/include -idirafter /cygdrive/c/Users/Kyjor/Documents/Projects/Julia/StaticCompilerGame.jl/SDLCalls/SDL2-2.30.11/src/video/khronos  -I/usr/include/mingw  -Iinclude -I/cygdrive/c/Users/Kyjor/Documents/Projects/Julia/StaticCompilerGame.jl/SDLCalls/SDL2-2.30.11/include -idirafter /cygdrive/c/Users/Kyjor/Documents/Projects/Julia/StaticCompilerGame.jl/SDLCalls/SDL2-2.30.11/src/video/khronos  -I/usr/include/mingw  conftest.c  -lm >&5
conftest.c:134:6: warning: conflicting types for built-in function 'floor'; expected 'double(double)' [-Wbuiltin-declaration-mismatch]
  134 | char floor (void);
      |      ^~~~~
conftest.c:126:1: note: 'floor' is declared in header '<math.h>'
  125 | #include <limits.h>
  126 | #undef floor
configure:20320: $? = 0
configure:20320: result: yes
configure:20326: checking for floorf
configure:20326: gcc -o conftest.exe -g -O2 -Iinclude -I/cygdrive/c/Users/Kyjor/Documents/Projects/Julia/StaticCompilerGame.jl/SDLCalls/SDL2-2.30.11/include -idirafter /cygdrive/c/Users/Kyjor/Documents/Projects/Julia/StaticCompilerGame.jl/SDLCalls/SDL2-2.30.11/src/video/khronos  -I/usr/include/mingw  -Iinclude -I/cygdrive/c/Users/Kyjor/Documents/Projects/Julia/StaticCompilerGame.jl/SDLCalls/SDL2-2.30.11/include -idirafter /cygdrive/c/Users/Kyjor/Documents/Projects/Julia/StaticCompilerGame.jl/SDLCalls/SDL2-2.30.11/src/video/khronos  -I/usr/include/mingw  conftest.c  -lm >&5
conftest.c:135:6: warning: conflicting types for built-in function 'floorf'; expected 'float(float)' [-Wbuiltin-declaration-mismatch]
  135 | char floorf (void);
      |      ^~~~~~
conftest.c:127:1: note: 'floorf' is declared in header '<math.h>'
  126 | #include <limits.h>
  127 | #undef floorf
configure:20326: $? = 0
configure:20326: result: yes
configure:20332: checking for trunc
configure:20332: gcc -o conftest.exe -g -O2 -Iinclude -I/cygdrive/c/Users/Kyjor/Documents/Projects/Julia/StaticCompilerGame.jl/SDLCalls/SDL2-2.30.11/include -idirafter /cygdrive/c/Users/Kyjor/Documents/Projects/Julia/StaticCompilerGame.jl/SDLCalls/SDL2-2.30.11/src/video/khronos  -I/usr/include/mingw  -Iinclude -I/cygdrive/c/Users/Kyjor/Documents/Projects/Julia/StaticCompilerGame.jl/SDLCalls/SDL2-2.30.11/include -idirafter /cygdrive/c/Users/Kyjor/Documents/Projects/Julia/StaticCompilerGame.jl/SDLCalls/SDL2-2.30.11/src/video/khronos  -I/usr/include/mingw  conftest.c  -lm >&5
conftest.c:136:6: warning: conflicting types for built-in function 'trunc'; expected 'double(double)' [-Wbuiltin-declaration-mismatch]
  136 | char trunc (void);
      |      ^~~~~
conftest.c:128:1: note: 'trunc' is declared in header '<math.h>'
  127 | #include <limits.h>
  128 | #undef trunc
configure:20332: $? = 0
configure:20332: result: yes
configure:20338: checking for truncf
configure:20338: gcc -o conftest.exe -g -O2 -Iinclude -I/cygdrive/c/Users/Kyjor/Documents/Projects/Julia/StaticCompilerGame.jl/SDLCalls/SDL2-2.30.11/include -idirafter /cygdrive/c/Users/Kyjor/Documents/Projects/Julia/StaticCompilerGame.jl/SDLCalls/SDL2-2.30.11/src/video/khronos  -I/usr/include/mingw  -Iinclude -I/cygdrive/c/Users/Kyjor/Documents/Projects/Julia/StaticCompilerGame.jl/SDLCalls/SDL2-2.30.11/include -idirafter /cygdrive/c/Users/Kyjor/Documents/Projects/Julia/StaticCompilerGame.jl/SDLCalls/SDL2-2.30.11/src/video/khronos  -I/usr/include/mingw  conftest.c  -lm >&5
conftest.c:137:6: warning: conflicting types for built-in function 'truncf'; expected 'float(float)' [-Wbuiltin-declaration-mismatch]
  137 | char truncf (void);
      |      ^~~~~~
conftest.c:129:1: note: 'truncf' is declared in header '<math.h>'
  128 | #include <limits.h>
  129 | #undef truncf
configure:20338: $? = 0
configure:20338: result: yes
configure:20344: checking for fmod
configure:20344: gcc -o conftest.exe -g -O2 -Iinclude -I/cygdrive/c/Users/Kyjor/Documents/Projects/Julia/StaticCompilerGame.jl/SDLCalls/SDL2-2.30.11/include -idirafter /cygdrive/c/Users/Kyjor/Documents/Projects/Julia/StaticCompilerGame.jl/SDLCalls/SDL2-2.30.11/src/video/khronos  -I/usr/include/mingw  -Iinclude -I/cygdrive/c/Users/Kyjor/Documents/Projects/Julia/StaticCompilerGame.jl/SDLCalls/SDL2-2.30.11/include -idirafter /cygdrive/c/Users/Kyjor/Documents/Projects/Julia/StaticCompilerGame.jl/SDLCalls/SDL2-2.30.11/src/video/khronos  -I/usr/include/mingw  conftest.c  -lm >&5
conftest.c:138:6: warning: conflicting types for built-in function 'fmod'; expected 'double(double,  double)' [-Wbuiltin-declaration-mismatch]
  138 | char fmod (void);
      |      ^~~~
conftest.c:130:1: note: 'fmod' is declared in header '<math.h>'
  129 | #include <limits.h>
  130 | #undef fmod
configure:20344: $? = 0
configure:20344: result: yes
configure:20350: checking for fmodf
configure:20350: gcc -o conftest.exe -g -O2 -Iinclude -I/cygdrive/c/Users/Kyjor/Documents/Projects/Julia/StaticCompilerGame.jl/SDLCalls/SDL2-2.30.11/include -idirafter /cygdrive/c/Users/Kyjor/Documents/Projects/Julia/StaticCompilerGame.jl/SDLCalls/SDL2-2.30.11/src/video/khronos  -I/usr/include/mingw  -Iinclude -I/cygdrive/c/Users/Kyjor/Documents/Projects/Julia/StaticCompilerGame.jl/SDLCalls/SDL2-2.30.11/include -idirafter /cygdrive/c/Users/Kyjor/Documents/Projects/Julia/StaticCompilerGame.jl/SDLCalls/SDL2-2.30.11/src/video/khronos  -I/usr/include/mingw  conftest.c  -lm >&5
conftest.c:139:6: warning: conflicting types for built-in function 'fmodf'; expected 'float(float,  float)' [-Wbuiltin-declaration-mismatch]
  139 | char fmodf (void);
      |      ^~~~~
conftest.c:131:1: note: 'fmodf' is declared in header '<math.h>'
  130 | #include <limits.h>
  131 | #undef fmodf
configure:20350: $? = 0
configure:20350: result: yes
configure:20356: checking for log
configure:20356: gcc -o conftest.exe -g -O2 -Iinclude -I/cygdrive/c/Users/Kyjor/Documents/Projects/Julia/StaticCompilerGame.jl/SDLCalls/SDL2-2.30.11/include -idirafter /cygdrive/c/Users/Kyjor/Documents/Projects/Julia/StaticCompilerGame.jl/SDLCalls/SDL2-2.30.11/src/video/khronos  -I/usr/include/mingw  -Iinclude -I/cygdrive/c/Users/Kyjor/Documents/Projects/Julia/StaticCompilerGame.jl/SDLCalls/SDL2-2.30.11/include -idirafter /cygdrive/c/Users/Kyjor/Documents/Projects/Julia/StaticCompilerGame.jl/SDLCalls/SDL2-2.30.11/src/video/khronos  -I/usr/include/mingw  conftest.c  -lm >&5
conftest.c:140:6: warning: conflicting types for built-in function 'log'; expected 'double(double)' [-Wbuiltin-declaration-mismatch]
  140 | char log (void);
      |      ^~~
conftest.c:132:1: note: 'log' is declared in header '<math.h>'
  131 | #include <limits.h>
  132 | #undef log
configure:20356: $? = 0
configure:20356: result: yes
configure:20362: checking for logf
configure:20362: gcc -o conftest.exe -g -O2 -Iinclude -I/cygdrive/c/Users/Kyjor/Documents/Projects/Julia/StaticCompilerGame.jl/SDLCalls/SDL2-2.30.11/include -idirafter /cygdrive/c/Users/Kyjor/Documents/Projects/Julia/StaticCompilerGame.jl/SDLCalls/SDL2-2.30.11/src/video/khronos  -I/usr/include/mingw  -Iinclude -I/cygdrive/c/Users/Kyjor/Documents/Projects/Julia/StaticCompilerGame.jl/SDLCalls/SDL2-2.30.11/include -idirafter /cygdrive/c/Users/Kyjor/Documents/Projects/Julia/StaticCompilerGame.jl/SDLCalls/SDL2-2.30.11/src/video/khronos  -I/usr/include/mingw  conftest.c  -lm >&5
conftest.c:141:6: warning: conflicting types for built-in function 'logf'; expected 'float(float)' [-Wbuiltin-declaration-mismatch]
  141 | char logf (void);
      |      ^~~~
conftest.c:133:1: note: 'logf' is declared in header '<math.h>'
  132 | #include <limits.h>
  133 | #undef logf
configure:20362: $? = 0
configure:20362: result: yes
configure:20368: checking for log10
configure:20368: gcc -o conftest.exe -g -O2 -Iinclude -I/cygdrive/c/Users/Kyjor/Documents/Projects/Julia/StaticCompilerGame.jl/SDLCalls/SDL2-2.30.11/include -idirafter /cygdrive/c/Users/Kyjor/Documents/Projects/Julia/StaticCompilerGame.jl/SDLCalls/SDL2-2.30.11/src/video/khronos  -I/usr/include/mingw  -Iinclude -I/cygdrive/c/Users/Kyjor/Documents/Projects/Julia/StaticCompilerGame.jl/SDLCalls/SDL2-2.30.11/include -idirafter /cygdrive/c/Users/Kyjor/Documents/Projects/Julia/StaticCompilerGame.jl/SDLCalls/SDL2-2.30.11/src/video/khronos  -I/usr/include/mingw  conftest.c  -lm >&5
conftest.c:142:6: warning: conflicting types for built-in function 'log10'; expected 'double(double)' [-Wbuiltin-declaration-mismatch]
  142 | char log10 (void);
      |      ^~~~~
conftest.c:134:1: note: 'log10' is declared in header '<math.h>'
  133 | #include <limits.h>
  134 | #undef log10
configure:20368: $? = 0
configure:20368: result: yes
configure:20374: checking for log10f
configure:20374: gcc -o conftest.exe -g -O2 -Iinclude -I/cygdrive/c/Users/Kyjor/Documents/Projects/Julia/StaticCompilerGame.jl/SDLCalls/SDL2-2.30.11/include -idirafter /cygdrive/c/Users/Kyjor/Documents/Projects/Julia/StaticCompilerGame.jl/SDLCalls/SDL2-2.30.11/src/video/khronos  -I/usr/include/mingw  -Iinclude -I/cygdrive/c/Users/Kyjor/Documents/Projects/Julia/StaticCompilerGame.jl/SDLCalls/SDL2-2.30.11/include -idirafter /cygdrive/c/Users/Kyjor/Documents/Projects/Julia/StaticCompilerGame.jl/SDLCalls/SDL2-2.30.11/src/video/khronos  -I/usr/include/mingw  conftest.c  -lm >&5
conftest.c:143:6: warning: conflicting types for built-in function 'log10f'; expected 'float(float)' [-Wbuiltin-declaration-mismatch]
  143 | char log10f (void);
      |      ^~~~~~
conftest.c:135:1: note: 'log10f' is declared in header '<math.h>'
  134 | #include <limits.h>
  135 | #undef log10f
configure:20374: $? = 0
configure:20374: result: yes
configure:20380: checking for lround
configure:20380: gcc -o conftest.exe -g -O2 -Iinclude -I/cygdrive/c/Users/Kyjor/Documents/Projects/Julia/StaticCompilerGame.jl/SDLCalls/SDL2-2.30.11/include -idirafter /cygdrive/c/Users/Kyjor/Documents/Projects/Julia/StaticCompilerGame.jl/SDLCalls/SDL2-2.30.11/src/video/khronos  -I/usr/include/mingw  -Iinclude -I/cygdrive/c/Users/Kyjor/Documents/Projects/Julia/StaticCompilerGame.jl/SDLCalls/SDL2-2.30.11/include -idirafter /cygdrive/c/Users/Kyjor/Documents/Projects/Julia/StaticCompilerGame.jl/SDLCalls/SDL2-2.30.11/src/video/khronos  -I/usr/include/mingw  conftest.c  -lm >&5
conftest.c:144:6: warning: conflicting types for built-in function 'lround'; expected 'long int(double)' [-Wbuiltin-declaration-mismatch]
  144 | char lround (void);
      |      ^~~~~~
conftest.c:136:1: note: 'lround' is declared in header '<math.h>'
  135 | #include <limits.h>
  136 | #undef lround
configure:20380: $? = 0
configure:20380: result: yes
configure:20386: checking for lroundf
configure:20386: gcc -o conftest.exe -g -O2 -Iinclude -I/cygdrive/c/Users/Kyjor/Documents/Projects/Julia/StaticCompilerGame.jl/SDLCalls/SDL2-2.30.11/include -idirafter /cygdrive/c/Users/Kyjor/Documents/Projects/Julia/StaticCompilerGame.jl/SDLCalls/SDL2-2.30.11/src/video/khronos  -I/usr/include/mingw  -Iinclude -I/cygdrive/c/Users/Kyjor/Documents/Projects/Julia/StaticCompilerGame.jl/SDLCalls/SDL2-2.30.11/include -idirafter /cygdrive/c/Users/Kyjor/Documents/Projects/Julia/StaticCompilerGame.jl/SDLCalls/SDL2-2.30.11/src/video/khronos  -I/usr/include/mingw  conftest.c  -lm >&5
conftest.c:145:6: warning: conflicting types for built-in function 'lroundf'; expected 'long int(float)' [-Wbuiltin-declaration-mismatch]
  145 | char lroundf (void);
      |      ^~~~~~~
conftest.c:137:1: note: 'lroundf' is declared in header '<math.h>'
  136 | #include <limits.h>
  137 | #undef lroundf
configure:20386: $? = 0
configure:20386: result: yes
configure:20392: checking for pow
configure:20392: gcc -o conftest.exe -g -O2 -Iinclude -I/cygdrive/c/Users/Kyjor/Documents/Projects/Julia/StaticCompilerGame.jl/SDLCalls/SDL2-2.30.11/include -idirafter /cygdrive/c/Users/Kyjor/Documents/Projects/Julia/StaticCompilerGame.jl/SDLCalls/SDL2-2.30.11/src/video/khronos  -I/usr/include/mingw  -Iinclude -I/cygdrive/c/Users/Kyjor/Documents/Projects/Julia/StaticCompilerGame.jl/SDLCalls/SDL2-2.30.11/include -idirafter /cygdrive/c/Users/Kyjor/Documents/Projects/Julia/StaticCompilerGame.jl/SDLCalls/SDL2-2.30.11/src/video/khronos  -I/usr/include/mingw  conftest.c  -lm >&5
conftest.c:146:6: warning: conflicting types for built-in function 'pow'; expected 'double(double,  double)' [-Wbuiltin-declaration-mismatch]
  146 | char pow (void);
      |      ^~~
conftest.c:138:1: note: 'pow' is declared in header '<math.h>'
  137 | #include <limits.h>
  138 | #undef pow
configure:20392: $? = 0
configure:20392: result: yes
configure:20398: checking for powf
configure:20398: gcc -o conftest.exe -g -O2 -Iinclude -I/cygdrive/c/Users/Kyjor/Documents/Projects/Julia/StaticCompilerGame.jl/SDLCalls/SDL2-2.30.11/include -idirafter /cygdrive/c/Users/Kyjor/Documents/Projects/Julia/StaticCompilerGame.jl/SDLCalls/SDL2-2.30.11/src/video/khronos  -I/usr/include/mingw  -Iinclude -I/cygdrive/c/Users/Kyjor/Documents/Projects/Julia/StaticCompilerGame.jl/SDLCalls/SDL2-2.30.11/include -idirafter /cygdrive/c/Users/Kyjor/Documents/Projects/Julia/StaticCompilerGame.jl/SDLCalls/SDL2-2.30.11/src/video/khronos  -I/usr/include/mingw  conftest.c  -lm >&5
conftest.c:147:6: warning: conflicting types for built-in function 'powf'; expected 'float(float,  float)' [-Wbuiltin-declaration-mismatch]
  147 | char powf (void);
      |      ^~~~
conftest.c:139:1: note: 'powf' is declared in header '<math.h>'
  138 | #include <limits.h>
  139 | #undef powf
configure:20398: $? = 0
configure:20398: result: yes
configure:20404: checking for round
configure:20404: gcc -o conftest.exe -g -O2 -Iinclude -I/cygdrive/c/Users/Kyjor/Documents/Projects/Julia/StaticCompilerGame.jl/SDLCalls/SDL2-2.30.11/include -idirafter /cygdrive/c/Users/Kyjor/Documents/Projects/Julia/StaticCompilerGame.jl/SDLCalls/SDL2-2.30.11/src/video/khronos  -I/usr/include/mingw  -Iinclude -I/cygdrive/c/Users/Kyjor/Documents/Projects/Julia/StaticCompilerGame.jl/SDLCalls/SDL2-2.30.11/include -idirafter /cygdrive/c/Users/Kyjor/Documents/Projects/Julia/StaticCompilerGame.jl/SDLCalls/SDL2-2.30.11/src/video/khronos  -I/usr/include/mingw  conftest.c  -lm >&5
conftest.c:148:6: warning: conflicting types for built-in function 'round'; expected 'double(double)' [-Wbuiltin-declaration-mismatch]
  148 | char round (void);
      |      ^~~~~
conftest.c:140:1: note: 'round' is declared in header '<math.h>'
  139 | #include <limits.h>
  140 | #undef round
configure:20404: $? = 0
configure:20404: result: yes
configure:20410: checking for roundf
configure:20410: gcc -o conftest.exe -g -O2 -Iinclude -I/cygdrive/c/Users/Kyjor/Documents/Projects/Julia/StaticCompilerGame.jl/SDLCalls/SDL2-2.30.11/include -idirafter /cygdrive/c/Users/Kyjor/Documents/Projects/Julia/StaticCompilerGame.jl/SDLCalls/SDL2-2.30.11/src/video/khronos  -I/usr/include/mingw  -Iinclude -I/cygdrive/c/Users/Kyjor/Documents/Projects/Julia/StaticCompilerGame.jl/SDLCalls/SDL2-2.30.11/include -idirafter /cygdrive/c/Users/Kyjor/Documents/Projects/Julia/StaticCompilerGame.jl/SDLCalls/SDL2-2.30.11/src/video/khronos  -I/usr/include/mingw  conftest.c  -lm >&5
conftest.c:149:6: warning: conflicting types for built-in function 'roundf'; expected 'float(float)' [-Wbuiltin-declaration-mismatch]
  149 | char roundf (void);
      |      ^~~~~~
conftest.c:141:1: note: 'roundf' is declared in header '<math.h>'
  140 | #include <limits.h>
  141 | #undef roundf
configure:20410: $? = 0
configure:20410: result: yes
configure:20416: checking for scalbn
configure:20416: gcc -o conftest.exe -g -O2 -Iinclude -I/cygdrive/c/Users/Kyjor/Documents/Projects/Julia/StaticCompilerGame.jl/SDLCalls/SDL2-2.30.11/include -idirafter /cygdrive/c/Users/Kyjor/Documents/Projects/Julia/StaticCompilerGame.jl/SDLCalls/SDL2-2.30.11/src/video/khronos  -I/usr/include/mingw  -Iinclude -I/cygdrive/c/Users/Kyjor/Documents/Projects/Julia/StaticCompilerGame.jl/SDLCalls/SDL2-2.30.11/include -idirafter /cygdrive/c/Users/Kyjor/Documents/Projects/Julia/StaticCompilerGame.jl/SDLCalls/SDL2-2.30.11/src/video/khronos  -I/usr/include/mingw  conftest.c  -lm >&5
conftest.c:150:6: warning: conflicting types for built-in function 'scalbn'; expected 'double(double,  int)' [-Wbuiltin-declaration-mismatch]
  150 | char scalbn (void);
      |      ^~~~~~
conftest.c:142:1: note: 'scalbn' is declared in header '<math.h>'
  141 | #include <limits.h>
  142 | #undef scalbn
configure:20416: $? = 0
configure:20416: result: yes
configure:20422: checking for scalbnf
configure:20422: gcc -o conftest.exe -g -O2 -Iinclude -I/cygdrive/c/Users/Kyjor/Documents/Projects/Julia/StaticCompilerGame.jl/SDLCalls/SDL2-2.30.11/include -idirafter /cygdrive/c/Users/Kyjor/Documents/Projects/Julia/StaticCompilerGame.jl/SDLCalls/SDL2-2.30.11/src/video/khronos  -I/usr/include/mingw  -Iinclude -I/cygdrive/c/Users/Kyjor/Documents/Projects/Julia/StaticCompilerGame.jl/SDLCalls/SDL2-2.30.11/include -idirafter /cygdrive/c/Users/Kyjor/Documents/Projects/Julia/StaticCompilerGame.jl/SDLCalls/SDL2-2.30.11/src/video/khronos  -I/usr/include/mingw  conftest.c  -lm >&5
conftest.c:151:6: warning: conflicting types for built-in function 'scalbnf'; expected 'float(float,  int)' [-Wbuiltin-declaration-mismatch]
  151 | char scalbnf (void);
      |      ^~~~~~~
conftest.c:143:1: note: 'scalbnf' is declared in header '<math.h>'
  142 | #include <limits.h>
  143 | #undef scalbnf
configure:20422: $? = 0
configure:20422: result: yes
configure:20428: checking for sin
configure:20428: gcc -o conftest.exe -g -O2 -Iinclude -I/cygdrive/c/Users/Kyjor/Documents/Projects/Julia/StaticCompilerGame.jl/SDLCalls/SDL2-2.30.11/include -idirafter /cygdrive/c/Users/Kyjor/Documents/Projects/Julia/StaticCompilerGame.jl/SDLCalls/SDL2-2.30.11/src/video/khronos  -I/usr/include/mingw  -Iinclude -I/cygdrive/c/Users/Kyjor/Documents/Projects/Julia/StaticCompilerGame.jl/SDLCalls/SDL2-2.30.11/include -idirafter /cygdrive/c/Users/Kyjor/Documents/Projects/Julia/StaticCompilerGame.jl/SDLCalls/SDL2-2.30.11/src/video/khronos  -I/usr/include/mingw  conftest.c  -lm >&5
conftest.c:152:6: warning: conflicting types for built-in function 'sin'; expected 'double(double)' [-Wbuiltin-declaration-mismatch]
  152 | char sin (void);
      |      ^~~
conftest.c:144:1: note: 'sin' is declared in header '<math.h>'
  143 | #include <limits.h>
  144 | #undef sin
configure:20428: $? = 0
configure:20428: result: yes
configure:20434: checking for sinf
configure:20434: gcc -o conftest.exe -g -O2 -Iinclude -I/cygdrive/c/Users/Kyjor/Documents/Projects/Julia/StaticCompilerGame.jl/SDLCalls/SDL2-2.30.11/include -idirafter /cygdrive/c/Users/Kyjor/Documents/Projects/Julia/StaticCompilerGame.jl/SDLCalls/SDL2-2.30.11/src/video/khronos  -I/usr/include/mingw  -Iinclude -I/cygdrive/c/Users/Kyjor/Documents/Projects/Julia/StaticCompilerGame.jl/SDLCalls/SDL2-2.30.11/include -idirafter /cygdrive/c/Users/Kyjor/Documents/Projects/Julia/StaticCompilerGame.jl/SDLCalls/SDL2-2.30.11/src/video/khronos  -I/usr/include/mingw  conftest.c  -lm >&5
conftest.c:153:6: warning: conflicting types for built-in function 'sinf'; expected 'float(float)' [-Wbuiltin-declaration-mismatch]
  153 | char sinf (void);
      |      ^~~~
conftest.c:145:1: note: 'sinf' is declared in header '<math.h>'
  144 | #include <limits.h>
  145 | #undef sinf
configure:20434: $? = 0
configure:20434: result: yes
configure:20440: checking for sqrt
configure:20440: gcc -o conftest.exe -g -O2 -Iinclude -I/cygdrive/c/Users/Kyjor/Documents/Projects/Julia/StaticCompilerGame.jl/SDLCalls/SDL2-2.30.11/include -idirafter /cygdrive/c/Users/Kyjor/Documents/Projects/Julia/StaticCompilerGame.jl/SDLCalls/SDL2-2.30.11/src/video/khronos  -I/usr/include/mingw  -Iinclude -I/cygdrive/c/Users/Kyjor/Documents/Projects/Julia/StaticCompilerGame.jl/SDLCalls/SDL2-2.30.11/include -idirafter /cygdrive/c/Users/Kyjor/Documents/Projects/Julia/StaticCompilerGame.jl/SDLCalls/SDL2-2.30.11/src/video/khronos  -I/usr/include/mingw  conftest.c  -lm >&5
conftest.c:154:6: warning: conflicting types for built-in function 'sqrt'; expected 'double(double)' [-Wbuiltin-declaration-mismatch]
  154 | char sqrt (void);
      |      ^~~~
conftest.c:146:1: note: 'sqrt' is declared in header '<math.h>'
  145 | #include <limits.h>
  146 | #undef sqrt
configure:20440: $? = 0
configure:20440: result: yes
configure:20446: checking for sqrtf
configure:20446: gcc -o conftest.exe -g -O2 -Iinclude -I/cygdrive/c/Users/Kyjor/Documents/Projects/Julia/StaticCompilerGame.jl/SDLCalls/SDL2-2.30.11/include -idirafter /cygdrive/c/Users/Kyjor/Documents/Projects/Julia/StaticCompilerGame.jl/SDLCalls/SDL2-2.30.11/src/video/khronos  -I/usr/include/mingw  -Iinclude -I/cygdrive/c/Users/Kyjor/Documents/Projects/Julia/StaticCompilerGame.jl/SDLCalls/SDL2-2.30.11/include -idirafter /cygdrive/c/Users/Kyjor/Documents/Projects/Julia/StaticCompilerGame.jl/SDLCalls/SDL2-2.30.11/src/video/khronos  -I/usr/include/mingw  conftest.c  -lm >&5
conftest.c:155:6: warning: conflicting types for built-in function 'sqrtf'; expected 'float(float)' [-Wbuiltin-declaration-mismatch]
  155 | char sqrtf (void);
      |      ^~~~~
conftest.c:147:1: note: 'sqrtf' is declared in header '<math.h>'
  146 | #include <limits.h>
  147 | #undef sqrtf
configure:20446: $? = 0
configure:20446: result: yes
configure:20452: checking for tan
configure:20452: gcc -o conftest.exe -g -O2 -Iinclude -I/cygdrive/c/Users/Kyjor/Documents/Projects/Julia/StaticCompilerGame.jl/SDLCalls/SDL2-2.30.11/include -idirafter /cygdrive/c/Users/Kyjor/Documents/Projects/Julia/StaticCompilerGame.jl/SDLCalls/SDL2-2.30.11/src/video/khronos  -I/usr/include/mingw  -Iinclude -I/cygdrive/c/Users/Kyjor/Documents/Projects/Julia/StaticCompilerGame.jl/SDLCalls/SDL2-2.30.11/include -idirafter /cygdrive/c/Users/Kyjor/Documents/Projects/Julia/StaticCompilerGame.jl/SDLCalls/SDL2-2.30.11/src/video/khronos  -I/usr/include/mingw  conftest.c  -lm >&5
conftest.c:156:6: warning: conflicting types for built-in function 'tan'; expected 'double(double)' [-Wbuiltin-declaration-mismatch]
  156 | char tan (void);
      |      ^~~
conftest.c:148:1: note: 'tan' is declared in header '<math.h>'
  147 | #include <limits.h>
  148 | #undef tan
configure:20452: $? = 0
configure:20452: result: yes
configure:20458: checking for tanf
configure:20458: gcc -o conftest.exe -g -O2 -Iinclude -I/cygdrive/c/Users/Kyjor/Documents/Projects/Julia/StaticCompilerGame.jl/SDLCalls/SDL2-2.30.11/include -idirafter /cygdrive/c/Users/Kyjor/Documents/Projects/Julia/StaticCompilerGame.jl/SDLCalls/SDL2-2.30.11/src/video/khronos  -I/usr/include/mingw  -Iinclude -I/cygdrive/c/Users/Kyjor/Documents/Projects/Julia/StaticCompilerGame.jl/SDLCalls/SDL2-2.30.11/include -idirafter /cygdrive/c/Users/Kyjor/Documents/Projects/Julia/StaticCompilerGame.jl/SDLCalls/SDL2-2.30.11/src/video/khronos  -I/usr/include/mingw  conftest.c  -lm >&5
conftest.c:157:6: warning: conflicting types for built-in function 'tanf'; expected 'float(float)' [-Wbuiltin-declaration-mismatch]
  157 | char tanf (void);
      |      ^~~~
conftest.c:149:1: note: 'tanf' is declared in header '<math.h>'
  148 | #include <limits.h>
  149 | #undef tanf
configure:20458: $? = 0
configure:20458: result: yes
configure:20555: checking for struct sigaction.sa_sigaction
configure:20555: gcc -c -g -O2 -Iinclude -I/cygdrive/c/Users/Kyjor/Documents/Projects/Julia/StaticCompilerGame.jl/SDLCalls/SDL2-2.30.11/include -idirafter /cygdrive/c/Users/Kyjor/Documents/Projects/Julia/StaticCompilerGame.jl/SDLCalls/SDL2-2.30.11/src/video/khronos  -I/usr/include/mingw  -Iinclude -I/cygdrive/c/Users/Kyjor/Documents/Projects/Julia/StaticCompilerGame.jl/SDLCalls/SDL2-2.30.11/include -idirafter /cygdrive/c/Users/Kyjor/Documents/Projects/Julia/StaticCompilerGame.jl/SDLCalls/SDL2-2.30.11/src/video/khronos  -I/usr/include/mingw conftest.c >&5
configure:20555: $? = 0
configure:20555: result: yes
configure:20565: checking for libunwind.h
configure:20565: gcc -c -g -O2 -Iinclude -I/cygdrive/c/Users/Kyjor/Documents/Projects/Julia/StaticCompilerGame.jl/SDLCalls/SDL2-2.30.11/include -idirafter /cygdrive/c/Users/Kyjor/Documents/Projects/Julia/StaticCompilerGame.jl/SDLCalls/SDL2-2.30.11/src/video/khronos  -I/usr/include/mingw  -Iinclude -I/cygdrive/c/Users/Kyjor/Documents/Projects/Julia/StaticCompilerGame.jl/SDLCalls/SDL2-2.30.11/include -idirafter /cygdrive/c/Users/Kyjor/Documents/Projects/Julia/StaticCompilerGame.jl/SDLCalls/SDL2-2.30.11/src/video/khronos  -I/usr/include/mingw conftest.c >&5
conftest.c:171:10: fatal error: libunwind.h: No such file or directory
  171 | #include <libunwind.h>
      |          ^~~~~~~~~~~~~
compilation terminated.
configure:20565: $? = 1
configure: failed program was:
| /* confdefs.h */
| #define PACKAGE_NAME ""
| #define PACKAGE_TARNAME ""
| #define PACKAGE_VERSION ""
| #define PACKAGE_STRING ""
| #define PACKAGE_BUGREPORT ""
| #define PACKAGE_URL ""
| #define HAVE_STDIO_H 1
| #define HAVE_STDLIB_H 1
| #define HAVE_STRING_H 1
| #define HAVE_INTTYPES_H 1
| #define HAVE_STDINT_H 1
| #define HAVE_STRINGS_H 1
| #define HAVE_SYS_STAT_H 1
| #define HAVE_SYS_TYPES_H 1
| #define HAVE_UNISTD_H 1
| #define STDC_HEADERS 1
| #define HAVE_DLFCN_H 1
| #define LT_OBJDIR ".libs/"
| #define HAVE_LIBC 1
| #define HAVE_SYS_TYPES_H 1
| #define HAVE_STDIO_H 1
| #define HAVE_STDLIB_H 1
| #define HAVE_STDDEF_H 1
| #define HAVE_STDARG_H 1
| #define HAVE_MALLOC_H 1
| #define HAVE_MEMORY_H 1
| #define HAVE_STRING_H 1
| #define HAVE_STRINGS_H 1
| #define HAVE_WCHAR_H 1
| #define HAVE_INTTYPES_H 1
| #define HAVE_STDINT_H 1
| #define HAVE_LIMITS_H 1
| #define HAVE_CTYPE_H 1
| #define HAVE_MATH_H 1
| #define HAVE_FLOAT_H 1
| #define HAVE_ICONV_H 1
| #define HAVE_SIGNAL_H 1
| #define HAVE_M_PI /**/
| #define HAVE_ALLOCA_H 1
| #define HAVE_ALLOCA 1
| #define HAVE_MPROTECT 1
| #define HAVE_MALLOC 1
| #define HAVE_CALLOC 1
| #define HAVE_REALLOC 1
| #define HAVE_FREE 1
| #define HAVE_GETENV 1
| #define HAVE_SETENV 1
| #define HAVE_PUTENV 1
| #define HAVE_UNSETENV 1
| #define HAVE_BSEARCH 1
| #define HAVE_QSORT 1
| #define HAVE_ABS 1
| #define HAVE_BCOPY 1
| #define HAVE_MEMSET 1
| #define HAVE_MEMCMP 1
| #define HAVE_MEMCPY 1
| #define HAVE_MEMMOVE 1
| #define HAVE_WCSLEN 1
| #define HAVE_WCSLCPY 1
| #define HAVE_WCSLCAT 1
| #define HAVE_WCSDUP 1
| #define HAVE_WCSSTR 1
| #define HAVE_WCSCMP 1
| #define HAVE_WCSNCMP 1
| #define HAVE_WCSCASECMP 1
| #define HAVE_WCSNCASECMP 1
| #define HAVE_STRLEN 1
| #define HAVE_STRLCPY 1
| #define HAVE_STRLCAT 1
| #define HAVE_INDEX 1
| #define HAVE_RINDEX 1
| #define HAVE_STRCHR 1
| #define HAVE_STRRCHR 1
| #define HAVE_STRSTR 1
| #define HAVE_STRTOK_R 1
| #define HAVE_STRTOD 1
| #define HAVE_STRTOL 1
| #define HAVE_STRTOUL 1
| #define HAVE_STRTOLL 1
| #define HAVE_STRTOULL 1
| #define HAVE_ATOI 1
| #define HAVE_ATOF 1
| #define HAVE_STRCMP 1
| #define HAVE_STRNCMP 1
| #define HAVE_STRCASECMP 1
| #define HAVE_STRNCASECMP 1
| #define HAVE_STRCASESTR 1
| #define HAVE_VSSCANF 1
| #define HAVE_VSNPRINTF 1
| #define HAVE_FSEEKO 1
| #define HAVE_SIGACTION 1
| #define HAVE_SETJMP 1
| #define HAVE_NANOSLEEP 1
| #define HAVE_SYSCONF 1
| #define HAVE_POLL 1
| #define HAVE_POSIX_FALLOCATE 1
| #define HAVE__EXIT 1
| #define HAVE_ACOS 1
| #define HAVE_ACOSF 1
| #define HAVE_ASIN 1
| #define HAVE_ASINF 1
| #define HAVE_ATAN 1
| #define HAVE_ATANF 1
| #define HAVE_ATAN2 1
| #define HAVE_ATAN2F 1
| #define HAVE_CEIL 1
| #define HAVE_CEILF 1
| #define HAVE_COPYSIGN 1
| #define HAVE_COPYSIGNF 1
| #define HAVE_COS 1
| #define HAVE_COSF 1
| #define HAVE_EXP 1
| #define HAVE_EXPF 1
| #define HAVE_FABS 1
| #define HAVE_FABSF 1
| #define HAVE_FLOOR 1
| #define HAVE_FLOORF 1
| #define HAVE_TRUNC 1
| #define HAVE_TRUNCF 1
| #define HAVE_FMOD 1
| #define HAVE_FMODF 1
| #define HAVE_LOG 1
| #define HAVE_LOGF 1
| #define HAVE_LOG10 1
| #define HAVE_LOG10F 1
| #define HAVE_LROUND 1
| #define HAVE_LROUNDF 1
| #define HAVE_POW 1
| #define HAVE_POWF 1
| #define HAVE_ROUND 1
| #define HAVE_ROUNDF 1
| #define HAVE_SCALBN 1
| #define HAVE_SCALBNF 1
| #define HAVE_SIN 1
| #define HAVE_SINF 1
| #define HAVE_SQRT 1
| #define HAVE_SQRTF 1
| #define HAVE_TAN 1
| #define HAVE_TANF 1
| #define HAVE_SA_SIGACTION 1
| /* end confdefs.h.  */
| #include <stddef.h>
| #ifdef HAVE_STDIO_H
| # include <stdio.h>
| #endif
| #ifdef HAVE_STDLIB_H
| # include <stdlib.h>
| #endif
| #ifdef HAVE_STRING_H
| # include <string.h>
| #endif
| #ifdef HAVE_INTTYPES_H
| # include <inttypes.h>
| #endif
| #ifdef HAVE_STDINT_H
| # include <stdint.h>
| #endif
| #ifdef HAVE_STRINGS_H
| # include <strings.h>
| #endif
| #ifdef HAVE_SYS_TYPES_H
| # include <sys/types.h>
| #endif
| #ifdef HAVE_SYS_STAT_H
| # include <sys/stat.h>
| #endif
| #ifdef HAVE_UNISTD_H
| # include <unistd.h>
| #endif
| #include <libunwind.h>
configure:20565: result: no
configure:20586: checking for GCC builtin atomic operations
configure:20607: gcc -o conftest.exe -g -O2 -Iinclude -I/cygdrive/c/Users/Kyjor/Documents/Projects/Julia/StaticCompilerGame.jl/SDLCalls/SDL2-2.30.11/include -idirafter /cygdrive/c/Users/Kyjor/Documents/Projects/Julia/StaticCompilerGame.jl/SDLCalls/SDL2-2.30.11/src/video/khronos  -I/usr/include/mingw  -Iinclude -I/cygdrive/c/Users/Kyjor/Documents/Projects/Julia/StaticCompilerGame.jl/SDLCalls/SDL2-2.30.11/include -idirafter /cygdrive/c/Users/Kyjor/Documents/Projects/Julia/StaticCompilerGame.jl/SDLCalls/SDL2-2.30.11/src/video/khronos  -I/usr/include/mingw  conftest.c  -lm >&5
configure:20607: $? = 0
configure:20613: result: yes
configure:21024: checking for GCC -mmmx option
configure:21054: gcc -c -g -O2 -Iinclude -I/cygdrive/c/Users/Kyjor/Documents/Projects/Julia/StaticCompilerGame.jl/SDLCalls/SDL2-2.30.11/include -idirafter /cygdrive/c/Users/Kyjor/Documents/Projects/Julia/StaticCompilerGame.jl/SDLCalls/SDL2-2.30.11/src/video/khronos  -I/usr/include/mingw -mmmx  -Iinclude -I/cygdrive/c/Users/Kyjor/Documents/Projects/Julia/StaticCompilerGame.jl/SDLCalls/SDL2-2.30.11/include -idirafter /cygdrive/c/Users/Kyjor/Documents/Projects/Julia/StaticCompilerGame.jl/SDLCalls/SDL2-2.30.11/src/video/khronos  -I/usr/include/mingw conftest.c >&5
configure:21054: $? = 0
configure:21059: result: yes
configure:21133: checking for GCC -msse option
configure:21163: gcc -c -g -O2 -Iinclude -I/cygdrive/c/Users/Kyjor/Documents/Projects/Julia/StaticCompilerGame.jl/SDLCalls/SDL2-2.30.11/include -idirafter /cygdrive/c/Users/Kyjor/Documents/Projects/Julia/StaticCompilerGame.jl/SDLCalls/SDL2-2.30.11/src/video/khronos  -I/usr/include/mingw -msse  -Iinclude -I/cygdrive/c/Users/Kyjor/Documents/Projects/Julia/StaticCompilerGame.jl/SDLCalls/SDL2-2.30.11/include -idirafter /cygdrive/c/Users/Kyjor/Documents/Projects/Julia/StaticCompilerGame.jl/SDLCalls/SDL2-2.30.11/src/video/khronos  -I/usr/include/mingw conftest.c >&5
configure:21163: $? = 0
configure:21168: result: yes
configure:21190: checking for GCC -msse2 option
configure:21220: gcc -c -g -O2 -Iinclude -I/cygdrive/c/Users/Kyjor/Documents/Projects/Julia/StaticCompilerGame.jl/SDLCalls/SDL2-2.30.11/include -idirafter /cygdrive/c/Users/Kyjor/Documents/Projects/Julia/StaticCompilerGame.jl/SDLCalls/SDL2-2.30.11/src/video/khronos  -I/usr/include/mingw -msse2  -Iinclude -I/cygdrive/c/Users/Kyjor/Documents/Projects/Julia/StaticCompilerGame.jl/SDLCalls/SDL2-2.30.11/include -idirafter /cygdrive/c/Users/Kyjor/Documents/Projects/Julia/StaticCompilerGame.jl/SDLCalls/SDL2-2.30.11/src/video/khronos  -I/usr/include/mingw conftest.c >&5
configure:21220: $? = 0
configure:21225: result: yes
configure:21247: checking for GCC -msse3 option
configure:21277: gcc -c -g -O2 -Iinclude -I/cygdrive/c/Users/Kyjor/Documents/Projects/Julia/StaticCompilerGame.jl/SDLCalls/SDL2-2.30.11/include -idirafter /cygdrive/c/Users/Kyjor/Documents/Projects/Julia/StaticCompilerGame.jl/SDLCalls/SDL2-2.30.11/src/video/khronos  -I/usr/include/mingw -msse3  -Iinclude -I/cygdrive/c/Users/Kyjor/Documents/Projects/Julia/StaticCompilerGame.jl/SDLCalls/SDL2-2.30.11/include -idirafter /cygdrive/c/Users/Kyjor/Documents/Projects/Julia/StaticCompilerGame.jl/SDLCalls/SDL2-2.30.11/src/video/khronos  -I/usr/include/mingw conftest.c >&5
configure:21277: $? = 0
configure:21282: result: yes
configure:21292: checking for immintrin.h
configure:21305: gcc -c -g -O2 -Iinclude -I/cygdrive/c/Users/Kyjor/Documents/Projects/Julia/StaticCompilerGame.jl/SDLCalls/SDL2-2.30.11/include -idirafter /cygdrive/c/Users/Kyjor/Documents/Projects/Julia/StaticCompilerGame.jl/SDLCalls/SDL2-2.30.11/src/video/khronos  -I/usr/include/mingw  -Iinclude -I/cygdrive/c/Users/Kyjor/Documents/Projects/Julia/StaticCompilerGame.jl/SDLCalls/SDL2-2.30.11/include -idirafter /cygdrive/c/Users/Kyjor/Documents/Projects/Julia/StaticCompilerGame.jl/SDLCalls/SDL2-2.30.11/src/video/khronos  -I/usr/include/mingw conftest.c >&5
configure:21305: $? = 0
configure:21313: result: yes
configure:21337: checking for Altivec with GCC altivec.h and -maltivec option
configure:21355: gcc -c -g -O2 -Iinclude -I/cygdrive/c/Users/Kyjor/Documents/Projects/Julia/StaticCompilerGame.jl/SDLCalls/SDL2-2.30.11/include -idirafter /cygdrive/c/Users/Kyjor/Documents/Projects/Julia/StaticCompilerGame.jl/SDLCalls/SDL2-2.30.11/src/video/khronos  -I/usr/include/mingw -maltivec  -Iinclude -I/cygdrive/c/Users/Kyjor/Documents/Projects/Julia/StaticCompilerGame.jl/SDLCalls/SDL2-2.30.11/include -idirafter /cygdrive/c/Users/Kyjor/Documents/Projects/Julia/StaticCompilerGame.jl/SDLCalls/SDL2-2.30.11/src/video/khronos  -I/usr/include/mingw conftest.c >&5
gcc: error: unrecognized command-line option '-maltivec'
configure:21355: $? = 1
configure: failed program was:
| /* confdefs.h */
| #define PACKAGE_NAME ""
| #define PACKAGE_TARNAME ""
| #define PACKAGE_VERSION ""
| #define PACKAGE_STRING ""
| #define PACKAGE_BUGREPORT ""
| #define PACKAGE_URL ""
| #define HAVE_STDIO_H 1
| #define HAVE_STDLIB_H 1
| #define HAVE_STRING_H 1
| #define HAVE_INTTYPES_H 1
| #define HAVE_STDINT_H 1
| #define HAVE_STRINGS_H 1
| #define HAVE_SYS_STAT_H 1
| #define HAVE_SYS_TYPES_H 1
| #define HAVE_UNISTD_H 1
| #define STDC_HEADERS 1
| #define HAVE_DLFCN_H 1
| #define LT_OBJDIR ".libs/"
| #define HAVE_LIBC 1
| #define HAVE_SYS_TYPES_H 1
| #define HAVE_STDIO_H 1
| #define HAVE_STDLIB_H 1
| #define HAVE_STDDEF_H 1
| #define HAVE_STDARG_H 1
| #define HAVE_MALLOC_H 1
| #define HAVE_MEMORY_H 1
| #define HAVE_STRING_H 1
| #define HAVE_STRINGS_H 1
| #define HAVE_WCHAR_H 1
| #define HAVE_INTTYPES_H 1
| #define HAVE_STDINT_H 1
| #define HAVE_LIMITS_H 1
| #define HAVE_CTYPE_H 1
| #define HAVE_MATH_H 1
| #define HAVE_FLOAT_H 1
| #define HAVE_ICONV_H 1
| #define HAVE_SIGNAL_H 1
| #define HAVE_M_PI /**/
| #define HAVE_ALLOCA_H 1
| #define HAVE_ALLOCA 1
| #define HAVE_MPROTECT 1
| #define HAVE_MALLOC 1
| #define HAVE_CALLOC 1
| #define HAVE_REALLOC 1
| #define HAVE_FREE 1
| #define HAVE_GETENV 1
| #define HAVE_SETENV 1
| #define HAVE_PUTENV 1
| #define HAVE_UNSETENV 1
| #define HAVE_BSEARCH 1
| #define HAVE_QSORT 1
| #define HAVE_ABS 1
| #define HAVE_BCOPY 1
| #define HAVE_MEMSET 1
| #define HAVE_MEMCMP 1
| #define HAVE_MEMCPY 1
| #define HAVE_MEMMOVE 1
| #define HAVE_WCSLEN 1
| #define HAVE_WCSLCPY 1
| #define HAVE_WCSLCAT 1
| #define HAVE_WCSDUP 1
| #define HAVE_WCSSTR 1
| #define HAVE_WCSCMP 1
| #define HAVE_WCSNCMP 1
| #define HAVE_WCSCASECMP 1
| #define HAVE_WCSNCASECMP 1
| #define HAVE_STRLEN 1
| #define HAVE_STRLCPY 1
| #define HAVE_STRLCAT 1
| #define HAVE_INDEX 1
| #define HAVE_RINDEX 1
| #define HAVE_STRCHR 1
| #define HAVE_STRRCHR 1
| #define HAVE_STRSTR 1
| #define HAVE_STRTOK_R 1
| #define HAVE_STRTOD 1
| #define HAVE_STRTOL 1
| #define HAVE_STRTOUL 1
| #define HAVE_STRTOLL 1
| #define HAVE_STRTOULL 1
| #define HAVE_ATOI 1
| #define HAVE_ATOF 1
| #define HAVE_STRCMP 1
| #define HAVE_STRNCMP 1
| #define HAVE_STRCASECMP 1
| #define HAVE_STRNCASECMP 1
| #define HAVE_STRCASESTR 1
| #define HAVE_VSSCANF 1
| #define HAVE_VSNPRINTF 1
| #define HAVE_FSEEKO 1
| #define HAVE_SIGACTION 1
| #define HAVE_SETJMP 1
| #define HAVE_NANOSLEEP 1
| #define HAVE_SYSCONF 1
| #define HAVE_POLL 1
| #define HAVE_POSIX_FALLOCATE 1
| #define HAVE__EXIT 1
| #define HAVE_ACOS 1
| #define HAVE_ACOSF 1
| #define HAVE_ASIN 1
| #define HAVE_ASINF 1
| #define HAVE_ATAN 1
| #define HAVE_ATANF 1
| #define HAVE_ATAN2 1
| #define HAVE_ATAN2F 1
| #define HAVE_CEIL 1
| #define HAVE_CEILF 1
| #define HAVE_COPYSIGN 1
| #define HAVE_COPYSIGNF 1
| #define HAVE_COS 1
| #define HAVE_COSF 1
| #define HAVE_EXP 1
| #define HAVE_EXPF 1
| #define HAVE_FABS 1
| #define HAVE_FABSF 1
| #define HAVE_FLOOR 1
| #define HAVE_FLOORF 1
| #define HAVE_TRUNC 1
| #define HAVE_TRUNCF 1
| #define HAVE_FMOD 1
| #define HAVE_FMODF 1
| #define HAVE_LOG 1
| #define HAVE_LOGF 1
| #define HAVE_LOG10 1
| #define HAVE_LOG10F 1
| #define HAVE_LROUND 1
| #define HAVE_LROUNDF 1
| #define HAVE_POW 1
| #define HAVE_POWF 1
| #define HAVE_ROUND 1
| #define HAVE_ROUNDF 1
| #define HAVE_SCALBN 1
| #define HAVE_SCALBNF 1
| #define HAVE_SIN 1
| #define HAVE_SINF 1
| #define HAVE_SQRT 1
| #define HAVE_SQRTF 1
| #define HAVE_TAN 1
| #define HAVE_TANF 1
| #define HAVE_SA_SIGACTION 1
| #define HAVE_GCC_ATOMICS 1
| #define HAVE_IMMINTRIN_H 1
| /* end confdefs.h.  */
| 
|         #include <altivec.h>
|         vector unsigned int vzero() {
|             return vec_splat_u32(0);
|         }
| 
| int
| main (void)
| {
| 
|   ;
|   return 0;
| }
configure:21363: result: no
configure:21367: checking for Altivec with GCC -maltivec option
configure:21384: gcc -c -g -O2 -Iinclude -I/cygdrive/c/Users/Kyjor/Documents/Projects/Julia/StaticCompilerGame.jl/SDLCalls/SDL2-2.30.11/include -idirafter /cygdrive/c/Users/Kyjor/Documents/Projects/Julia/StaticCompilerGame.jl/SDLCalls/SDL2-2.30.11/src/video/khronos  -I/usr/include/mingw -maltivec  -Iinclude -I/cygdrive/c/Users/Kyjor/Documents/Projects/Julia/StaticCompilerGame.jl/SDLCalls/SDL2-2.30.11/include -idirafter /cygdrive/c/Users/Kyjor/Documents/Projects/Julia/StaticCompilerGame.jl/SDLCalls/SDL2-2.30.11/src/video/khronos  -I/usr/include/mingw conftest.c >&5
gcc: error: unrecognized command-line option '-maltivec'
configure:21384: $? = 1
configure: failed program was:
| /* confdefs.h */
| #define PACKAGE_NAME ""
| #define PACKAGE_TARNAME ""
| #define PACKAGE_VERSION ""
| #define PACKAGE_STRING ""
| #define PACKAGE_BUGREPORT ""
| #define PACKAGE_URL ""
| #define HAVE_STDIO_H 1
| #define HAVE_STDLIB_H 1
| #define HAVE_STRING_H 1
| #define HAVE_INTTYPES_H 1
| #define HAVE_STDINT_H 1
| #define HAVE_STRINGS_H 1
| #define HAVE_SYS_STAT_H 1
| #define HAVE_SYS_TYPES_H 1
| #define HAVE_UNISTD_H 1
| #define STDC_HEADERS 1
| #define HAVE_DLFCN_H 1
| #define LT_OBJDIR ".libs/"
| #define HAVE_LIBC 1
| #define HAVE_SYS_TYPES_H 1
| #define HAVE_STDIO_H 1
| #define HAVE_STDLIB_H 1
| #define HAVE_STDDEF_H 1
| #define HAVE_STDARG_H 1
| #define HAVE_MALLOC_H 1
| #define HAVE_MEMORY_H 1
| #define HAVE_STRING_H 1
| #define HAVE_STRINGS_H 1
| #define HAVE_WCHAR_H 1
| #define HAVE_INTTYPES_H 1
| #define HAVE_STDINT_H 1
| #define HAVE_LIMITS_H 1
| #define HAVE_CTYPE_H 1
| #define HAVE_MATH_H 1
| #define HAVE_FLOAT_H 1
| #define HAVE_ICONV_H 1
| #define HAVE_SIGNAL_H 1
| #define HAVE_M_PI /**/
| #define HAVE_ALLOCA_H 1
| #define HAVE_ALLOCA 1
| #define HAVE_MPROTECT 1
| #define HAVE_MALLOC 1
| #define HAVE_CALLOC 1
| #define HAVE_REALLOC 1
| #define HAVE_FREE 1
| #define HAVE_GETENV 1
| #define HAVE_SETENV 1
| #define HAVE_PUTENV 1
| #define HAVE_UNSETENV 1
| #define HAVE_BSEARCH 1
| #define HAVE_QSORT 1
| #define HAVE_ABS 1
| #define HAVE_BCOPY 1
| #define HAVE_MEMSET 1
| #define HAVE_MEMCMP 1
| #define HAVE_MEMCPY 1
| #define HAVE_MEMMOVE 1
| #define HAVE_WCSLEN 1
| #define HAVE_WCSLCPY 1
| #define HAVE_WCSLCAT 1
| #define HAVE_WCSDUP 1
| #define HAVE_WCSSTR 1
| #define HAVE_WCSCMP 1
| #define HAVE_WCSNCMP 1
| #define HAVE_WCSCASECMP 1
| #define HAVE_WCSNCASECMP 1
| #define HAVE_STRLEN 1
| #define HAVE_STRLCPY 1
| #define HAVE_STRLCAT 1
| #define HAVE_INDEX 1
| #define HAVE_RINDEX 1
| #define HAVE_STRCHR 1
| #define HAVE_STRRCHR 1
| #define HAVE_STRSTR 1
| #define HAVE_STRTOK_R 1
| #define HAVE_STRTOD 1
| #define HAVE_STRTOL 1
| #define HAVE_STRTOUL 1
| #define HAVE_STRTOLL 1
| #define HAVE_STRTOULL 1
| #define HAVE_ATOI 1
| #define HAVE_ATOF 1
| #define HAVE_STRCMP 1
| #define HAVE_STRNCMP 1
| #define HAVE_STRCASECMP 1
| #define HAVE_STRNCASECMP 1
| #define HAVE_STRCASESTR 1
| #define HAVE_VSSCANF 1
| #define HAVE_VSNPRINTF 1
| #define HAVE_FSEEKO 1
| #define HAVE_SIGACTION 1
| #define HAVE_SETJMP 1
| #define HAVE_NANOSLEEP 1
| #define HAVE_SYSCONF 1
| #define HAVE_POLL 1
| #define HAVE_POSIX_FALLOCATE 1
| #define HAVE__EXIT 1
| #define HAVE_ACOS 1
| #define HAVE_ACOSF 1
| #define HAVE_ASIN 1
| #define HAVE_ASINF 1
| #define HAVE_ATAN 1
| #define HAVE_ATANF 1
| #define HAVE_ATAN2 1
| #define HAVE_ATAN2F 1
| #define HAVE_CEIL 1
| #define HAVE_CEILF 1
| #define HAVE_COPYSIGN 1
| #define HAVE_COPYSIGNF 1
| #define HAVE_COS 1
| #define HAVE_COSF 1
| #define HAVE_EXP 1
| #define HAVE_EXPF 1
| #define HAVE_FABS 1
| #define HAVE_FABSF 1
| #define HAVE_FLOOR 1
| #define HAVE_FLOORF 1
| #define HAVE_TRUNC 1
| #define HAVE_TRUNCF 1
| #define HAVE_FMOD 1
| #define HAVE_FMODF 1
| #define HAVE_LOG 1
| #define HAVE_LOGF 1
| #define HAVE_LOG10 1
| #define HAVE_LOG10F 1
| #define HAVE_LROUND 1
| #define HAVE_LROUNDF 1
| #define HAVE_POW 1
| #define HAVE_POWF 1
| #define HAVE_ROUND 1
| #define HAVE_ROUNDF 1
| #define HAVE_SCALBN 1
| #define HAVE_SCALBNF 1
| #define HAVE_SIN 1
| #define HAVE_SINF 1
| #define HAVE_SQRT 1
| #define HAVE_SQRTF 1
| #define HAVE_TAN 1
| #define HAVE_TANF 1
| #define HAVE_SA_SIGACTION 1
| #define HAVE_GCC_ATOMICS 1
| #define HAVE_IMMINTRIN_H 1
| /* end confdefs.h.  */
| 
|             vector unsigned int vzero() {
|                 return vec_splat_u32(0);
|             }
| 
| int
| main (void)
| {
| 
|   ;
|   return 0;
| }
configure:21389: result: no
configure:21394: checking for Altivec with GCC altivec.h and -faltivec option
configure:21414: gcc -c -g -O2 -Iinclude -I/cygdrive/c/Users/Kyjor/Documents/Projects/Julia/StaticCompilerGame.jl/SDLCalls/SDL2-2.30.11/include -idirafter /cygdrive/c/Users/Kyjor/Documents/Projects/Julia/StaticCompilerGame.jl/SDLCalls/SDL2-2.30.11/src/video/khronos  -I/usr/include/mingw -faltivec  -Iinclude -I/cygdrive/c/Users/Kyjor/Documents/Projects/Julia/StaticCompilerGame.jl/SDLCalls/SDL2-2.30.11/include -idirafter /cygdrive/c/Users/Kyjor/Documents/Projects/Julia/StaticCompilerGame.jl/SDLCalls/SDL2-2.30.11/src/video/khronos  -I/usr/include/mingw conftest.c >&5
gcc: error: unrecognized command-line option '-faltivec'
configure:21414: $? = 1
configure: failed program was:
| /* confdefs.h */
| #define PACKAGE_NAME ""
| #define PACKAGE_TARNAME ""
| #define PACKAGE_VERSION ""
| #define PACKAGE_STRING ""
| #define PACKAGE_BUGREPORT ""
| #define PACKAGE_URL ""
| #define HAVE_STDIO_H 1
| #define HAVE_STDLIB_H 1
| #define HAVE_STRING_H 1
| #define HAVE_INTTYPES_H 1
| #define HAVE_STDINT_H 1
| #define HAVE_STRINGS_H 1
| #define HAVE_SYS_STAT_H 1
| #define HAVE_SYS_TYPES_H 1
| #define HAVE_UNISTD_H 1
| #define STDC_HEADERS 1
| #define HAVE_DLFCN_H 1
| #define LT_OBJDIR ".libs/"
| #define HAVE_LIBC 1
| #define HAVE_SYS_TYPES_H 1
| #define HAVE_STDIO_H 1
| #define HAVE_STDLIB_H 1
| #define HAVE_STDDEF_H 1
| #define HAVE_STDARG_H 1
| #define HAVE_MALLOC_H 1
| #define HAVE_MEMORY_H 1
| #define HAVE_STRING_H 1
| #define HAVE_STRINGS_H 1
| #define HAVE_WCHAR_H 1
| #define HAVE_INTTYPES_H 1
| #define HAVE_STDINT_H 1
| #define HAVE_LIMITS_H 1
| #define HAVE_CTYPE_H 1
| #define HAVE_MATH_H 1
| #define HAVE_FLOAT_H 1
| #define HAVE_ICONV_H 1
| #define HAVE_SIGNAL_H 1
| #define HAVE_M_PI /**/
| #define HAVE_ALLOCA_H 1
| #define HAVE_ALLOCA 1
| #define HAVE_MPROTECT 1
| #define HAVE_MALLOC 1
| #define HAVE_CALLOC 1
| #define HAVE_REALLOC 1
| #define HAVE_FREE 1
| #define HAVE_GETENV 1
| #define HAVE_SETENV 1
| #define HAVE_PUTENV 1
| #define HAVE_UNSETENV 1
| #define HAVE_BSEARCH 1
| #define HAVE_QSORT 1
| #define HAVE_ABS 1
| #define HAVE_BCOPY 1
| #define HAVE_MEMSET 1
| #define HAVE_MEMCMP 1
| #define HAVE_MEMCPY 1
| #define HAVE_MEMMOVE 1
| #define HAVE_WCSLEN 1
| #define HAVE_WCSLCPY 1
| #define HAVE_WCSLCAT 1
| #define HAVE_WCSDUP 1
| #define HAVE_WCSSTR 1
| #define HAVE_WCSCMP 1
| #define HAVE_WCSNCMP 1
| #define HAVE_WCSCASECMP 1
| #define HAVE_WCSNCASECMP 1
| #define HAVE_STRLEN 1
| #define HAVE_STRLCPY 1
| #define HAVE_STRLCAT 1
| #define HAVE_INDEX 1
| #define HAVE_RINDEX 1
| #define HAVE_STRCHR 1
| #define HAVE_STRRCHR 1
| #define HAVE_STRSTR 1
| #define HAVE_STRTOK_R 1
| #define HAVE_STRTOD 1
| #define HAVE_STRTOL 1
| #define HAVE_STRTOUL 1
| #define HAVE_STRTOLL 1
| #define HAVE_STRTOULL 1
| #define HAVE_ATOI 1
| #define HAVE_ATOF 1
| #define HAVE_STRCMP 1
| #define HAVE_STRNCMP 1
| #define HAVE_STRCASECMP 1
| #define HAVE_STRNCASECMP 1
| #define HAVE_STRCASESTR 1
| #define HAVE_VSSCANF 1
| #define HAVE_VSNPRINTF 1
| #define HAVE_FSEEKO 1
| #define HAVE_SIGACTION 1
| #define HAVE_SETJMP 1
| #define HAVE_NANOSLEEP 1
| #define HAVE_SYSCONF 1
| #define HAVE_POLL 1
| #define HAVE_POSIX_FALLOCATE 1
| #define HAVE__EXIT 1
| #define HAVE_ACOS 1
| #define HAVE_ACOSF 1
| #define HAVE_ASIN 1
| #define HAVE_ASINF 1
| #define HAVE_ATAN 1
| #define HAVE_ATANF 1
| #define HAVE_ATAN2 1
| #define HAVE_ATAN2F 1
| #define HAVE_CEIL 1
| #define HAVE_CEILF 1
| #define HAVE_COPYSIGN 1
| #define HAVE_COPYSIGNF 1
| #define HAVE_COS 1
| #define HAVE_COSF 1
| #define HAVE_EXP 1
| #define HAVE_EXPF 1
| #define HAVE_FABS 1
| #define HAVE_FABSF 1
| #define HAVE_FLOOR 1
| #define HAVE_FLOORF 1
| #define HAVE_TRUNC 1
| #define HAVE_TRUNCF 1
| #define HAVE_FMOD 1
| #define HAVE_FMODF 1
| #define HAVE_LOG 1
| #define HAVE_LOGF 1
| #define HAVE_LOG10 1
| #define HAVE_LOG10F 1
| #define HAVE_LROUND 1
| #define HAVE_LROUNDF 1
| #define HAVE_POW 1
| #define HAVE_POWF 1
| #define HAVE_ROUND 1
| #define HAVE_ROUNDF 1
| #define HAVE_SCALBN 1
| #define HAVE_SCALBNF 1
| #define HAVE_SIN 1
| #define HAVE_SINF 1
| #define HAVE_SQRT 1
| #define HAVE_SQRTF 1
| #define HAVE_TAN 1
| #define HAVE_TANF 1
| #define HAVE_SA_SIGACTION 1
| #define HAVE_GCC_ATOMICS 1
| #define HAVE_IMMINTRIN_H 1
| /* end confdefs.h.  */
| 
|             #include <altivec.h>
|             vector unsigned int vzero() {
|                 return vec_splat_u32(0);
|             }
| 
| int
| main (void)
| {
| 
|   ;
|   return 0;
| }
configure:21422: result: no
configure:21427: checking for Altivec with GCC -faltivec option
configure:21444: gcc -c -g -O2 -Iinclude -I/cygdrive/c/Users/Kyjor/Documents/Projects/Julia/StaticCompilerGame.jl/SDLCalls/SDL2-2.30.11/include -idirafter /cygdrive/c/Users/Kyjor/Documents/Projects/Julia/StaticCompilerGame.jl/SDLCalls/SDL2-2.30.11/src/video/khronos  -I/usr/include/mingw -faltivec  -Iinclude -I/cygdrive/c/Users/Kyjor/Documents/Projects/Julia/StaticCompilerGame.jl/SDLCalls/SDL2-2.30.11/include -idirafter /cygdrive/c/Users/Kyjor/Documents/Projects/Julia/StaticCompilerGame.jl/SDLCalls/SDL2-2.30.11/src/video/khronos  -I/usr/include/mingw conftest.c >&5
gcc: error: unrecognized command-line option '-faltivec'
configure:21444: $? = 1
configure: failed program was:
| /* confdefs.h */
| #define PACKAGE_NAME ""
| #define PACKAGE_TARNAME ""
| #define PACKAGE_VERSION ""
| #define PACKAGE_STRING ""
| #define PACKAGE_BUGREPORT ""
| #define PACKAGE_URL ""
| #define HAVE_STDIO_H 1
| #define HAVE_STDLIB_H 1
| #define HAVE_STRING_H 1
| #define HAVE_INTTYPES_H 1
| #define HAVE_STDINT_H 1
| #define HAVE_STRINGS_H 1
| #define HAVE_SYS_STAT_H 1
| #define HAVE_SYS_TYPES_H 1
| #define HAVE_UNISTD_H 1
| #define STDC_HEADERS 1
| #define HAVE_DLFCN_H 1
| #define LT_OBJDIR ".libs/"
| #define HAVE_LIBC 1
| #define HAVE_SYS_TYPES_H 1
| #define HAVE_STDIO_H 1
| #define HAVE_STDLIB_H 1
| #define HAVE_STDDEF_H 1
| #define HAVE_STDARG_H 1
| #define HAVE_MALLOC_H 1
| #define HAVE_MEMORY_H 1
| #define HAVE_STRING_H 1
| #define HAVE_STRINGS_H 1
| #define HAVE_WCHAR_H 1
| #define HAVE_INTTYPES_H 1
| #define HAVE_STDINT_H 1
| #define HAVE_LIMITS_H 1
| #define HAVE_CTYPE_H 1
| #define HAVE_MATH_H 1
| #define HAVE_FLOAT_H 1
| #define HAVE_ICONV_H 1
| #define HAVE_SIGNAL_H 1
| #define HAVE_M_PI /**/
| #define HAVE_ALLOCA_H 1
| #define HAVE_ALLOCA 1
| #define HAVE_MPROTECT 1
| #define HAVE_MALLOC 1
| #define HAVE_CALLOC 1
| #define HAVE_REALLOC 1
| #define HAVE_FREE 1
| #define HAVE_GETENV 1
| #define HAVE_SETENV 1
| #define HAVE_PUTENV 1
| #define HAVE_UNSETENV 1
| #define HAVE_BSEARCH 1
| #define HAVE_QSORT 1
| #define HAVE_ABS 1
| #define HAVE_BCOPY 1
| #define HAVE_MEMSET 1
| #define HAVE_MEMCMP 1
| #define HAVE_MEMCPY 1
| #define HAVE_MEMMOVE 1
| #define HAVE_WCSLEN 1
| #define HAVE_WCSLCPY 1
| #define HAVE_WCSLCAT 1
| #define HAVE_WCSDUP 1
| #define HAVE_WCSSTR 1
| #define HAVE_WCSCMP 1
| #define HAVE_WCSNCMP 1
| #define HAVE_WCSCASECMP 1
| #define HAVE_WCSNCASECMP 1
| #define HAVE_STRLEN 1
| #define HAVE_STRLCPY 1
| #define HAVE_STRLCAT 1
| #define HAVE_INDEX 1
| #define HAVE_RINDEX 1
| #define HAVE_STRCHR 1
| #define HAVE_STRRCHR 1
| #define HAVE_STRSTR 1
| #define HAVE_STRTOK_R 1
| #define HAVE_STRTOD 1
| #define HAVE_STRTOL 1
| #define HAVE_STRTOUL 1
| #define HAVE_STRTOLL 1
| #define HAVE_STRTOULL 1
| #define HAVE_ATOI 1
| #define HAVE_ATOF 1
| #define HAVE_STRCMP 1
| #define HAVE_STRNCMP 1
| #define HAVE_STRCASECMP 1
| #define HAVE_STRNCASECMP 1
| #define HAVE_STRCASESTR 1
| #define HAVE_VSSCANF 1
| #define HAVE_VSNPRINTF 1
| #define HAVE_FSEEKO 1
| #define HAVE_SIGACTION 1
| #define HAVE_SETJMP 1
| #define HAVE_NANOSLEEP 1
| #define HAVE_SYSCONF 1
| #define HAVE_POLL 1
| #define HAVE_POSIX_FALLOCATE 1
| #define HAVE__EXIT 1
| #define HAVE_ACOS 1
| #define HAVE_ACOSF 1
| #define HAVE_ASIN 1
| #define HAVE_ASINF 1
| #define HAVE_ATAN 1
| #define HAVE_ATANF 1
| #define HAVE_ATAN2 1
| #define HAVE_ATAN2F 1
| #define HAVE_CEIL 1
| #define HAVE_CEILF 1
| #define HAVE_COPYSIGN 1
| #define HAVE_COPYSIGNF 1
| #define HAVE_COS 1
| #define HAVE_COSF 1
| #define HAVE_EXP 1
| #define HAVE_EXPF 1
| #define HAVE_FABS 1
| #define HAVE_FABSF 1
| #define HAVE_FLOOR 1
| #define HAVE_FLOORF 1
| #define HAVE_TRUNC 1
| #define HAVE_TRUNCF 1
| #define HAVE_FMOD 1
| #define HAVE_FMODF 1
| #define HAVE_LOG 1
| #define HAVE_LOGF 1
| #define HAVE_LOG10 1
| #define HAVE_LOG10F 1
| #define HAVE_LROUND 1
| #define HAVE_LROUNDF 1
| #define HAVE_POW 1
| #define HAVE_POWF 1
| #define HAVE_ROUND 1
| #define HAVE_ROUNDF 1
| #define HAVE_SCALBN 1
| #define HAVE_SCALBNF 1
| #define HAVE_SIN 1
| #define HAVE_SINF 1
| #define HAVE_SQRT 1
| #define HAVE_SQRTF 1
| #define HAVE_TAN 1
| #define HAVE_TANF 1
| #define HAVE_SA_SIGACTION 1
| #define HAVE_GCC_ATOMICS 1
| #define HAVE_IMMINTRIN_H 1
| /* end confdefs.h.  */
| 
|             vector unsigned int vzero() {
|                 return vec_splat_u32(0);
|             }
| 
| int
| main (void)
| {
| 
|   ;
|   return 0;
| }
configure:21449: result: no
configure:21481: checking for GCC -mlsx option
configure:21501: gcc -c -g -O2 -Iinclude -I/cygdrive/c/Users/Kyjor/Documents/Projects/Julia/StaticCompilerGame.jl/SDLCalls/SDL2-2.30.11/include -idirafter /cygdrive/c/Users/Kyjor/Documents/Projects/Julia/StaticCompilerGame.jl/SDLCalls/SDL2-2.30.11/src/video/khronos  -I/usr/include/mingw -mlsx  -Iinclude -I/cygdrive/c/Users/Kyjor/Documents/Projects/Julia/StaticCompilerGame.jl/SDLCalls/SDL2-2.30.11/include -idirafter /cygdrive/c/Users/Kyjor/Documents/Projects/Julia/StaticCompilerGame.jl/SDLCalls/SDL2-2.30.11/src/video/khronos  -I/usr/include/mingw conftest.c >&5
gcc: error: unrecognized command-line option '-mlsx'
configure:21501: $? = 1
configure: failed program was:
| /* confdefs.h */
| #define PACKAGE_NAME ""
| #define PACKAGE_TARNAME ""
| #define PACKAGE_VERSION ""
| #define PACKAGE_STRING ""
| #define PACKAGE_BUGREPORT ""
| #define PACKAGE_URL ""
| #define HAVE_STDIO_H 1
| #define HAVE_STDLIB_H 1
| #define HAVE_STRING_H 1
| #define HAVE_INTTYPES_H 1
| #define HAVE_STDINT_H 1
| #define HAVE_STRINGS_H 1
| #define HAVE_SYS_STAT_H 1
| #define HAVE_SYS_TYPES_H 1
| #define HAVE_UNISTD_H 1
| #define STDC_HEADERS 1
| #define HAVE_DLFCN_H 1
| #define LT_OBJDIR ".libs/"
| #define HAVE_LIBC 1
| #define HAVE_SYS_TYPES_H 1
| #define HAVE_STDIO_H 1
| #define HAVE_STDLIB_H 1
| #define HAVE_STDDEF_H 1
| #define HAVE_STDARG_H 1
| #define HAVE_MALLOC_H 1
| #define HAVE_MEMORY_H 1
| #define HAVE_STRING_H 1
| #define HAVE_STRINGS_H 1
| #define HAVE_WCHAR_H 1
| #define HAVE_INTTYPES_H 1
| #define HAVE_STDINT_H 1
| #define HAVE_LIMITS_H 1
| #define HAVE_CTYPE_H 1
| #define HAVE_MATH_H 1
| #define HAVE_FLOAT_H 1
| #define HAVE_ICONV_H 1
| #define HAVE_SIGNAL_H 1
| #define HAVE_M_PI /**/
| #define HAVE_ALLOCA_H 1
| #define HAVE_ALLOCA 1
| #define HAVE_MPROTECT 1
| #define HAVE_MALLOC 1
| #define HAVE_CALLOC 1
| #define HAVE_REALLOC 1
| #define HAVE_FREE 1
| #define HAVE_GETENV 1
| #define HAVE_SETENV 1
| #define HAVE_PUTENV 1
| #define HAVE_UNSETENV 1
| #define HAVE_BSEARCH 1
| #define HAVE_QSORT 1
| #define HAVE_ABS 1
| #define HAVE_BCOPY 1
| #define HAVE_MEMSET 1
| #define HAVE_MEMCMP 1
| #define HAVE_MEMCPY 1
| #define HAVE_MEMMOVE 1
| #define HAVE_WCSLEN 1
| #define HAVE_WCSLCPY 1
| #define HAVE_WCSLCAT 1
| #define HAVE_WCSDUP 1
| #define HAVE_WCSSTR 1
| #define HAVE_WCSCMP 1
| #define HAVE_WCSNCMP 1
| #define HAVE_WCSCASECMP 1
| #define HAVE_WCSNCASECMP 1
| #define HAVE_STRLEN 1
| #define HAVE_STRLCPY 1
| #define HAVE_STRLCAT 1
| #define HAVE_INDEX 1
| #define HAVE_RINDEX 1
| #define HAVE_STRCHR 1
| #define HAVE_STRRCHR 1
| #define HAVE_STRSTR 1
| #define HAVE_STRTOK_R 1
| #define HAVE_STRTOD 1
| #define HAVE_STRTOL 1
| #define HAVE_STRTOUL 1
| #define HAVE_STRTOLL 1
| #define HAVE_STRTOULL 1
| #define HAVE_ATOI 1
| #define HAVE_ATOF 1
| #define HAVE_STRCMP 1
| #define HAVE_STRNCMP 1
| #define HAVE_STRCASECMP 1
| #define HAVE_STRNCASECMP 1
| #define HAVE_STRCASESTR 1
| #define HAVE_VSSCANF 1
| #define HAVE_VSNPRINTF 1
| #define HAVE_FSEEKO 1
| #define HAVE_SIGACTION 1
| #define HAVE_SETJMP 1
| #define HAVE_NANOSLEEP 1
| #define HAVE_SYSCONF 1
| #define HAVE_POLL 1
| #define HAVE_POSIX_FALLOCATE 1
| #define HAVE__EXIT 1
| #define HAVE_ACOS 1
| #define HAVE_ACOSF 1
| #define HAVE_ASIN 1
| #define HAVE_ASINF 1
| #define HAVE_ATAN 1
| #define HAVE_ATANF 1
| #define HAVE_ATAN2 1
| #define HAVE_ATAN2F 1
| #define HAVE_CEIL 1
| #define HAVE_CEILF 1
| #define HAVE_COPYSIGN 1
| #define HAVE_COPYSIGNF 1
| #define HAVE_COS 1
| #define HAVE_COSF 1
| #define HAVE_EXP 1
| #define HAVE_EXPF 1
| #define HAVE_FABS 1
| #define HAVE_FABSF 1
| #define HAVE_FLOOR 1
| #define HAVE_FLOORF 1
| #define HAVE_TRUNC 1
| #define HAVE_TRUNCF 1
| #define HAVE_FMOD 1
| #define HAVE_FMODF 1
| #define HAVE_LOG 1
| #define HAVE_LOGF 1
| #define HAVE_LOG10 1
| #define HAVE_LOG10F 1
| #define HAVE_LROUND 1
| #define HAVE_LROUNDF 1
| #define HAVE_POW 1
| #define HAVE_POWF 1
| #define HAVE_ROUND 1
| #define HAVE_ROUNDF 1
| #define HAVE_SCALBN 1
| #define HAVE_SCALBNF 1
| #define HAVE_SIN 1
| #define HAVE_SINF 1
| #define HAVE_SQRT 1
| #define HAVE_SQRTF 1
| #define HAVE_TAN 1
| #define HAVE_TANF 1
| #define HAVE_SA_SIGACTION 1
| #define HAVE_GCC_ATOMICS 1
| #define HAVE_IMMINTRIN_H 1
| /* end confdefs.h.  */
| 
|     #ifndef __loongarch_sx
|     #error Assembler CPP flag not enabled
|     #endif
| 
| int
| main (void)
| {
| 
|   ;
|   return 0;
| }
configure:21506: result: no
configure:21516: checking for lsxintrin.h
configure:21529: gcc -c -g -O2 -Iinclude -I/cygdrive/c/Users/Kyjor/Documents/Projects/Julia/StaticCompilerGame.jl/SDLCalls/SDL2-2.30.11/include -idirafter /cygdrive/c/Users/Kyjor/Documents/Projects/Julia/StaticCompilerGame.jl/SDLCalls/SDL2-2.30.11/src/video/khronos  -I/usr/include/mingw  -Iinclude -I/cygdrive/c/Users/Kyjor/Documents/Projects/Julia/StaticCompilerGame.jl/SDLCalls/SDL2-2.30.11/include -idirafter /cygdrive/c/Users/Kyjor/Documents/Projects/Julia/StaticCompilerGame.jl/SDLCalls/SDL2-2.30.11/src/video/khronos  -I/usr/include/mingw conftest.c >&5
conftest.c:145:10: fatal error: lsxintrin.h: No such file or directory
  145 | #include <lsxintrin.h>
      |          ^~~~~~~~~~~~~
compilation terminated.
configure:21529: $? = 1
configure: failed program was:
| /* confdefs.h */
| #define PACKAGE_NAME ""
| #define PACKAGE_TARNAME ""
| #define PACKAGE_VERSION ""
| #define PACKAGE_STRING ""
| #define PACKAGE_BUGREPORT ""
| #define PACKAGE_URL ""
| #define HAVE_STDIO_H 1
| #define HAVE_STDLIB_H 1
| #define HAVE_STRING_H 1
| #define HAVE_INTTYPES_H 1
| #define HAVE_STDINT_H 1
| #define HAVE_STRINGS_H 1
| #define HAVE_SYS_STAT_H 1
| #define HAVE_SYS_TYPES_H 1
| #define HAVE_UNISTD_H 1
| #define STDC_HEADERS 1
| #define HAVE_DLFCN_H 1
| #define LT_OBJDIR ".libs/"
| #define HAVE_LIBC 1
| #define HAVE_SYS_TYPES_H 1
| #define HAVE_STDIO_H 1
| #define HAVE_STDLIB_H 1
| #define HAVE_STDDEF_H 1
| #define HAVE_STDARG_H 1
| #define HAVE_MALLOC_H 1
| #define HAVE_MEMORY_H 1
| #define HAVE_STRING_H 1
| #define HAVE_STRINGS_H 1
| #define HAVE_WCHAR_H 1
| #define HAVE_INTTYPES_H 1
| #define HAVE_STDINT_H 1
| #define HAVE_LIMITS_H 1
| #define HAVE_CTYPE_H 1
| #define HAVE_MATH_H 1
| #define HAVE_FLOAT_H 1
| #define HAVE_ICONV_H 1
| #define HAVE_SIGNAL_H 1
| #define HAVE_M_PI /**/
| #define HAVE_ALLOCA_H 1
| #define HAVE_ALLOCA 1
| #define HAVE_MPROTECT 1
| #define HAVE_MALLOC 1
| #define HAVE_CALLOC 1
| #define HAVE_REALLOC 1
| #define HAVE_FREE 1
| #define HAVE_GETENV 1
| #define HAVE_SETENV 1
| #define HAVE_PUTENV 1
| #define HAVE_UNSETENV 1
| #define HAVE_BSEARCH 1
| #define HAVE_QSORT 1
| #define HAVE_ABS 1
| #define HAVE_BCOPY 1
| #define HAVE_MEMSET 1
| #define HAVE_MEMCMP 1
| #define HAVE_MEMCPY 1
| #define HAVE_MEMMOVE 1
| #define HAVE_WCSLEN 1
| #define HAVE_WCSLCPY 1
| #define HAVE_WCSLCAT 1
| #define HAVE_WCSDUP 1
| #define HAVE_WCSSTR 1
| #define HAVE_WCSCMP 1
| #define HAVE_WCSNCMP 1
| #define HAVE_WCSCASECMP 1
| #define HAVE_WCSNCASECMP 1
| #define HAVE_STRLEN 1
| #define HAVE_STRLCPY 1
| #define HAVE_STRLCAT 1
| #define HAVE_INDEX 1
| #define HAVE_RINDEX 1
| #define HAVE_STRCHR 1
| #define HAVE_STRRCHR 1
| #define HAVE_STRSTR 1
| #define HAVE_STRTOK_R 1
| #define HAVE_STRTOD 1
| #define HAVE_STRTOL 1
| #define HAVE_STRTOUL 1
| #define HAVE_STRTOLL 1
| #define HAVE_STRTOULL 1
| #define HAVE_ATOI 1
| #define HAVE_ATOF 1
| #define HAVE_STRCMP 1
| #define HAVE_STRNCMP 1
| #define HAVE_STRCASECMP 1
| #define HAVE_STRNCASECMP 1
| #define HAVE_STRCASESTR 1
| #define HAVE_VSSCANF 1
| #define HAVE_VSNPRINTF 1
| #define HAVE_FSEEKO 1
| #define HAVE_SIGACTION 1
| #define HAVE_SETJMP 1
| #define HAVE_NANOSLEEP 1
| #define HAVE_SYSCONF 1
| #define HAVE_POLL 1
| #define HAVE_POSIX_FALLOCATE 1
| #define HAVE__EXIT 1
| #define HAVE_ACOS 1
| #define HAVE_ACOSF 1
| #define HAVE_ASIN 1
| #define HAVE_ASINF 1
| #define HAVE_ATAN 1
| #define HAVE_ATANF 1
| #define HAVE_ATAN2 1
| #define HAVE_ATAN2F 1
| #define HAVE_CEIL 1
| #define HAVE_CEILF 1
| #define HAVE_COPYSIGN 1
| #define HAVE_COPYSIGNF 1
| #define HAVE_COS 1
| #define HAVE_COSF 1
| #define HAVE_EXP 1
| #define HAVE_EXPF 1
| #define HAVE_FABS 1
| #define HAVE_FABSF 1
| #define HAVE_FLOOR 1
| #define HAVE_FLOORF 1
| #define HAVE_TRUNC 1
| #define HAVE_TRUNCF 1
| #define HAVE_FMOD 1
| #define HAVE_FMODF 1
| #define HAVE_LOG 1
| #define HAVE_LOGF 1
| #define HAVE_LOG10 1
| #define HAVE_LOG10F 1
| #define HAVE_LROUND 1
| #define HAVE_LROUNDF 1
| #define HAVE_POW 1
| #define HAVE_POWF 1
| #define HAVE_ROUND 1
| #define HAVE_ROUNDF 1
| #define HAVE_SCALBN 1
| #define HAVE_SCALBNF 1
| #define HAVE_SIN 1
| #define HAVE_SINF 1
| #define HAVE_SQRT 1
| #define HAVE_SQRTF 1
| #define HAVE_TAN 1
| #define HAVE_TANF 1
| #define HAVE_SA_SIGACTION 1
| #define HAVE_GCC_ATOMICS 1
| #define HAVE_IMMINTRIN_H 1
| /* end confdefs.h.  */
| #include <lsxintrin.h>
| int
| main (void)
| {
| 
|   ;
|   return 0;
| }
configure:21537: result: no
configure:23611: checking for GCC -Wall option
configure:23630: gcc -c -g -O2 -Iinclude -I/cygdrive/c/Users/Kyjor/Documents/Projects/Julia/StaticCompilerGame.jl/SDLCalls/SDL2-2.30.11/include -idirafter /cygdrive/c/Users/Kyjor/Documents/Projects/Julia/StaticCompilerGame.jl/SDLCalls/SDL2-2.30.11/src/video/khronos  -I/usr/include/mingw -Wall  -Iinclude -I/cygdrive/c/Users/Kyjor/Documents/Projects/Julia/StaticCompilerGame.jl/SDLCalls/SDL2-2.30.11/include -idirafter /cygdrive/c/Users/Kyjor/Documents/Projects/Julia/StaticCompilerGame.jl/SDLCalls/SDL2-2.30.11/src/video/khronos  -I/usr/include/mingw conftest.c >&5
configure:23630: $? = 0
configure:23635: result: yes
configure:23642: checking for necessary GCC -Wno-multichar option
configure:23650: result: no
configure:23660: checking for GCC -Wunused-local-typedefs option
configure:23679: gcc -c -g -O2 -Iinclude -I/cygdrive/c/Users/Kyjor/Documents/Projects/Julia/StaticCompilerGame.jl/SDLCalls/SDL2-2.30.11/include -idirafter /cygdrive/c/Users/Kyjor/Documents/Projects/Julia/StaticCompilerGame.jl/SDLCalls/SDL2-2.30.11/src/video/khronos  -I/usr/include/mingw -Wunused-local-typedefs  -Iinclude -I/cygdrive/c/Users/Kyjor/Documents/Projects/Julia/StaticCompilerGame.jl/SDLCalls/SDL2-2.30.11/include -idirafter /cygdrive/c/Users/Kyjor/Documents/Projects/Julia/StaticCompilerGame.jl/SDLCalls/SDL2-2.30.11/src/video/khronos  -I/usr/include/mingw conftest.c >&5
configure:23679: $? = 0
configure:23684: result: yes
configure:23460: checking for GCC -fno-strict-aliasing option
configure:23479: gcc -c -g -O2 -Iinclude -I/cygdrive/c/Users/Kyjor/Documents/Projects/Julia/StaticCompilerGame.jl/SDLCalls/SDL2-2.30.11/include -idirafter /cygdrive/c/Users/Kyjor/Documents/Projects/Julia/StaticCompilerGame.jl/SDLCalls/SDL2-2.30.11/src/video/khronos  -I/usr/include/mingw -fno-strict-aliasing  -Iinclude -I/cygdrive/c/Users/Kyjor/Documents/Projects/Julia/StaticCompilerGame.jl/SDLCalls/SDL2-2.30.11/include -idirafter /cygdrive/c/Users/Kyjor/Documents/Projects/Julia/StaticCompilerGame.jl/SDLCalls/SDL2-2.30.11/src/video/khronos  -I/usr/include/mingw conftest.c >&5
configure:23479: $? = 0
configure:23484: result: yes
configure:23387: checking for GCC -gdwarf-4 option
configure:23406: gcc -c -g -O2 -Iinclude -I/cygdrive/c/Users/Kyjor/Documents/Projects/Julia/StaticCompilerGame.jl/SDLCalls/SDL2-2.30.11/include -idirafter /cygdrive/c/Users/Kyjor/Documents/Projects/Julia/StaticCompilerGame.jl/SDLCalls/SDL2-2.30.11/src/video/khronos  -I/usr/include/mingw -gdwarf-4  -Iinclude -I/cygdrive/c/Users/Kyjor/Documents/Projects/Julia/StaticCompilerGame.jl/SDLCalls/SDL2-2.30.11/include -idirafter /cygdrive/c/Users/Kyjor/Documents/Projects/Julia/StaticCompilerGame.jl/SDLCalls/SDL2-2.30.11/src/video/khronos  -I/usr/include/mingw conftest.c >&5
configure:23406: $? = 0
configure:23411: result: yes
configure:23576: checking for GCC -Wdeclaration-after-statement option
configure:23595: gcc -c -g -O2 -Iinclude -I/cygdrive/c/Users/Kyjor/Documents/Projects/Julia/StaticCompilerGame.jl/SDLCalls/SDL2-2.30.11/include -idirafter /cygdrive/c/Users/Kyjor/Documents/Projects/Julia/StaticCompilerGame.jl/SDLCalls/SDL2-2.30.11/src/video/khronos  -I/usr/include/mingw -Wdeclaration-after-statement -Werror=declaration-after-statement  -Iinclude -I/cygdrive/c/Users/Kyjor/Documents/Projects/Julia/StaticCompilerGame.jl/SDLCalls/SDL2-2.30.11/include -idirafter /cygdrive/c/Users/Kyjor/Documents/Projects/Julia/StaticCompilerGame.jl/SDLCalls/SDL2-2.30.11/src/video/khronos  -I/usr/include/mingw conftest.c >&5
configure:23595: $? = 0
configure:23600: result: yes
configure:28051: checking Windows compiler
configure:28067: gcc -c -g -O2 -Iinclude -I/cygdrive/c/Users/Kyjor/Documents/Projects/Julia/StaticCompilerGame.jl/SDLCalls/SDL2-2.30.11/include -idirafter /cygdrive/c/Users/Kyjor/Documents/Projects/Julia/StaticCompilerGame.jl/SDLCalls/SDL2-2.30.11/src/video/khronos  -I/usr/include/mingw  -Iinclude -I/cygdrive/c/Users/Kyjor/Documents/Projects/Julia/StaticCompilerGame.jl/SDLCalls/SDL2-2.30.11/include -idirafter /cygdrive/c/Users/Kyjor/Documents/Projects/Julia/StaticCompilerGame.jl/SDLCalls/SDL2-2.30.11/src/video/khronos  -I/usr/include/mingw conftest.c >&5
configure:28067: $? = 0
configure:28072: result: yes
configure:28080: checking Windows CE
configure:28098: gcc -c -g -O2 -Iinclude -I/cygdrive/c/Users/Kyjor/Documents/Projects/Julia/StaticCompilerGame.jl/SDLCalls/SDL2-2.30.11/include -idirafter /cygdrive/c/Users/Kyjor/Documents/Projects/Julia/StaticCompilerGame.jl/SDLCalls/SDL2-2.30.11/src/video/khronos  -I/usr/include/mingw  -Iinclude -I/cygdrive/c/Users/Kyjor/Documents/Projects/Julia/StaticCompilerGame.jl/SDLCalls/SDL2-2.30.11/include -idirafter /cygdrive/c/Users/Kyjor/Documents/Projects/Julia/StaticCompilerGame.jl/SDLCalls/SDL2-2.30.11/src/video/khronos  -I/usr/include/mingw conftest.c >&5
conftest.c:151:2: error: #error This is not Windows CE
  151 | #error This is not Windows CE
      |  ^~~~~
configure:28098: $? = 1
configure: failed program was:
| /* confdefs.h */
| #define PACKAGE_NAME ""
| #define PACKAGE_TARNAME ""
| #define PACKAGE_VERSION ""
| #define PACKAGE_STRING ""
| #define PACKAGE_BUGREPORT ""
| #define PACKAGE_URL ""
| #define HAVE_STDIO_H 1
| #define HAVE_STDLIB_H 1
| #define HAVE_STRING_H 1
| #define HAVE_INTTYPES_H 1
| #define HAVE_STDINT_H 1
| #define HAVE_STRINGS_H 1
| #define HAVE_SYS_STAT_H 1
| #define HAVE_SYS_TYPES_H 1
| #define HAVE_UNISTD_H 1
| #define STDC_HEADERS 1
| #define HAVE_DLFCN_H 1
| #define LT_OBJDIR ".libs/"
| #define HAVE_LIBC 1
| #define HAVE_SYS_TYPES_H 1
| #define HAVE_STDIO_H 1
| #define HAVE_STDLIB_H 1
| #define HAVE_STDDEF_H 1
| #define HAVE_STDARG_H 1
| #define HAVE_MALLOC_H 1
| #define HAVE_MEMORY_H 1
| #define HAVE_STRING_H 1
| #define HAVE_STRINGS_H 1
| #define HAVE_WCHAR_H 1
| #define HAVE_INTTYPES_H 1
| #define HAVE_STDINT_H 1
| #define HAVE_LIMITS_H 1
| #define HAVE_CTYPE_H 1
| #define HAVE_MATH_H 1
| #define HAVE_FLOAT_H 1
| #define HAVE_ICONV_H 1
| #define HAVE_SIGNAL_H 1
| #define HAVE_M_PI /**/
| #define HAVE_ALLOCA_H 1
| #define HAVE_ALLOCA 1
| #define HAVE_MPROTECT 1
| #define HAVE_MALLOC 1
| #define HAVE_CALLOC 1
| #define HAVE_REALLOC 1
| #define HAVE_FREE 1
| #define HAVE_GETENV 1
| #define HAVE_SETENV 1
| #define HAVE_PUTENV 1
| #define HAVE_UNSETENV 1
| #define HAVE_BSEARCH 1
| #define HAVE_QSORT 1
| #define HAVE_ABS 1
| #define HAVE_BCOPY 1
| #define HAVE_MEMSET 1
| #define HAVE_MEMCMP 1
| #define HAVE_MEMCPY 1
| #define HAVE_MEMMOVE 1
| #define HAVE_WCSLEN 1
| #define HAVE_WCSLCPY 1
| #define HAVE_WCSLCAT 1
| #define HAVE_WCSDUP 1
| #define HAVE_WCSSTR 1
| #define HAVE_WCSCMP 1
| #define HAVE_WCSNCMP 1
| #define HAVE_WCSCASECMP 1
| #define HAVE_WCSNCASECMP 1
| #define HAVE_STRLEN 1
| #define HAVE_STRLCPY 1
| #define HAVE_STRLCAT 1
| #define HAVE_INDEX 1
| #define HAVE_RINDEX 1
| #define HAVE_STRCHR 1
| #define HAVE_STRRCHR 1
| #define HAVE_STRSTR 1
| #define HAVE_STRTOK_R 1
| #define HAVE_STRTOD 1
| #define HAVE_STRTOL 1
| #define HAVE_STRTOUL 1
| #define HAVE_STRTOLL 1
| #define HAVE_STRTOULL 1
| #define HAVE_ATOI 1
| #define HAVE_ATOF 1
| #define HAVE_STRCMP 1
| #define HAVE_STRNCMP 1
| #define HAVE_STRCASECMP 1
| #define HAVE_STRNCASECMP 1
| #define HAVE_STRCASESTR 1
| #define HAVE_VSSCANF 1
| #define HAVE_VSNPRINTF 1
| #define HAVE_FSEEKO 1
| #define HAVE_SIGACTION 1
| #define HAVE_SETJMP 1
| #define HAVE_NANOSLEEP 1
| #define HAVE_SYSCONF 1
| #define HAVE_POLL 1
| #define HAVE_POSIX_FALLOCATE 1
| #define HAVE__EXIT 1
| #define HAVE_ACOS 1
| #define HAVE_ACOSF 1
| #define HAVE_ASIN 1
| #define HAVE_ASINF 1
| #define HAVE_ATAN 1
| #define HAVE_ATANF 1
| #define HAVE_ATAN2 1
| #define HAVE_ATAN2F 1
| #define HAVE_CEIL 1
| #define HAVE_CEILF 1
| #define HAVE_COPYSIGN 1
| #define HAVE_COPYSIGNF 1
| #define HAVE_COS 1
| #define HAVE_COSF 1
| #define HAVE_EXP 1
| #define HAVE_EXPF 1
| #define HAVE_FABS 1
| #define HAVE_FABSF 1
| #define HAVE_FLOOR 1
| #define HAVE_FLOORF 1
| #define HAVE_TRUNC 1
| #define HAVE_TRUNCF 1
| #define HAVE_FMOD 1
| #define HAVE_FMODF 1
| #define HAVE_LOG 1
| #define HAVE_LOGF 1
| #define HAVE_LOG10 1
| #define HAVE_LOG10F 1
| #define HAVE_LROUND 1
| #define HAVE_LROUNDF 1
| #define HAVE_POW 1
| #define HAVE_POWF 1
| #define HAVE_ROUND 1
| #define HAVE_ROUNDF 1
| #define HAVE_SCALBN 1
| #define HAVE_SCALBNF 1
| #define HAVE_SIN 1
| #define HAVE_SINF 1
| #define HAVE_SQRT 1
| #define HAVE_SQRTF 1
| #define HAVE_TAN 1
| #define HAVE_TANF 1
| #define HAVE_SA_SIGACTION 1
| #define HAVE_GCC_ATOMICS 1
| #define HAVE_IMMINTRIN_H 1
| #define SDL_VIDEO_DRIVER_DUMMY 1
| #define SDL_VIDEO_DRIVER_OFFSCREEN 1
| #define SDL_AUDIO_DRIVER_DISK 1
| #define SDL_AUDIO_DRIVER_DUMMY 1
| /* end confdefs.h.  */
| 
| #if !defined(_WIN32_WCE) && !defined(__MINGW32CE__)
| #error This is not Windows CE
| #endif
| 
| int
| main (void)
| {
| 
|   ;
|   return 0;
| }
configure:28108: result: no
configure:28112: checking for tpcshrd.h
configure:28112: gcc -c -g -O2 -Iinclude -I/cygdrive/c/Users/Kyjor/Documents/Projects/Julia/StaticCompilerGame.jl/SDLCalls/SDL2-2.30.11/include -idirafter /cygdrive/c/Users/Kyjor/Documents/Projects/Julia/StaticCompilerGame.jl/SDLCalls/SDL2-2.30.11/src/video/khronos  -I/usr/include/mingw  -Iinclude -I/cygdrive/c/Users/Kyjor/Documents/Projects/Julia/StaticCompilerGame.jl/SDLCalls/SDL2-2.30.11/include -idirafter /cygdrive/c/Users/Kyjor/Documents/Projects/Julia/StaticCompilerGame.jl/SDLCalls/SDL2-2.30.11/src/video/khronos  -I/usr/include/mingw conftest.c >&5
configure:28112: $? = 0
configure:28112: result: yes
configure:28123: checking for roapi.h
configure:28123: gcc -c -g -O2 -Iinclude -I/cygdrive/c/Users/Kyjor/Documents/Projects/Julia/StaticCompilerGame.jl/SDLCalls/SDL2-2.30.11/include -idirafter /cygdrive/c/Users/Kyjor/Documents/Projects/Julia/StaticCompilerGame.jl/SDLCalls/SDL2-2.30.11/src/video/khronos  -I/usr/include/mingw  -Iinclude -I/cygdrive/c/Users/Kyjor/Documents/Projects/Julia/StaticCompilerGame.jl/SDLCalls/SDL2-2.30.11/include -idirafter /cygdrive/c/Users/Kyjor/Documents/Projects/Julia/StaticCompilerGame.jl/SDLCalls/SDL2-2.30.11/src/video/khronos  -I/usr/include/mingw conftest.c >&5
configure:28123: $? = 0
configure:28123: result: yes
configure:28134: checking for shellscalingapi.h
configure:28134: gcc -c -g -O2 -Iinclude -I/cygdrive/c/Users/Kyjor/Documents/Projects/Julia/StaticCompilerGame.jl/SDLCalls/SDL2-2.30.11/include -idirafter /cygdrive/c/Users/Kyjor/Documents/Projects/Julia/StaticCompilerGame.jl/SDLCalls/SDL2-2.30.11/src/video/khronos  -I/usr/include/mingw  -Iinclude -I/cygdrive/c/Users/Kyjor/Documents/Projects/Julia/StaticCompilerGame.jl/SDLCalls/SDL2-2.30.11/include -idirafter /cygdrive/c/Users/Kyjor/Documents/Projects/Julia/StaticCompilerGame.jl/SDLCalls/SDL2-2.30.11/src/video/khronos  -I/usr/include/mingw conftest.c >&5
configure:28134: $? = 0
configure:28134: result: yes
configure:26756: checking for EGL support
configure:26772: gcc -c -g -O2 -Iinclude -I/cygdrive/c/Users/Kyjor/Documents/Projects/Julia/StaticCompilerGame.jl/SDLCalls/SDL2-2.30.11/include -idirafter /cygdrive/c/Users/Kyjor/Documents/Projects/Julia/StaticCompilerGame.jl/SDLCalls/SDL2-2.30.11/src/video/khronos  -I/usr/include/mingw  -Iinclude -I/cygdrive/c/Users/Kyjor/Documents/Projects/Julia/StaticCompilerGame.jl/SDLCalls/SDL2-2.30.11/include -idirafter /cygdrive/c/Users/Kyjor/Documents/Projects/Julia/StaticCompilerGame.jl/SDLCalls/SDL2-2.30.11/src/video/khronos  -I/usr/include/mingw conftest.c >&5
configure:26772: $? = 0
configure:26777: result: yes
configure:26789: checking for OpenGL ES v2 headers
configure:26806: gcc -c -g -O2 -Iinclude -I/cygdrive/c/Users/Kyjor/Documents/Projects/Julia/StaticCompilerGame.jl/SDLCalls/SDL2-2.30.11/include -idirafter /cygdrive/c/Users/Kyjor/Documents/Projects/Julia/StaticCompilerGame.jl/SDLCalls/SDL2-2.30.11/src/video/khronos  -I/usr/include/mingw  -Iinclude -I/cygdrive/c/Users/Kyjor/Documents/Projects/Julia/StaticCompilerGame.jl/SDLCalls/SDL2-2.30.11/include -idirafter /cygdrive/c/Users/Kyjor/Documents/Projects/Julia/StaticCompilerGame.jl/SDLCalls/SDL2-2.30.11/src/video/khronos  -I/usr/include/mingw conftest.c >&5
configure:26806: $? = 0
configure:26811: result: yes
configure:28189: checking for d3d9.h
configure:28189: gcc -c -g -O2 -Iinclude -I/cygdrive/c/Users/Kyjor/Documents/Projects/Julia/StaticCompilerGame.jl/SDLCalls/SDL2-2.30.11/include -idirafter /cygdrive/c/Users/Kyjor/Documents/Projects/Julia/StaticCompilerGame.jl/SDLCalls/SDL2-2.30.11/src/video/khronos  -I/usr/include/mingw  -Iinclude -I/cygdrive/c/Users/Kyjor/Documents/Projects/Julia/StaticCompilerGame.jl/SDLCalls/SDL2-2.30.11/include -idirafter /cygdrive/c/Users/Kyjor/Documents/Projects/Julia/StaticCompilerGame.jl/SDLCalls/SDL2-2.30.11/src/video/khronos  -I/usr/include/mingw conftest.c >&5
In file included from /usr/include/w32api/wtypes.h:23,
                 from /usr/include/w32api/winscard.h:10,
                 from /usr/include/w32api/windows.h:97,
                 from /usr/include/w32api/rpc.h:16,
                 from /usr/include/w32api/objbase.h:7,
                 from /usr/include/w32api/d3d9.h:31,
                 from conftest.c:188:
/usr/include/w32api/wtypesbase.h:319:5: error: unknown type name 'byte'
  319 |     byte abData[1];
      |     ^~~~
/usr/include/w32api/wtypesbase.h:341:5: error: unknown type name 'byte'
  341 |     byte abData[1];
      |     ^~~~
/usr/include/w32api/wtypesbase.h:356:5: error: unknown type name 'byte'
  356 |     byte *pData;
      |     ^~~~
/usr/include/w32api/wtypesbase.h:371:5: error: unknown type name 'hyper'
  371 |     hyper *pData;
      |     ^~~~~
/usr/include/w32api/wtypesbase.h:377:9: error: unknown type name 'boolean'
  377 | typedef boolean BOOLEAN;
      |         ^~~~~~~
/usr/include/w32api/wtypesbase.h:377:17: error: conflicting types for 'BOOLEAN'; have 'int'
  377 | typedef boolean BOOLEAN;
      |                 ^~~~~~~
In file included from /usr/include/w32api/minwindef.h:163,
                 from /usr/include/w32api/windef.h:9,
                 from /usr/include/w32api/windows.h:69:
/usr/include/w32api/winnt.h:637:16: note: previous declaration of 'BOOLEAN' with type 'BOOLEAN' {aka 'unsigned char'}
  637 |   typedef BYTE BOOLEAN;
      |                ^~~~~~~
/usr/include/w32api/wtypes.h:46:5: error: unknown type name 'byte'
   46 |     byte data[1];
      |     ^~~~
/usr/include/w32api/wtypes.h:54:5: error: unknown type name 'byte'
   54 |     byte data[1];
      |     ^~~~
/usr/include/w32api/wtypes.h:59:5: error: unknown type name 'byte'
   59 |     byte data[1];
      |     ^~~~
/usr/include/w32api/wtypes.h:63:5: error: unknown type name 'byte'
   63 |     byte data[1];
      |     ^~~~
/usr/include/w32api/wtypes.h:68:5: error: unknown type name 'byte'
   68 |     byte data[1];
      |     ^~~~
/usr/include/w32api/wtypes.h:73:5: error: unknown type name 'byte'
   73 |     byte data[1];
      |     ^~~~
/usr/include/w32api/wtypes.h:299:5: error: unknown type name 'byte'
  299 |     byte pBuffer[1];
      |     ^~~~
configure:28189: $? = 1
configure: failed program was:
| /* confdefs.h */
| #define PACKAGE_NAME ""
| #define PACKAGE_TARNAME ""
| #define PACKAGE_VERSION ""
| #define PACKAGE_STRING ""
| #define PACKAGE_BUGREPORT ""
| #define PACKAGE_URL ""
| #define HAVE_STDIO_H 1
| #define HAVE_STDLIB_H 1
| #define HAVE_STRING_H 1
| #define HAVE_INTTYPES_H 1
| #define HAVE_STDINT_H 1
| #define HAVE_STRINGS_H 1
| #define HAVE_SYS_STAT_H 1
| #define HAVE_SYS_TYPES_H 1
| #define HAVE_UNISTD_H 1
| #define STDC_HEADERS 1
| #define HAVE_DLFCN_H 1
| #define LT_OBJDIR ".libs/"
| #define HAVE_LIBC 1
| #define HAVE_SYS_TYPES_H 1
| #define HAVE_STDIO_H 1
| #define HAVE_STDLIB_H 1
| #define HAVE_STDDEF_H 1
| #define HAVE_STDARG_H 1
| #define HAVE_MALLOC_H 1
| #define HAVE_MEMORY_H 1
| #define HAVE_STRING_H 1
| #define HAVE_STRINGS_H 1
| #define HAVE_WCHAR_H 1
| #define HAVE_INTTYPES_H 1
| #define HAVE_STDINT_H 1
| #define HAVE_LIMITS_H 1
| #define HAVE_CTYPE_H 1
| #define HAVE_MATH_H 1
| #define HAVE_FLOAT_H 1
| #define HAVE_ICONV_H 1
| #define HAVE_SIGNAL_H 1
| #define HAVE_M_PI /**/
| #define HAVE_ALLOCA_H 1
| #define HAVE_ALLOCA 1
| #define HAVE_MPROTECT 1
| #define HAVE_MALLOC 1
| #define HAVE_CALLOC 1
| #define HAVE_REALLOC 1
| #define HAVE_FREE 1
| #define HAVE_GETENV 1
| #define HAVE_SETENV 1
| #define HAVE_PUTENV 1
| #define HAVE_UNSETENV 1
| #define HAVE_BSEARCH 1
| #define HAVE_QSORT 1
| #define HAVE_ABS 1
| #define HAVE_BCOPY 1
| #define HAVE_MEMSET 1
| #define HAVE_MEMCMP 1
| #define HAVE_MEMCPY 1
| #define HAVE_MEMMOVE 1
| #define HAVE_WCSLEN 1
| #define HAVE_WCSLCPY 1
| #define HAVE_WCSLCAT 1
| #define HAVE_WCSDUP 1
| #define HAVE_WCSSTR 1
| #define HAVE_WCSCMP 1
| #define HAVE_WCSNCMP 1
| #define HAVE_WCSCASECMP 1
| #define HAVE_WCSNCASECMP 1
| #define HAVE_STRLEN 1
| #define HAVE_STRLCPY 1
| #define HAVE_STRLCAT 1
| #define HAVE_INDEX 1
| #define HAVE_RINDEX 1
| #define HAVE_STRCHR 1
| #define HAVE_STRRCHR 1
| #define HAVE_STRSTR 1
| #define HAVE_STRTOK_R 1
| #define HAVE_STRTOD 1
| #define HAVE_STRTOL 1
| #define HAVE_STRTOUL 1
| #define HAVE_STRTOLL 1
| #define HAVE_STRTOULL 1
| #define HAVE_ATOI 1
| #define HAVE_ATOF 1
| #define HAVE_STRCMP 1
| #define HAVE_STRNCMP 1
| #define HAVE_STRCASECMP 1
| #define HAVE_STRNCASECMP 1
| #define HAVE_STRCASESTR 1
| #define HAVE_VSSCANF 1
| #define HAVE_VSNPRINTF 1
| #define HAVE_FSEEKO 1
| #define HAVE_SIGACTION 1
| #define HAVE_SETJMP 1
| #define HAVE_NANOSLEEP 1
| #define HAVE_SYSCONF 1
| #define HAVE_POLL 1
| #define HAVE_POSIX_FALLOCATE 1
| #define HAVE__EXIT 1
| #define HAVE_ACOS 1
| #define HAVE_ACOSF 1
| #define HAVE_ASIN 1
| #define HAVE_ASINF 1
| #define HAVE_ATAN 1
| #define HAVE_ATANF 1
| #define HAVE_ATAN2 1
| #define HAVE_ATAN2F 1
| #define HAVE_CEIL 1
| #define HAVE_CEILF 1
| #define HAVE_COPYSIGN 1
| #define HAVE_COPYSIGNF 1
| #define HAVE_COS 1
| #define HAVE_COSF 1
| #define HAVE_EXP 1
| #define HAVE_EXPF 1
| #define HAVE_FABS 1
| #define HAVE_FABSF 1
| #define HAVE_FLOOR 1
| #define HAVE_FLOORF 1
| #define HAVE_TRUNC 1
| #define HAVE_TRUNCF 1
| #define HAVE_FMOD 1
| #define HAVE_FMODF 1
| #define HAVE_LOG 1
| #define HAVE_LOGF 1
| #define HAVE_LOG10 1
| #define HAVE_LOG10F 1
| #define HAVE_LROUND 1
| #define HAVE_LROUNDF 1
| #define HAVE_POW 1
| #define HAVE_POWF 1
| #define HAVE_ROUND 1
| #define HAVE_ROUNDF 1
| #define HAVE_SCALBN 1
| #define HAVE_SCALBNF 1
| #define HAVE_SIN 1
| #define HAVE_SINF 1
| #define HAVE_SQRT 1
| #define HAVE_SQRTF 1
| #define HAVE_TAN 1
| #define HAVE_TANF 1
| #define HAVE_SA_SIGACTION 1
| #define HAVE_GCC_ATOMICS 1
| #define HAVE_IMMINTRIN_H 1
| #define SDL_VIDEO_DRIVER_DUMMY 1
| #define SDL_VIDEO_DRIVER_OFFSCREEN 1
| #define SDL_AUDIO_DRIVER_DISK 1
| #define SDL_AUDIO_DRIVER_DUMMY 1
| #define HAVE_TPCSHRD_H 1
| #define HAVE_ROAPI_H 1
| #define SDL_VIDEO_OPENGL 1
| #define SDL_VIDEO_OPENGL_WGL 1
| #define SDL_VIDEO_RENDER_OGL 1
| #define SDL_VIDEO_OPENGL 1
| #define SDL_VIDEO_OPENGL_EGL 1
| #define SDL_VIDEO_OPENGL 1
| #define SDL_VIDEO_OPENGL_ES2 1
| #define SDL_VIDEO_RENDER_OGL_ES2 1
| #define SDL_VIDEO_VULKAN 1
| /* end confdefs.h.  */
| #include <stddef.h>
| #ifdef HAVE_STDIO_H
| # include <stdio.h>
| #endif
| #ifdef HAVE_STDLIB_H
| # include <stdlib.h>
| #endif
| #ifdef HAVE_STRING_H
| # include <string.h>
| #endif
| #ifdef HAVE_INTTYPES_H
| # include <inttypes.h>
| #endif
| #ifdef HAVE_STDINT_H
| # include <stdint.h>
| #endif
| #ifdef HAVE_STRINGS_H
| # include <strings.h>
| #endif
| #ifdef HAVE_SYS_TYPES_H
| # include <sys/types.h>
| #endif
| #ifdef HAVE_SYS_STAT_H
| # include <sys/stat.h>
| #endif
| #ifdef HAVE_UNISTD_H
| # include <unistd.h>
| #endif
| #include <d3d9.h>
configure:28189: result: no
configure:28195: checking for d3d11_1.h
configure:28195: gcc -c -g -O2 -Iinclude -I/cygdrive/c/Users/Kyjor/Documents/Projects/Julia/StaticCompilerGame.jl/SDLCalls/SDL2-2.30.11/include -idirafter /cygdrive/c/Users/Kyjor/Documents/Projects/Julia/StaticCompilerGame.jl/SDLCalls/SDL2-2.30.11/src/video/khronos  -I/usr/include/mingw  -Iinclude -I/cygdrive/c/Users/Kyjor/Documents/Projects/Julia/StaticCompilerGame.jl/SDLCalls/SDL2-2.30.11/include -idirafter /cygdrive/c/Users/Kyjor/Documents/Projects/Julia/StaticCompilerGame.jl/SDLCalls/SDL2-2.30.11/src/video/khronos  -I/usr/include/mingw conftest.c >&5
configure:28195: $? = 0
configure:28195: result: yes
configure:28201: checking for compatible d3d12 headers
configure:28218: gcc -c -g -O2 -Iinclude -I/cygdrive/c/Users/Kyjor/Documents/Projects/Julia/StaticCompilerGame.jl/SDLCalls/SDL2-2.30.11/include -idirafter /cygdrive/c/Users/Kyjor/Documents/Projects/Julia/StaticCompilerGame.jl/SDLCalls/SDL2-2.30.11/src/video/khronos  -I/usr/include/mingw  -Iinclude -I/cygdrive/c/Users/Kyjor/Documents/Projects/Julia/StaticCompilerGame.jl/SDLCalls/SDL2-2.30.11/include -idirafter /cygdrive/c/Users/Kyjor/Documents/Projects/Julia/StaticCompilerGame.jl/SDLCalls/SDL2-2.30.11/src/video/khronos  -I/usr/include/mingw conftest.c >&5
configure:28218: $? = 0
configure:28226: result: yes
configure:28229: checking for ddraw.h
configure:28229: gcc -c -g -O2 -Iinclude -I/cygdrive/c/Users/Kyjor/Documents/Projects/Julia/StaticCompilerGame.jl/SDLCalls/SDL2-2.30.11/include -idirafter /cygdrive/c/Users/Kyjor/Documents/Projects/Julia/StaticCompilerGame.jl/SDLCalls/SDL2-2.30.11/src/video/khronos  -I/usr/include/mingw  -Iinclude -I/cygdrive/c/Users/Kyjor/Documents/Projects/Julia/StaticCompilerGame.jl/SDLCalls/SDL2-2.30.11/include -idirafter /cygdrive/c/Users/Kyjor/Documents/Projects/Julia/StaticCompilerGame.jl/SDLCalls/SDL2-2.30.11/src/video/khronos  -I/usr/include/mingw conftest.c >&5
In file included from /usr/include/w32api/wtypes.h:23,
                 from /usr/include/w32api/winscard.h:10,
                 from /usr/include/w32api/windows.h:97,
                 from /usr/include/w32api/rpc.h:16,
                 from /usr/include/w32api/objbase.h:7,
                 from /usr/include/w32api/ddraw.h:23,
                 from conftest.c:188:
/usr/include/w32api/wtypesbase.h:319:5: error: unknown type name 'byte'
  319 |     byte abData[1];
      |     ^~~~
/usr/include/w32api/wtypesbase.h:341:5: error: unknown type name 'byte'
  341 |     byte abData[1];
      |     ^~~~
/usr/include/w32api/wtypesbase.h:356:5: error: unknown type name 'byte'
  356 |     byte *pData;
      |     ^~~~
/usr/include/w32api/wtypesbase.h:371:5: error: unknown type name 'hyper'
  371 |     hyper *pData;
      |     ^~~~~
/usr/include/w32api/wtypesbase.h:377:9: error: unknown type name 'boolean'
  377 | typedef boolean BOOLEAN;
      |         ^~~~~~~
/usr/include/w32api/wtypesbase.h:377:17: error: conflicting types for 'BOOLEAN'; have 'int'
  377 | typedef boolean BOOLEAN;
      |                 ^~~~~~~
In file included from /usr/include/w32api/minwindef.h:163,
                 from /usr/include/w32api/windef.h:9,
                 from /usr/include/w32api/windows.h:69:
/usr/include/w32api/winnt.h:637:16: note: previous declaration of 'BOOLEAN' with type 'BOOLEAN' {aka 'unsigned char'}
  637 |   typedef BYTE BOOLEAN;
      |                ^~~~~~~
/usr/include/w32api/wtypes.h:46:5: error: unknown type name 'byte'
   46 |     byte data[1];
      |     ^~~~
/usr/include/w32api/wtypes.h:54:5: error: unknown type name 'byte'
   54 |     byte data[1];
      |     ^~~~
/usr/include/w32api/wtypes.h:59:5: error: unknown type name 'byte'
   59 |     byte data[1];
      |     ^~~~
/usr/include/w32api/wtypes.h:63:5: error: unknown type name 'byte'
   63 |     byte data[1];
      |     ^~~~
/usr/include/w32api/wtypes.h:68:5: error: unknown type name 'byte'
   68 |     byte data[1];
      |     ^~~~
/usr/include/w32api/wtypes.h:73:5: error: unknown type name 'byte'
   73 |     byte data[1];
      |     ^~~~
/usr/include/w32api/wtypes.h:299:5: error: unknown type name 'byte'
  299 |     byte pBuffer[1];
      |     ^~~~
configure:28229: $? = 1
configure: failed program was:
| /* confdefs.h */
| #define PACKAGE_NAME ""
| #define PACKAGE_TARNAME ""
| #define PACKAGE_VERSION ""
| #define PACKAGE_STRING ""
| #define PACKAGE_BUGREPORT ""
| #define PACKAGE_URL ""
| #define HAVE_STDIO_H 1
| #define HAVE_STDLIB_H 1
| #define HAVE_STRING_H 1
| #define HAVE_INTTYPES_H 1
| #define HAVE_STDINT_H 1
| #define HAVE_STRINGS_H 1
| #define HAVE_SYS_STAT_H 1
| #define HAVE_SYS_TYPES_H 1
| #define HAVE_UNISTD_H 1
| #define STDC_HEADERS 1
| #define HAVE_DLFCN_H 1
| #define LT_OBJDIR ".libs/"
| #define HAVE_LIBC 1
| #define HAVE_SYS_TYPES_H 1
| #define HAVE_STDIO_H 1
| #define HAVE_STDLIB_H 1
| #define HAVE_STDDEF_H 1
| #define HAVE_STDARG_H 1
| #define HAVE_MALLOC_H 1
| #define HAVE_MEMORY_H 1
| #define HAVE_STRING_H 1
| #define HAVE_STRINGS_H 1
| #define HAVE_WCHAR_H 1
| #define HAVE_INTTYPES_H 1
| #define HAVE_STDINT_H 1
| #define HAVE_LIMITS_H 1
| #define HAVE_CTYPE_H 1
| #define HAVE_MATH_H 1
| #define HAVE_FLOAT_H 1
| #define HAVE_ICONV_H 1
| #define HAVE_SIGNAL_H 1
| #define HAVE_M_PI /**/
| #define HAVE_ALLOCA_H 1
| #define HAVE_ALLOCA 1
| #define HAVE_MPROTECT 1
| #define HAVE_MALLOC 1
| #define HAVE_CALLOC 1
| #define HAVE_REALLOC 1
| #define HAVE_FREE 1
| #define HAVE_GETENV 1
| #define HAVE_SETENV 1
| #define HAVE_PUTENV 1
| #define HAVE_UNSETENV 1
| #define HAVE_BSEARCH 1
| #define HAVE_QSORT 1
| #define HAVE_ABS 1
| #define HAVE_BCOPY 1
| #define HAVE_MEMSET 1
| #define HAVE_MEMCMP 1
| #define HAVE_MEMCPY 1
| #define HAVE_MEMMOVE 1
| #define HAVE_WCSLEN 1
| #define HAVE_WCSLCPY 1
| #define HAVE_WCSLCAT 1
| #define HAVE_WCSDUP 1
| #define HAVE_WCSSTR 1
| #define HAVE_WCSCMP 1
| #define HAVE_WCSNCMP 1
| #define HAVE_WCSCASECMP 1
| #define HAVE_WCSNCASECMP 1
| #define HAVE_STRLEN 1
| #define HAVE_STRLCPY 1
| #define HAVE_STRLCAT 1
| #define HAVE_INDEX 1
| #define HAVE_RINDEX 1
| #define HAVE_STRCHR 1
| #define HAVE_STRRCHR 1
| #define HAVE_STRSTR 1
| #define HAVE_STRTOK_R 1
| #define HAVE_STRTOD 1
| #define HAVE_STRTOL 1
| #define HAVE_STRTOUL 1
| #define HAVE_STRTOLL 1
| #define HAVE_STRTOULL 1
| #define HAVE_ATOI 1
| #define HAVE_ATOF 1
| #define HAVE_STRCMP 1
| #define HAVE_STRNCMP 1
| #define HAVE_STRCASECMP 1
| #define HAVE_STRNCASECMP 1
| #define HAVE_STRCASESTR 1
| #define HAVE_VSSCANF 1
| #define HAVE_VSNPRINTF 1
| #define HAVE_FSEEKO 1
| #define HAVE_SIGACTION 1
| #define HAVE_SETJMP 1
| #define HAVE_NANOSLEEP 1
| #define HAVE_SYSCONF 1
| #define HAVE_POLL 1
| #define HAVE_POSIX_FALLOCATE 1
| #define HAVE__EXIT 1
| #define HAVE_ACOS 1
| #define HAVE_ACOSF 1
| #define HAVE_ASIN 1
| #define HAVE_ASINF 1
| #define HAVE_ATAN 1
| #define HAVE_ATANF 1
| #define HAVE_ATAN2 1
| #define HAVE_ATAN2F 1
| #define HAVE_CEIL 1
| #define HAVE_CEILF 1
| #define HAVE_COPYSIGN 1
| #define HAVE_COPYSIGNF 1
| #define HAVE_COS 1
| #define HAVE_COSF 1
| #define HAVE_EXP 1
| #define HAVE_EXPF 1
| #define HAVE_FABS 1
| #define HAVE_FABSF 1
| #define HAVE_FLOOR 1
| #define HAVE_FLOORF 1
| #define HAVE_TRUNC 1
| #define HAVE_TRUNCF 1
| #define HAVE_FMOD 1
| #define HAVE_FMODF 1
| #define HAVE_LOG 1
| #define HAVE_LOGF 1
| #define HAVE_LOG10 1
| #define HAVE_LOG10F 1
| #define HAVE_LROUND 1
| #define HAVE_LROUNDF 1
| #define HAVE_POW 1
| #define HAVE_POWF 1
| #define HAVE_ROUND 1
| #define HAVE_ROUNDF 1
| #define HAVE_SCALBN 1
| #define HAVE_SCALBNF 1
| #define HAVE_SIN 1
| #define HAVE_SINF 1
| #define HAVE_SQRT 1
| #define HAVE_SQRTF 1
| #define HAVE_TAN 1
| #define HAVE_TANF 1
| #define HAVE_SA_SIGACTION 1
| #define HAVE_GCC_ATOMICS 1
| #define HAVE_IMMINTRIN_H 1
| #define SDL_VIDEO_DRIVER_DUMMY 1
| #define SDL_VIDEO_DRIVER_OFFSCREEN 1
| #define SDL_AUDIO_DRIVER_DISK 1
| #define SDL_AUDIO_DRIVER_DUMMY 1
| #define HAVE_TPCSHRD_H 1
| #define HAVE_ROAPI_H 1
| #define SDL_VIDEO_OPENGL 1
| #define SDL_VIDEO_OPENGL_WGL 1
| #define SDL_VIDEO_RENDER_OGL 1
| #define SDL_VIDEO_OPENGL 1
| #define SDL_VIDEO_OPENGL_EGL 1
| #define SDL_VIDEO_OPENGL 1
| #define SDL_VIDEO_OPENGL_ES2 1
| #define SDL_VIDEO_RENDER_OGL_ES2 1
| #define SDL_VIDEO_VULKAN 1
| /* end confdefs.h.  */
| #include <stddef.h>
| #ifdef HAVE_STDIO_H
| # include <stdio.h>
| #endif
| #ifdef HAVE_STDLIB_H
| # include <stdlib.h>
| #endif
| #ifdef HAVE_STRING_H
| # include <string.h>
| #endif
| #ifdef HAVE_INTTYPES_H
| # include <inttypes.h>
| #endif
| #ifdef HAVE_STDINT_H
| # include <stdint.h>
| #endif
| #ifdef HAVE_STRINGS_H
| # include <strings.h>
| #endif
| #ifdef HAVE_SYS_TYPES_H
| # include <sys/types.h>
| #endif
| #ifdef HAVE_SYS_STAT_H
| # include <sys/stat.h>
| #endif
| #ifdef HAVE_UNISTD_H
| # include <unistd.h>
| #endif
| #include <ddraw.h>
configure:28229: result: no
configure:28235: checking for dsound.h
configure:28235: gcc -c -g -O2 -Iinclude -I/cygdrive/c/Users/Kyjor/Documents/Projects/Julia/StaticCompilerGame.jl/SDLCalls/SDL2-2.30.11/include -idirafter /cygdrive/c/Users/Kyjor/Documents/Projects/Julia/StaticCompilerGame.jl/SDLCalls/SDL2-2.30.11/src/video/khronos  -I/usr/include/mingw  -Iinclude -I/cygdrive/c/Users/Kyjor/Documents/Projects/Julia/StaticCompilerGame.jl/SDLCalls/SDL2-2.30.11/include -idirafter /cygdrive/c/Users/Kyjor/Documents/Projects/Julia/StaticCompilerGame.jl/SDLCalls/SDL2-2.30.11/src/video/khronos  -I/usr/include/mingw conftest.c >&5
In file included from /usr/include/w32api/wtypes.h:23,
                 from /usr/include/w32api/winscard.h:10,
                 from /usr/include/w32api/windows.h:97,
                 from /usr/include/w32api/rpc.h:16,
                 from /usr/include/w32api/objbase.h:7,
                 from /usr/include/w32api/dsound.h:30,
                 from conftest.c:188:
/usr/include/w32api/wtypesbase.h:319:5: error: unknown type name 'byte'
  319 |     byte abData[1];
      |     ^~~~
/usr/include/w32api/wtypesbase.h:341:5: error: unknown type name 'byte'
  341 |     byte abData[1];
      |     ^~~~
/usr/include/w32api/wtypesbase.h:356:5: error: unknown type name 'byte'
  356 |     byte *pData;
      |     ^~~~
/usr/include/w32api/wtypesbase.h:371:5: error: unknown type name 'hyper'
  371 |     hyper *pData;
      |     ^~~~~
/usr/include/w32api/wtypesbase.h:377:9: error: unknown type name 'boolean'
  377 | typedef boolean BOOLEAN;
      |         ^~~~~~~
/usr/include/w32api/wtypesbase.h:377:17: error: conflicting types for 'BOOLEAN'; have 'int'
  377 | typedef boolean BOOLEAN;
      |                 ^~~~~~~
In file included from /usr/include/w32api/minwindef.h:163,
                 from /usr/include/w32api/windef.h:9,
                 from /usr/include/w32api/windows.h:69:
/usr/include/w32api/winnt.h:637:16: note: previous declaration of 'BOOLEAN' with type 'BOOLEAN' {aka 'unsigned char'}
  637 |   typedef BYTE BOOLEAN;
      |                ^~~~~~~
/usr/include/w32api/wtypes.h:46:5: error: unknown type name 'byte'
   46 |     byte data[1];
      |     ^~~~
/usr/include/w32api/wtypes.h:54:5: error: unknown type name 'byte'
   54 |     byte data[1];
      |     ^~~~
/usr/include/w32api/wtypes.h:59:5: error: unknown type name 'byte'
   59 |     byte data[1];
      |     ^~~~
/usr/include/w32api/wtypes.h:63:5: error: unknown type name 'byte'
   63 |     byte data[1];
      |     ^~~~
/usr/include/w32api/wtypes.h:68:5: error: unknown type name 'byte'
   68 |     byte data[1];
      |     ^~~~
/usr/include/w32api/wtypes.h:73:5: error: unknown type name 'byte'
   73 |     byte data[1];
      |     ^~~~
/usr/include/w32api/wtypes.h:299:5: error: unknown type name 'byte'
  299 |     byte pBuffer[1];
      |     ^~~~
configure:28235: $? = 1
configure: failed program was:
| /* confdefs.h */
| #define PACKAGE_NAME ""
| #define PACKAGE_TARNAME ""
| #define PACKAGE_VERSION ""
| #define PACKAGE_STRING ""
| #define PACKAGE_BUGREPORT ""
| #define PACKAGE_URL ""
| #define HAVE_STDIO_H 1
| #define HAVE_STDLIB_H 1
| #define HAVE_STRING_H 1
| #define HAVE_INTTYPES_H 1
| #define HAVE_STDINT_H 1
| #define HAVE_STRINGS_H 1
| #define HAVE_SYS_STAT_H 1
| #define HAVE_SYS_TYPES_H 1
| #define HAVE_UNISTD_H 1
| #define STDC_HEADERS 1
| #define HAVE_DLFCN_H 1
| #define LT_OBJDIR ".libs/"
| #define HAVE_LIBC 1
| #define HAVE_SYS_TYPES_H 1
| #define HAVE_STDIO_H 1
| #define HAVE_STDLIB_H 1
| #define HAVE_STDDEF_H 1
| #define HAVE_STDARG_H 1
| #define HAVE_MALLOC_H 1
| #define HAVE_MEMORY_H 1
| #define HAVE_STRING_H 1
| #define HAVE_STRINGS_H 1
| #define HAVE_WCHAR_H 1
| #define HAVE_INTTYPES_H 1
| #define HAVE_STDINT_H 1
| #define HAVE_LIMITS_H 1
| #define HAVE_CTYPE_H 1
| #define HAVE_MATH_H 1
| #define HAVE_FLOAT_H 1
| #define HAVE_ICONV_H 1
| #define HAVE_SIGNAL_H 1
| #define HAVE_M_PI /**/
| #define HAVE_ALLOCA_H 1
| #define HAVE_ALLOCA 1
| #define HAVE_MPROTECT 1
| #define HAVE_MALLOC 1
| #define HAVE_CALLOC 1
| #define HAVE_REALLOC 1
| #define HAVE_FREE 1
| #define HAVE_GETENV 1
| #define HAVE_SETENV 1
| #define HAVE_PUTENV 1
| #define HAVE_UNSETENV 1
| #define HAVE_BSEARCH 1
| #define HAVE_QSORT 1
| #define HAVE_ABS 1
| #define HAVE_BCOPY 1
| #define HAVE_MEMSET 1
| #define HAVE_MEMCMP 1
| #define HAVE_MEMCPY 1
| #define HAVE_MEMMOVE 1
| #define HAVE_WCSLEN 1
| #define HAVE_WCSLCPY 1
| #define HAVE_WCSLCAT 1
| #define HAVE_WCSDUP 1
| #define HAVE_WCSSTR 1
| #define HAVE_WCSCMP 1
| #define HAVE_WCSNCMP 1
| #define HAVE_WCSCASECMP 1
| #define HAVE_WCSNCASECMP 1
| #define HAVE_STRLEN 1
| #define HAVE_STRLCPY 1
| #define HAVE_STRLCAT 1
| #define HAVE_INDEX 1
| #define HAVE_RINDEX 1
| #define HAVE_STRCHR 1
| #define HAVE_STRRCHR 1
| #define HAVE_STRSTR 1
| #define HAVE_STRTOK_R 1
| #define HAVE_STRTOD 1
| #define HAVE_STRTOL 1
| #define HAVE_STRTOUL 1
| #define HAVE_STRTOLL 1
| #define HAVE_STRTOULL 1
| #define HAVE_ATOI 1
| #define HAVE_ATOF 1
| #define HAVE_STRCMP 1
| #define HAVE_STRNCMP 1
| #define HAVE_STRCASECMP 1
| #define HAVE_STRNCASECMP 1
| #define HAVE_STRCASESTR 1
| #define HAVE_VSSCANF 1
| #define HAVE_VSNPRINTF 1
| #define HAVE_FSEEKO 1
| #define HAVE_SIGACTION 1
| #define HAVE_SETJMP 1
| #define HAVE_NANOSLEEP 1
| #define HAVE_SYSCONF 1
| #define HAVE_POLL 1
| #define HAVE_POSIX_FALLOCATE 1
| #define HAVE__EXIT 1
| #define HAVE_ACOS 1
| #define HAVE_ACOSF 1
| #define HAVE_ASIN 1
| #define HAVE_ASINF 1
| #define HAVE_ATAN 1
| #define HAVE_ATANF 1
| #define HAVE_ATAN2 1
| #define HAVE_ATAN2F 1
| #define HAVE_CEIL 1
| #define HAVE_CEILF 1
| #define HAVE_COPYSIGN 1
| #define HAVE_COPYSIGNF 1
| #define HAVE_COS 1
| #define HAVE_COSF 1
| #define HAVE_EXP 1
| #define HAVE_EXPF 1
| #define HAVE_FABS 1
| #define HAVE_FABSF 1
| #define HAVE_FLOOR 1
| #define HAVE_FLOORF 1
| #define HAVE_TRUNC 1
| #define HAVE_TRUNCF 1
| #define HAVE_FMOD 1
| #define HAVE_FMODF 1
| #define HAVE_LOG 1
| #define HAVE_LOGF 1
| #define HAVE_LOG10 1
| #define HAVE_LOG10F 1
| #define HAVE_LROUND 1
| #define HAVE_LROUNDF 1
| #define HAVE_POW 1
| #define HAVE_POWF 1
| #define HAVE_ROUND 1
| #define HAVE_ROUNDF 1
| #define HAVE_SCALBN 1
| #define HAVE_SCALBNF 1
| #define HAVE_SIN 1
| #define HAVE_SINF 1
| #define HAVE_SQRT 1
| #define HAVE_SQRTF 1
| #define HAVE_TAN 1
| #define HAVE_TANF 1
| #define HAVE_SA_SIGACTION 1
| #define HAVE_GCC_ATOMICS 1
| #define HAVE_IMMINTRIN_H 1
| #define SDL_VIDEO_DRIVER_DUMMY 1
| #define SDL_VIDEO_DRIVER_OFFSCREEN 1
| #define SDL_AUDIO_DRIVER_DISK 1
| #define SDL_AUDIO_DRIVER_DUMMY 1
| #define HAVE_TPCSHRD_H 1
| #define HAVE_ROAPI_H 1
| #define SDL_VIDEO_OPENGL 1
| #define SDL_VIDEO_OPENGL_WGL 1
| #define SDL_VIDEO_RENDER_OGL 1
| #define SDL_VIDEO_OPENGL 1
| #define SDL_VIDEO_OPENGL_EGL 1
| #define SDL_VIDEO_OPENGL 1
| #define SDL_VIDEO_OPENGL_ES2 1
| #define SDL_VIDEO_RENDER_OGL_ES2 1
| #define SDL_VIDEO_VULKAN 1
| /* end confdefs.h.  */
| #include <stddef.h>
| #ifdef HAVE_STDIO_H
| # include <stdio.h>
| #endif
| #ifdef HAVE_STDLIB_H
| # include <stdlib.h>
| #endif
| #ifdef HAVE_STRING_H
| # include <string.h>
| #endif
| #ifdef HAVE_INTTYPES_H
| # include <inttypes.h>
| #endif
| #ifdef HAVE_STDINT_H
| # include <stdint.h>
| #endif
| #ifdef HAVE_STRINGS_H
| # include <strings.h>
| #endif
| #ifdef HAVE_SYS_TYPES_H
| # include <sys/types.h>
| #endif
| #ifdef HAVE_SYS_STAT_H
| # include <sys/stat.h>
| #endif
| #ifdef HAVE_UNISTD_H
| # include <unistd.h>
| #endif
| #include <dsound.h>
configure:28235: result: no
configure:28241: checking for dinput.h
configure:28241: gcc -c -g -O2 -Iinclude -I/cygdrive/c/Users/Kyjor/Documents/Projects/Julia/StaticCompilerGame.jl/SDLCalls/SDL2-2.30.11/include -idirafter /cygdrive/c/Users/Kyjor/Documents/Projects/Julia/StaticCompilerGame.jl/SDLCalls/SDL2-2.30.11/src/video/khronos  -I/usr/include/mingw  -Iinclude -I/cygdrive/c/Users/Kyjor/Documents/Projects/Julia/StaticCompilerGame.jl/SDLCalls/SDL2-2.30.11/include -idirafter /cygdrive/c/Users/Kyjor/Documents/Projects/Julia/StaticCompilerGame.jl/SDLCalls/SDL2-2.30.11/src/video/khronos  -I/usr/include/mingw conftest.c >&5
In file included from /usr/include/w32api/wtypes.h:23,
                 from /usr/include/w32api/winscard.h:10,
                 from /usr/include/w32api/windows.h:97,
                 from /usr/include/w32api/rpc.h:16,
                 from /usr/include/w32api/objbase.h:7,
                 from /usr/include/w32api/dinput.h:23,
                 from conftest.c:188:
/usr/include/w32api/wtypesbase.h:319:5: error: unknown type name 'byte'
  319 |     byte abData[1];
      |     ^~~~
/usr/include/w32api/wtypesbase.h:341:5: error: unknown type name 'byte'
  341 |     byte abData[1];
      |     ^~~~
/usr/include/w32api/wtypesbase.h:356:5: error: unknown type name 'byte'
  356 |     byte *pData;
      |     ^~~~
/usr/include/w32api/wtypesbase.h:371:5: error: unknown type name 'hyper'
  371 |     hyper *pData;
      |     ^~~~~
/usr/include/w32api/wtypesbase.h:377:9: error: unknown type name 'boolean'
  377 | typedef boolean BOOLEAN;
      |         ^~~~~~~
/usr/include/w32api/wtypesbase.h:377:17: error: conflicting types for 'BOOLEAN'; have 'int'
  377 | typedef boolean BOOLEAN;
      |                 ^~~~~~~
In file included from /usr/include/w32api/minwindef.h:163,
                 from /usr/include/w32api/windef.h:9,
                 from /usr/include/w32api/windows.h:69:
/usr/include/w32api/winnt.h:637:16: note: previous declaration of 'BOOLEAN' with type 'BOOLEAN' {aka 'unsigned char'}
  637 |   typedef BYTE BOOLEAN;
      |                ^~~~~~~
/usr/include/w32api/wtypes.h:46:5: error: unknown type name 'byte'
   46 |     byte data[1];
      |     ^~~~
/usr/include/w32api/wtypes.h:54:5: error: unknown type name 'byte'
   54 |     byte data[1];
      |     ^~~~
/usr/include/w32api/wtypes.h:59:5: error: unknown type name 'byte'
   59 |     byte data[1];
      |     ^~~~
/usr/include/w32api/wtypes.h:63:5: error: unknown type name 'byte'
   63 |     byte data[1];
      |     ^~~~
/usr/include/w32api/wtypes.h:68:5: error: unknown type name 'byte'
   68 |     byte data[1];
      |     ^~~~
/usr/include/w32api/wtypes.h:73:5: error: unknown type name 'byte'
   73 |     byte data[1];
      |     ^~~~
/usr/include/w32api/wtypes.h:299:5: error: unknown type name 'byte'
  299 |     byte pBuffer[1];
      |     ^~~~
configure:28241: $? = 1
configure: failed program was:
| /* confdefs.h */
| #define PACKAGE_NAME ""
| #define PACKAGE_TARNAME ""
| #define PACKAGE_VERSION ""
| #define PACKAGE_STRING ""
| #define PACKAGE_BUGREPORT ""
| #define PACKAGE_URL ""
| #define HAVE_STDIO_H 1
| #define HAVE_STDLIB_H 1
| #define HAVE_STRING_H 1
| #define HAVE_INTTYPES_H 1
| #define HAVE_STDINT_H 1
| #define HAVE_STRINGS_H 1
| #define HAVE_SYS_STAT_H 1
| #define HAVE_SYS_TYPES_H 1
| #define HAVE_UNISTD_H 1
| #define STDC_HEADERS 1
| #define HAVE_DLFCN_H 1
| #define LT_OBJDIR ".libs/"
| #define HAVE_LIBC 1
| #define HAVE_SYS_TYPES_H 1
| #define HAVE_STDIO_H 1
| #define HAVE_STDLIB_H 1
| #define HAVE_STDDEF_H 1
| #define HAVE_STDARG_H 1
| #define HAVE_MALLOC_H 1
| #define HAVE_MEMORY_H 1
| #define HAVE_STRING_H 1
| #define HAVE_STRINGS_H 1
| #define HAVE_WCHAR_H 1
| #define HAVE_INTTYPES_H 1
| #define HAVE_STDINT_H 1
| #define HAVE_LIMITS_H 1
| #define HAVE_CTYPE_H 1
| #define HAVE_MATH_H 1
| #define HAVE_FLOAT_H 1
| #define HAVE_ICONV_H 1
| #define HAVE_SIGNAL_H 1
| #define HAVE_M_PI /**/
| #define HAVE_ALLOCA_H 1
| #define HAVE_ALLOCA 1
| #define HAVE_MPROTECT 1
| #define HAVE_MALLOC 1
| #define HAVE_CALLOC 1
| #define HAVE_REALLOC 1
| #define HAVE_FREE 1
| #define HAVE_GETENV 1
| #define HAVE_SETENV 1
| #define HAVE_PUTENV 1
| #define HAVE_UNSETENV 1
| #define HAVE_BSEARCH 1
| #define HAVE_QSORT 1
| #define HAVE_ABS 1
| #define HAVE_BCOPY 1
| #define HAVE_MEMSET 1
| #define HAVE_MEMCMP 1
| #define HAVE_MEMCPY 1
| #define HAVE_MEMMOVE 1
| #define HAVE_WCSLEN 1
| #define HAVE_WCSLCPY 1
| #define HAVE_WCSLCAT 1
| #define HAVE_WCSDUP 1
| #define HAVE_WCSSTR 1
| #define HAVE_WCSCMP 1
| #define HAVE_WCSNCMP 1
| #define HAVE_WCSCASECMP 1
| #define HAVE_WCSNCASECMP 1
| #define HAVE_STRLEN 1
| #define HAVE_STRLCPY 1
| #define HAVE_STRLCAT 1
| #define HAVE_INDEX 1
| #define HAVE_RINDEX 1
| #define HAVE_STRCHR 1
| #define HAVE_STRRCHR 1
| #define HAVE_STRSTR 1
| #define HAVE_STRTOK_R 1
| #define HAVE_STRTOD 1
| #define HAVE_STRTOL 1
| #define HAVE_STRTOUL 1
| #define HAVE_STRTOLL 1
| #define HAVE_STRTOULL 1
| #define HAVE_ATOI 1
| #define HAVE_ATOF 1
| #define HAVE_STRCMP 1
| #define HAVE_STRNCMP 1
| #define HAVE_STRCASECMP 1
| #define HAVE_STRNCASECMP 1
| #define HAVE_STRCASESTR 1
| #define HAVE_VSSCANF 1
| #define HAVE_VSNPRINTF 1
| #define HAVE_FSEEKO 1
| #define HAVE_SIGACTION 1
| #define HAVE_SETJMP 1
| #define HAVE_NANOSLEEP 1
| #define HAVE_SYSCONF 1
| #define HAVE_POLL 1
| #define HAVE_POSIX_FALLOCATE 1
| #define HAVE__EXIT 1
| #define HAVE_ACOS 1
| #define HAVE_ACOSF 1
| #define HAVE_ASIN 1
| #define HAVE_ASINF 1
| #define HAVE_ATAN 1
| #define HAVE_ATANF 1
| #define HAVE_ATAN2 1
| #define HAVE_ATAN2F 1
| #define HAVE_CEIL 1
| #define HAVE_CEILF 1
| #define HAVE_COPYSIGN 1
| #define HAVE_COPYSIGNF 1
| #define HAVE_COS 1
| #define HAVE_COSF 1
| #define HAVE_EXP 1
| #define HAVE_EXPF 1
| #define HAVE_FABS 1
| #define HAVE_FABSF 1
| #define HAVE_FLOOR 1
| #define HAVE_FLOORF 1
| #define HAVE_TRUNC 1
| #define HAVE_TRUNCF 1
| #define HAVE_FMOD 1
| #define HAVE_FMODF 1
| #define HAVE_LOG 1
| #define HAVE_LOGF 1
| #define HAVE_LOG10 1
| #define HAVE_LOG10F 1
| #define HAVE_LROUND 1
| #define HAVE_LROUNDF 1
| #define HAVE_POW 1
| #define HAVE_POWF 1
| #define HAVE_ROUND 1
| #define HAVE_ROUNDF 1
| #define HAVE_SCALBN 1
| #define HAVE_SCALBNF 1
| #define HAVE_SIN 1
| #define HAVE_SINF 1
| #define HAVE_SQRT 1
| #define HAVE_SQRTF 1
| #define HAVE_TAN 1
| #define HAVE_TANF 1
| #define HAVE_SA_SIGACTION 1
| #define HAVE_GCC_ATOMICS 1
| #define HAVE_IMMINTRIN_H 1
| #define SDL_VIDEO_DRIVER_DUMMY 1
| #define SDL_VIDEO_DRIVER_OFFSCREEN 1
| #define SDL_AUDIO_DRIVER_DISK 1
| #define SDL_AUDIO_DRIVER_DUMMY 1
| #define HAVE_TPCSHRD_H 1
| #define HAVE_ROAPI_H 1
| #define SDL_VIDEO_OPENGL 1
| #define SDL_VIDEO_OPENGL_WGL 1
| #define SDL_VIDEO_RENDER_OGL 1
| #define SDL_VIDEO_OPENGL 1
| #define SDL_VIDEO_OPENGL_EGL 1
| #define SDL_VIDEO_OPENGL 1
| #define SDL_VIDEO_OPENGL_ES2 1
| #define SDL_VIDEO_RENDER_OGL_ES2 1
| #define SDL_VIDEO_VULKAN 1
| /* end confdefs.h.  */
| #include <stddef.h>
| #ifdef HAVE_STDIO_H
| # include <stdio.h>
| #endif
| #ifdef HAVE_STDLIB_H
| # include <stdlib.h>
| #endif
| #ifdef HAVE_STRING_H
| # include <string.h>
| #endif
| #ifdef HAVE_INTTYPES_H
| # include <inttypes.h>
| #endif
| #ifdef HAVE_STDINT_H
| # include <stdint.h>
| #endif
| #ifdef HAVE_STRINGS_H
| # include <strings.h>
| #endif
| #ifdef HAVE_SYS_TYPES_H
| # include <sys/types.h>
| #endif
| #ifdef HAVE_SYS_STAT_H
| # include <sys/stat.h>
| #endif
| #ifdef HAVE_UNISTD_H
| # include <unistd.h>
| #endif
| #include <dinput.h>
configure:28241: result: no
configure:28247: checking for dxgi.h
configure:28247: gcc -c -g -O2 -Iinclude -I/cygdrive/c/Users/Kyjor/Documents/Projects/Julia/StaticCompilerGame.jl/SDLCalls/SDL2-2.30.11/include -idirafter /cygdrive/c/Users/Kyjor/Documents/Projects/Julia/StaticCompilerGame.jl/SDLCalls/SDL2-2.30.11/src/video/khronos  -I/usr/include/mingw  -Iinclude -I/cygdrive/c/Users/Kyjor/Documents/Projects/Julia/StaticCompilerGame.jl/SDLCalls/SDL2-2.30.11/include -idirafter /cygdrive/c/Users/Kyjor/Documents/Projects/Julia/StaticCompilerGame.jl/SDLCalls/SDL2-2.30.11/src/video/khronos  -I/usr/include/mingw conftest.c >&5
configure:28247: $? = 0
configure:28247: result: yes
configure:28294: checking for xinput.h
configure:28294: gcc -c -g -O2 -Iinclude -I/cygdrive/c/Users/Kyjor/Documents/Projects/Julia/StaticCompilerGame.jl/SDLCalls/SDL2-2.30.11/include -idirafter /cygdrive/c/Users/Kyjor/Documents/Projects/Julia/StaticCompilerGame.jl/SDLCalls/SDL2-2.30.11/src/video/khronos  -I/usr/include/mingw  -Iinclude -I/cygdrive/c/Users/Kyjor/Documents/Projects/Julia/StaticCompilerGame.jl/SDLCalls/SDL2-2.30.11/include -idirafter /cygdrive/c/Users/Kyjor/Documents/Projects/Julia/StaticCompilerGame.jl/SDLCalls/SDL2-2.30.11/src/video/khronos  -I/usr/include/mingw conftest.c >&5
configure:28294: $? = 0
configure:28294: result: yes
configure:28307: checking for windows.gaming.input.h
configure:28324: gcc -c -g -O2 -Iinclude -I/cygdrive/c/Users/Kyjor/Documents/Projects/Julia/StaticCompilerGame.jl/SDLCalls/SDL2-2.30.11/include -idirafter /cygdrive/c/Users/Kyjor/Documents/Projects/Julia/StaticCompilerGame.jl/SDLCalls/SDL2-2.30.11/src/video/khronos  -I/usr/include/mingw  -Iinclude -I/cygdrive/c/Users/Kyjor/Documents/Projects/Julia/StaticCompilerGame.jl/SDLCalls/SDL2-2.30.11/include -idirafter /cygdrive/c/Users/Kyjor/Documents/Projects/Julia/StaticCompilerGame.jl/SDLCalls/SDL2-2.30.11/src/video/khronos  -I/usr/include/mingw conftest.c >&5
configure:28324: $? = 0
configure:28332: result: yes
configure:28341: checking for mmdeviceapi.h
configure:28341: gcc -c -g -O2 -Iinclude -I/cygdrive/c/Users/Kyjor/Documents/Projects/Julia/StaticCompilerGame.jl/SDLCalls/SDL2-2.30.11/include -idirafter /cygdrive/c/Users/Kyjor/Documents/Projects/Julia/StaticCompilerGame.jl/SDLCalls/SDL2-2.30.11/src/video/khronos  -I/usr/include/mingw  -Iinclude -I/cygdrive/c/Users/Kyjor/Documents/Projects/Julia/StaticCompilerGame.jl/SDLCalls/SDL2-2.30.11/include -idirafter /cygdrive/c/Users/Kyjor/Documents/Projects/Julia/StaticCompilerGame.jl/SDLCalls/SDL2-2.30.11/src/video/khronos  -I/usr/include/mingw conftest.c >&5
configure:28341: $? = 0
configure:28341: result: yes
configure:28352: checking for audioclient.h
configure:28352: gcc -c -g -O2 -Iinclude -I/cygdrive/c/Users/Kyjor/Documents/Projects/Julia/StaticCompilerGame.jl/SDLCalls/SDL2-2.30.11/include -idirafter /cygdrive/c/Users/Kyjor/Documents/Projects/Julia/StaticCompilerGame.jl/SDLCalls/SDL2-2.30.11/src/video/khronos  -I/usr/include/mingw  -Iinclude -I/cygdrive/c/Users/Kyjor/Documents/Projects/Julia/StaticCompilerGame.jl/SDLCalls/SDL2-2.30.11/include -idirafter /cygdrive/c/Users/Kyjor/Documents/Projects/Julia/StaticCompilerGame.jl/SDLCalls/SDL2-2.30.11/src/video/khronos  -I/usr/include/mingw conftest.c >&5
configure:28352: $? = 0
configure:28352: result: yes
configure:29028: checking for hidapi joystick support
configure:29030: result: yes
configure:29686: checking for sensorsapi.h
configure:29686: gcc -c -g -O2 -Iinclude -I/cygdrive/c/Users/Kyjor/Documents/Projects/Julia/StaticCompilerGame.jl/SDLCalls/SDL2-2.30.11/include -idirafter /cygdrive/c/Users/Kyjor/Documents/Projects/Julia/StaticCompilerGame.jl/SDLCalls/SDL2-2.30.11/src/video/khronos  -I/usr/include/mingw  -Iinclude -I/cygdrive/c/Users/Kyjor/Documents/Projects/Julia/StaticCompilerGame.jl/SDLCalls/SDL2-2.30.11/include -idirafter /cygdrive/c/Users/Kyjor/Documents/Projects/Julia/StaticCompilerGame.jl/SDLCalls/SDL2-2.30.11/src/video/khronos  -I/usr/include/mingw conftest.c >&5
configure:29686: $? = 0
configure:29686: result: yes
configure:29766: checking for main in -lmingw32
configure:29786: gcc -o conftest.exe -g -O2 -Iinclude -I/cygdrive/c/Users/Kyjor/Documents/Projects/Julia/StaticCompilerGame.jl/SDLCalls/SDL2-2.30.11/include -idirafter /cygdrive/c/Users/Kyjor/Documents/Projects/Julia/StaticCompilerGame.jl/SDLCalls/SDL2-2.30.11/src/video/khronos  -I/usr/include/mingw  -Iinclude -I/cygdrive/c/Users/Kyjor/Documents/Projects/Julia/StaticCompilerGame.jl/SDLCalls/SDL2-2.30.11/include -idirafter /cygdrive/c/Users/Kyjor/Documents/Projects/Julia/StaticCompilerGame.jl/SDLCalls/SDL2-2.30.11/src/video/khronos  -I/usr/include/mingw  conftest.c -lmingw32   -lm >&5
/usr/lib/gcc/x86_64-pc-cygwin/12/../../../../x86_64-pc-cygwin/bin/ld: cannot find -lmingw32: No such file or directory
collect2: error: ld returned 1 exit status
configure:29786: $? = 1
configure: failed program was:
| /* confdefs.h */
| #define PACKAGE_NAME ""
| #define PACKAGE_TARNAME ""
| #define PACKAGE_VERSION ""
| #define PACKAGE_STRING ""
| #define PACKAGE_BUGREPORT ""
| #define PACKAGE_URL ""
| #define HAVE_STDIO_H 1
| #define HAVE_STDLIB_H 1
| #define HAVE_STRING_H 1
| #define HAVE_INTTYPES_H 1
| #define HAVE_STDINT_H 1
| #define HAVE_STRINGS_H 1
| #define HAVE_SYS_STAT_H 1
| #define HAVE_SYS_TYPES_H 1
| #define HAVE_UNISTD_H 1
| #define STDC_HEADERS 1
| #define HAVE_DLFCN_H 1
| #define LT_OBJDIR ".libs/"
| #define HAVE_LIBC 1
| #define HAVE_SYS_TYPES_H 1
| #define HAVE_STDIO_H 1
| #define HAVE_STDLIB_H 1
| #define HAVE_STDDEF_H 1
| #define HAVE_STDARG_H 1
| #define HAVE_MALLOC_H 1
| #define HAVE_MEMORY_H 1
| #define HAVE_STRING_H 1
| #define HAVE_STRINGS_H 1
| #define HAVE_WCHAR_H 1
| #define HAVE_INTTYPES_H 1
| #define HAVE_STDINT_H 1
| #define HAVE_LIMITS_H 1
| #define HAVE_CTYPE_H 1
| #define HAVE_MATH_H 1
| #define HAVE_FLOAT_H 1
| #define HAVE_ICONV_H 1
| #define HAVE_SIGNAL_H 1
| #define HAVE_M_PI /**/
| #define HAVE_ALLOCA_H 1
| #define HAVE_ALLOCA 1
| #define HAVE_MPROTECT 1
| #define HAVE_MALLOC 1
| #define HAVE_CALLOC 1
| #define HAVE_REALLOC 1
| #define HAVE_FREE 1
| #define HAVE_GETENV 1
| #define HAVE_SETENV 1
| #define HAVE_PUTENV 1
| #define HAVE_UNSETENV 1
| #define HAVE_BSEARCH 1
| #define HAVE_QSORT 1
| #define HAVE_ABS 1
| #define HAVE_BCOPY 1
| #define HAVE_MEMSET 1
| #define HAVE_MEMCMP 1
| #define HAVE_MEMCPY 1
| #define HAVE_MEMMOVE 1
| #define HAVE_WCSLEN 1
| #define HAVE_WCSLCPY 1
| #define HAVE_WCSLCAT 1
| #define HAVE_WCSDUP 1
| #define HAVE_WCSSTR 1
| #define HAVE_WCSCMP 1
| #define HAVE_WCSNCMP 1
| #define HAVE_WCSCASECMP 1
| #define HAVE_WCSNCASECMP 1
| #define HAVE_STRLEN 1
| #define HAVE_STRLCPY 1
| #define HAVE_STRLCAT 1
| #define HAVE_INDEX 1
| #define HAVE_RINDEX 1
| #define HAVE_STRCHR 1
| #define HAVE_STRRCHR 1
| #define HAVE_STRSTR 1
| #define HAVE_STRTOK_R 1
| #define HAVE_STRTOD 1
| #define HAVE_STRTOL 1
| #define HAVE_STRTOUL 1
| #define HAVE_STRTOLL 1
| #define HAVE_STRTOULL 1
| #define HAVE_ATOI 1
| #define HAVE_ATOF 1
| #define HAVE_STRCMP 1
| #define HAVE_STRNCMP 1
| #define HAVE_STRCASECMP 1
| #define HAVE_STRNCASECMP 1
| #define HAVE_STRCASESTR 1
| #define HAVE_VSSCANF 1
| #define HAVE_VSNPRINTF 1
| #define HAVE_FSEEKO 1
| #define HAVE_SIGACTION 1
| #define HAVE_SETJMP 1
| #define HAVE_NANOSLEEP 1
| #define HAVE_SYSCONF 1
| #define HAVE_POLL 1
| #define HAVE_POSIX_FALLOCATE 1
| #define HAVE__EXIT 1
| #define HAVE_ACOS 1
| #define HAVE_ACOSF 1
| #define HAVE_ASIN 1
| #define HAVE_ASINF 1
| #define HAVE_ATAN 1
| #define HAVE_ATANF 1
| #define HAVE_ATAN2 1
| #define HAVE_ATAN2F 1
| #define HAVE_CEIL 1
| #define HAVE_CEILF 1
| #define HAVE_COPYSIGN 1
| #define HAVE_COPYSIGNF 1
| #define HAVE_COS 1
| #define HAVE_COSF 1
| #define HAVE_EXP 1
| #define HAVE_EXPF 1
| #define HAVE_FABS 1
| #define HAVE_FABSF 1
| #define HAVE_FLOOR 1
| #define HAVE_FLOORF 1
| #define HAVE_TRUNC 1
| #define HAVE_TRUNCF 1
| #define HAVE_FMOD 1
| #define HAVE_FMODF 1
| #define HAVE_LOG 1
| #define HAVE_LOGF 1
| #define HAVE_LOG10 1
| #define HAVE_LOG10F 1
| #define HAVE_LROUND 1
| #define HAVE_LROUNDF 1
| #define HAVE_POW 1
| #define HAVE_POWF 1
| #define HAVE_ROUND 1
| #define HAVE_ROUNDF 1
| #define HAVE_SCALBN 1
| #define HAVE_SCALBNF 1
| #define HAVE_SIN 1
| #define HAVE_SINF 1
| #define HAVE_SQRT 1
| #define HAVE_SQRTF 1
| #define HAVE_TAN 1
| #define HAVE_TANF 1
| #define HAVE_SA_SIGACTION 1
| #define HAVE_GCC_ATOMICS 1
| #define HAVE_IMMINTRIN_H 1
| #define SDL_VIDEO_DRIVER_DUMMY 1
| #define SDL_VIDEO_DRIVER_OFFSCREEN 1
| #define SDL_AUDIO_DRIVER_DISK 1
| #define SDL_AUDIO_DRIVER_DUMMY 1
| #define HAVE_TPCSHRD_H 1
| #define HAVE_ROAPI_H 1
| #define SDL_VIDEO_OPENGL 1
| #define SDL_VIDEO_OPENGL_WGL 1
| #define SDL_VIDEO_RENDER_OGL 1
| #define SDL_VIDEO_OPENGL 1
| #define SDL_VIDEO_OPENGL_EGL 1
| #define SDL_VIDEO_OPENGL 1
| #define SDL_VIDEO_OPENGL_ES2 1
| #define SDL_VIDEO_RENDER_OGL_ES2 1
| #define SDL_VIDEO_VULKAN 1
| #define HAVE_DXGI_H 1
| #define HAVE_XINPUT_H 1
| #define HAVE_WINDOWS_GAMING_INPUT_H 1
| #define HAVE_MMDEVICEAPI_H 1
| #define HAVE_AUDIOCLIENT_H 1
| #define SDL_JOYSTICK_HIDAPI 1
| #define SDL_VIDEO_DRIVER_WINDOWS 1
| #define SDL_VIDEO_RENDER_D3D11 1
| #define SDL_VIDEO_RENDER_D3D12 1
| #define SDL_AUDIO_DRIVER_WINMM 1
| #define SDL_AUDIO_DRIVER_WASAPI 1
| #define SDL_JOYSTICK_RAWINPUT 1
| #define SDL_JOYSTICK_XINPUT 1
| #define SDL_JOYSTICK_WGI 1
| #define SDL_HAPTIC_XINPUT 1
| #define HAVE_SENSORSAPI_H 1
| #define SDL_SENSOR_WINDOWS 1
| #define SDL_POWER_WINDOWS 1
| #define SDL_FILESYSTEM_WINDOWS 1
| #define SDL_THREAD_GENERIC_COND_SUFFIX 1
| #define SDL_THREAD_WINDOWS 1
| #define SDL_TIMER_WINDOWS 1
| #define SDL_LOADSO_WINDOWS 1
| /* end confdefs.h.  */
| 
| 
| int
| main (void)
| {
| return main ();
|   ;
|   return 0;
| }
configure:29798: result: no
configure:30381: checking whether to install sdl2-config
configure:30397: result: yes
configure:30958: creating ./config.status

## ---------------------- ##
## Running config.status. ##
## ---------------------- ##

This file was extended by config.status, which was
generated by GNU Autoconf 2.72.  Invocation command line was

  CONFIG_FILES    = 
  CONFIG_HEADERS  = 
  CONFIG_LINKS    = 
  CONFIG_COMMANDS = 
  $ ./config.status 

on DESKTOP-VOO2471

config.status:1475: creating Makefile
config.status:1475: creating sdl2-config
config.status:1475: creating sdl2-config.cmake
config.status:1475: creating sdl2-config-version.cmake
config.status:1475: creating SDL2.spec
config.status:1475: creating sdl2.pc
config.status:1475: creating include/SDL_config.h
config.status:1649: executing libtool commands
config.status:1649: executing sdl2_config commands
config.status:1649: executing summary commands

## ---------------- ##
## Cache variables. ##
## ---------------- ##

ac_cv_build=x86_64-pc-cygwin
ac_cv_c_compiler_gnu=yes
ac_cv_c_const=yes
ac_cv_c_inline=inline
ac_cv_c_volatile=yes
ac_cv_cxx_compiler_gnu=yes
ac_cv_define_M_PI=yes
ac_cv_env_build_alias_set=
ac_cv_env_build_alias_value=
ac_cv_env_CC_set=
ac_cv_env_CC_value=
ac_cv_env_CCC_set=
ac_cv_env_CCC_value=
ac_cv_env_CFLAGS_set=
ac_cv_env_CFLAGS_value=
ac_cv_env_CPP_set=
ac_cv_env_CPP_value=
ac_cv_env_CPPFLAGS_set=
ac_cv_env_CPPFLAGS_value=
ac_cv_env_CXX_set=
ac_cv_env_CXX_value=
ac_cv_env_CXXCPP_set=
ac_cv_env_CXXCPP_value=
ac_cv_env_CXXFLAGS_set=
ac_cv_env_CXXFLAGS_value=
ac_cv_env_DBUS_CFLAGS_set=
ac_cv_env_DBUS_CFLAGS_value=
ac_cv_env_DBUS_LIBS_set=
ac_cv_env_DBUS_LIBS_value=
ac_cv_env_DECOR_CFLAGS_set=
ac_cv_env_DECOR_CFLAGS_value=
ac_cv_env_DECOR_LIBS_set=
ac_cv_env_DECOR_LIBS_value=
ac_cv_env_DIRECTFB_CFLAGS_set=
ac_cv_env_DIRECTFB_CFLAGS_value=
ac_cv_env_DIRECTFB_LIBS_set=
ac_cv_env_DIRECTFB_LIBS_value=
ac_cv_env_ESD_CFLAGS_set=
ac_cv_env_ESD_CFLAGS_value=
ac_cv_env_ESD_LIBS_set=
ac_cv_env_ESD_LIBS_value=
ac_cv_env_FUSIONSOUND_CFLAGS_set=
ac_cv_env_FUSIONSOUND_CFLAGS_value=
ac_cv_env_FUSIONSOUND_LIBS_set=
ac_cv_env_FUSIONSOUND_LIBS_value=
ac_cv_env_host_alias_set=
ac_cv_env_host_alias_value=
ac_cv_env_IBUS_CFLAGS_set=
ac_cv_env_IBUS_CFLAGS_value=
ac_cv_env_IBUS_LIBS_set=
ac_cv_env_IBUS_LIBS_value=
ac_cv_env_JACK_CFLAGS_set=
ac_cv_env_JACK_CFLAGS_value=
ac_cv_env_JACK_LIBS_set=
ac_cv_env_JACK_LIBS_value=
ac_cv_env_LDFLAGS_set=
ac_cv_env_LDFLAGS_value=
ac_cv_env_LIBDRM_CFLAGS_set=
ac_cv_env_LIBDRM_CFLAGS_value=
ac_cv_env_LIBDRM_LIBS_set=
ac_cv_env_LIBDRM_LIBS_value=
ac_cv_env_LIBGBM_CFLAGS_set=
ac_cv_env_LIBGBM_CFLAGS_value=
ac_cv_env_LIBGBM_LIBS_set=
ac_cv_env_LIBGBM_LIBS_value=
ac_cv_env_LIBS_set=
ac_cv_env_LIBS_value=
ac_cv_env_LIBUSB_CFLAGS_set=
ac_cv_env_LIBUSB_CFLAGS_value=
ac_cv_env_LIBUSB_LIBS_set=
ac_cv_env_LIBUSB_LIBS_value=
ac_cv_env_LT_SYS_LIBRARY_PATH_set=
ac_cv_env_LT_SYS_LIBRARY_PATH_value=
ac_cv_env_PIPEWIRE_CFLAGS_set=
ac_cv_env_PIPEWIRE_CFLAGS_value=
ac_cv_env_PIPEWIRE_LIBS_set=
ac_cv_env_PIPEWIRE_LIBS_value=
ac_cv_env_PKG_CONFIG_LIBDIR_set=
ac_cv_env_PKG_CONFIG_LIBDIR_value=
ac_cv_env_PKG_CONFIG_PATH_set=
ac_cv_env_PKG_CONFIG_PATH_value=
ac_cv_env_PKG_CONFIG_set=
ac_cv_env_PKG_CONFIG_value=
ac_cv_env_PULSEAUDIO_CFLAGS_set=
ac_cv_env_PULSEAUDIO_CFLAGS_value=
ac_cv_env_PULSEAUDIO_LIBS_set=
ac_cv_env_PULSEAUDIO_LIBS_value=
ac_cv_env_RPI_CFLAGS_set=
ac_cv_env_RPI_CFLAGS_value=
ac_cv_env_RPI_LIBS_set=
ac_cv_env_RPI_LIBS_value=
ac_cv_env_SNDIO_CFLAGS_set=
ac_cv_env_SNDIO_CFLAGS_value=
ac_cv_env_SNDIO_LIBS_set=
ac_cv_env_SNDIO_LIBS_value=
ac_cv_env_target_alias_set=
ac_cv_env_target_alias_value=
ac_cv_env_XMKMF_set=
ac_cv_env_XMKMF_value=
ac_cv_exeext=.exe
ac_cv_func__Exit=yes
ac_cv_func__i64toa=no
ac_cv_func__ltoa=no
ac_cv_func__stricmp=no
ac_cv_func__strlwr=no
ac_cv_func__strnicmp=no
ac_cv_func__strrev=no
ac_cv_func__strupr=no
ac_cv_func__ui64toa=no
ac_cv_func__uitoa=no
ac_cv_func__ultoa=no
ac_cv_func__wcsdup=no
ac_cv_func__wcsicmp=no
ac_cv_func__wcsnicmp=no
ac_cv_func_abs=yes
ac_cv_func_acos=yes
ac_cv_func_acosf=yes
ac_cv_func_alloca_works=yes
ac_cv_func_asin=yes
ac_cv_func_asinf=yes
ac_cv_func_atan=yes
ac_cv_func_atan2=yes
ac_cv_func_atan2f=yes
ac_cv_func_atanf=yes
ac_cv_func_atof=yes
ac_cv_func_atoi=yes
ac_cv_func_bcopy=yes
ac_cv_func_bsearch=yes
ac_cv_func_calloc=yes
ac_cv_func_ceil=yes
ac_cv_func_ceilf=yes
ac_cv_func_copysign=yes
ac_cv_func_copysignf=yes
ac_cv_func_cos=yes
ac_cv_func_cosf=yes
ac_cv_func_elf_aux_info=no
ac_cv_func_exp=yes
ac_cv_func_expf=yes
ac_cv_func_fabs=yes
ac_cv_func_fabsf=yes
ac_cv_func_floor=yes
ac_cv_func_floorf=yes
ac_cv_func_fmod=yes
ac_cv_func_fmodf=yes
ac_cv_func_fopen64=no
ac_cv_func_free=yes
ac_cv_func_fseeko=yes
ac_cv_func_fseeko64=no
ac_cv_func_getauxval=no
ac_cv_func_getenv=yes
ac_cv_func_index=yes
ac_cv_func_itoa=no
ac_cv_func_log=yes
ac_cv_func_log10=yes
ac_cv_func_log10f=yes
ac_cv_func_logf=yes
ac_cv_func_lround=yes
ac_cv_func_lroundf=yes
ac_cv_func_malloc=yes
ac_cv_func_memcmp=yes
ac_cv_func_memcpy=yes
ac_cv_func_memfd_create=no
ac_cv_func_memmove=yes
ac_cv_func_memset=yes
ac_cv_func_mprotect=yes
ac_cv_func_nanosleep=yes
ac_cv_func_poll=yes
ac_cv_func_posix_fallocate=yes
ac_cv_func_pow=yes
ac_cv_func_powf=yes
ac_cv_func_putenv=yes
ac_cv_func_qsort=yes
ac_cv_func_realloc=yes
ac_cv_func_rindex=yes
ac_cv_func_round=yes
ac_cv_func_roundf=yes
ac_cv_func_scalbn=yes
ac_cv_func_scalbnf=yes
ac_cv_func_setenv=yes
ac_cv_func_setjmp=yes
ac_cv_func_sigaction=yes
ac_cv_func_sin=yes
ac_cv_func_sinf=yes
ac_cv_func_sqrt=yes
ac_cv_func_sqrtf=yes
ac_cv_func_strcasecmp=yes
ac_cv_func_strcasestr=yes
ac_cv_func_strchr=yes
ac_cv_func_strcmp=yes
ac_cv_func_strlcat=yes
ac_cv_func_strlcpy=yes
ac_cv_func_strlen=yes
ac_cv_func_strncasecmp=yes
ac_cv_func_strncmp=yes
ac_cv_func_strrchr=yes
ac_cv_func_strstr=yes
ac_cv_func_strtod=yes
ac_cv_func_strtok_r=yes
ac_cv_func_strtol=yes
ac_cv_func_strtoll=yes
ac_cv_func_strtoul=yes
ac_cv_func_strtoull=yes
ac_cv_func_sysconf=yes
ac_cv_func_sysctlbyname=no
ac_cv_func_tan=yes
ac_cv_func_tanf=yes
ac_cv_func_trunc=yes
ac_cv_func_truncf=yes
ac_cv_func_unsetenv=yes
ac_cv_func_vsnprintf=yes
ac_cv_func_vsscanf=yes
ac_cv_func_wcscasecmp=yes
ac_cv_func_wcscmp=yes
ac_cv_func_wcsdup=yes
ac_cv_func_wcslcat=yes
ac_cv_func_wcslcpy=yes
ac_cv_func_wcslen=yes
ac_cv_func_wcsncasecmp=yes
ac_cv_func_wcsncmp=yes
ac_cv_func_wcsstr=yes
ac_cv_header_audioclient_h=yes
ac_cv_header_ctype_h=yes
ac_cv_header_d3d11_1_h=yes
ac_cv_header_d3d9_h=no
ac_cv_header_ddraw_h=no
ac_cv_header_dinput_h=no
ac_cv_header_dlfcn_h=yes
ac_cv_header_dsound_h=no
ac_cv_header_dxgi_h=yes
ac_cv_header_float_h=yes
ac_cv_header_iconv_h=yes
ac_cv_header_inttypes_h=yes
ac_cv_header_libunwind_h=no
ac_cv_header_limits_h=yes
ac_cv_header_malloc_h=yes
ac_cv_header_math_h=yes
ac_cv_header_memory_h=yes
ac_cv_header_mmdeviceapi_h=yes
ac_cv_header_roapi_h=yes
ac_cv_header_sensorsapi_h=yes
ac_cv_header_shellscalingapi_h=yes
ac_cv_header_signal_h=yes
ac_cv_header_stdarg_h=yes
ac_cv_header_stddef_h=yes
ac_cv_header_stdint_h=yes
ac_cv_header_stdio_h=yes
ac_cv_header_stdlib_h=yes
ac_cv_header_string_h=yes
ac_cv_header_strings_h=yes
ac_cv_header_sys_stat_h=yes
ac_cv_header_sys_types_h=yes
ac_cv_header_tpcshrd_h=yes
ac_cv_header_unistd_h=yes
ac_cv_header_wchar_h=yes
ac_cv_header_xinput_h=yes
ac_cv_host=x86_64-pc-cygwin
ac_cv_lib_m_pow=yes
ac_cv_lib_mingw32_main=no
ac_cv_member_struct_sigaction_sa_sigaction=yes
ac_cv_objext=o
ac_cv_path_ac_pt_PKG_CONFIG=/usr/bin/pkg-config
ac_cv_path_EGREP_TRADITIONAL='/usr/bin/grep -E'
ac_cv_path_EGREP='/usr/bin/grep -E'
ac_cv_path_FGREP='/usr/bin/grep -F'
ac_cv_path_GREP=/usr/bin/grep
ac_cv_path_install='/usr/bin/install -c'
ac_cv_path_lt_DD=/usr/bin/dd
ac_cv_path_SED=/usr/bin/sed
ac_cv_prog_ac_ct_AR=ar
ac_cv_prog_ac_ct_AS=as
ac_cv_prog_ac_ct_CC=gcc
ac_cv_prog_ac_ct_CXX=g++
ac_cv_prog_ac_ct_DLLTOOL=dlltool
ac_cv_prog_ac_ct_OBJDUMP=objdump
ac_cv_prog_ac_ct_RANLIB=ranlib
ac_cv_prog_ac_ct_RC=windres
ac_cv_prog_ac_ct_STRIP=strip
ac_cv_prog_AWK=gawk
ac_cv_prog_cc_c11=
ac_cv_prog_cc_g=yes
ac_cv_prog_cc_stdc=
ac_cv_prog_CPP='gcc -E'
ac_cv_prog_cxx_cxx11=
ac_cv_prog_cxx_g=yes
ac_cv_prog_cxx_stdcxx=
ac_cv_prog_CXXCPP='g++ -E'
ac_cv_prog_make_make_set=yes
ac_cv_prog_SORT=sort
ac_cv_sys_largefile_opts='none needed'
ac_cv_type_size_t=yes
ac_cv_working_alloca_h=yes
lt_cv_ar_at_file=@
lt_cv_archive_cmds_need_lc=yes
lt_cv_deplibs_check_method=pass_all
lt_cv_file_magic_cmd=func_win32_libid
lt_cv_file_magic_test_file=
lt_cv_ld_reload_flag=-r
lt_cv_nm_interface='BSD nm'
lt_cv_objdir=.libs
lt_cv_path_LD=/usr/x86_64-pc-cygwin/bin/ld.exe
lt_cv_path_LDCXX=/usr/x86_64-pc-cygwin/bin/ld.exe
lt_cv_path_mainfest_tool=no
lt_cv_path_NM='/usr/bin/nm -B'
lt_cv_prog_compiler_c_o_CXX=yes
lt_cv_prog_compiler_c_o_RC=yes
lt_cv_prog_compiler_c_o=yes
lt_cv_prog_compiler_pic_CXX='-DDLL_EXPORT -DPIC'
lt_cv_prog_compiler_pic_works_CXX=yes
lt_cv_prog_compiler_pic_works=yes
lt_cv_prog_compiler_pic='-DDLL_EXPORT -DPIC'
lt_cv_prog_compiler_rtti_exceptions=no
lt_cv_prog_compiler_static_works_CXX=yes
lt_cv_prog_compiler_static_works=yes
lt_cv_prog_gnu_ld=yes
lt_cv_prog_gnu_ldcxx=yes
lt_cv_sharedlib_from_linklib_cmd=func_cygming_dll_for_implib
lt_cv_sys_global_symbol_pipe=
lt_cv_sys_global_symbol_to_c_name_address_lib_prefix='sed -n -e '\''s/^: \(.*\) .*$/  {"\1", (void *) 0},/p'\'' -e '\''s/^[ABCDGIRSTW][ABCDGIRSTW]* .* \(lib.*\)$/  {"\1", (void *) \&\1},/p'\'' -e '\''s/^[ABCDGIRSTW][ABCDGIRSTW]* .* \(.*\)$/  {"lib\1", (void *) \&\1},/p'\'''
lt_cv_sys_global_symbol_to_c_name_address='sed -n -e '\''s/^: \(.*\) .*$/  {"\1", (void *) 0},/p'\'' -e '\''s/^[ABCDGIRSTW][ABCDGIRSTW]* .* \(.*\)$/  {"\1", (void *) \&\1},/p'\'''
lt_cv_sys_global_symbol_to_cdecl=
lt_cv_sys_global_symbol_to_import=
lt_cv_sys_max_cmd_len=8192
lt_cv_to_host_file_cmd=func_convert_file_noop
lt_cv_to_tool_file_cmd=func_convert_file_noop
lt_cv_truncate_bin='/usr/bin/dd bs=4096 count=1'

## ----------------- ##
## Output variables. ##
## ----------------- ##


## ----------- ##
## confdefs.h. ##
## ----------- ##

/* confdefs.h */
#define PACKAGE_NAME ""
#define PACKAGE_TARNAME ""
#define PACKAGE_VERSION ""
#define PACKAGE_STRING ""
#define PACKAGE_BUGREPORT ""
#define PACKAGE_URL ""
#define HAVE_STDIO_H 1
#define HAVE_STDLIB_H 1
#define HAVE_STRING_H 1
#define HAVE_INTTYPES_H 1
#define HAVE_STDINT_H 1
#define HAVE_STRINGS_H 1
#define HAVE_SYS_STAT_H 1
#define HAVE_SYS_TYPES_H 1
#define HAVE_UNISTD_H 1
#define STDC_HEADERS 1
#define HAVE_DLFCN_H 1
#define LT_OBJDIR ".libs/"
#define HAVE_LIBC 1
#define HAVE_SYS_TYPES_H 1
#define HAVE_STDIO_H 1
#define HAVE_STDLIB_H 1
#define HAVE_STDDEF_H 1
#define HAVE_STDARG_H 1
#define HAVE_MALLOC_H 1
#define HAVE_MEMORY_H 1
#define HAVE_STRING_H 1
#define HAVE_STRINGS_H 1
#define HAVE_WCHAR_H 1
#define HAVE_INTTYPES_H 1
#define HAVE_STDINT_H 1
#define HAVE_LIMITS_H 1
#define HAVE_CTYPE_H 1
#define HAVE_MATH_H 1
#define HAVE_FLOAT_H 1
#define HAVE_ICONV_H 1
#define HAVE_SIGNAL_H 1
#define HAVE_M_PI /**/
#define HAVE_ALLOCA_H 1
#define HAVE_ALLOCA 1
#define HAVE_MPROTECT 1
#define HAVE_MALLOC 1
#define HAVE_CALLOC 1
#define HAVE_REALLOC 1
#define HAVE_FREE 1
#define HAVE_GETENV 1
#define HAVE_SETENV 1
#define HAVE_PUTENV 1
#define HAVE_UNSETENV 1
#define HAVE_BSEARCH 1
#define HAVE_QSORT 1
#define HAVE_ABS 1
#define HAVE_BCOPY 1
#define HAVE_MEMSET 1
#define HAVE_MEMCMP 1
#define HAVE_MEMCPY 1
#define HAVE_MEMMOVE 1
#define HAVE_WCSLEN 1
#define HAVE_WCSLCPY 1
#define HAVE_WCSLCAT 1
#define HAVE_WCSDUP 1
#define HAVE_WCSSTR 1
#define HAVE_WCSCMP 1
#define HAVE_WCSNCMP 1
#define HAVE_WCSCASECMP 1
#define HAVE_WCSNCASECMP 1
#define HAVE_STRLEN 1
#define HAVE_STRLCPY 1
#define HAVE_STRLCAT 1
#define HAVE_INDEX 1
#define HAVE_RINDEX 1
#define HAVE_STRCHR 1
#define HAVE_STRRCHR 1
#define HAVE_STRSTR 1
#define HAVE_STRTOK_R 1
#define HAVE_STRTOD 1
#define HAVE_STRTOL 1
#define HAVE_STRTOUL 1
#define HAVE_STRTOLL 1
#define HAVE_STRTOULL 1
#define HAVE_ATOI 1
#define HAVE_ATOF 1
#define HAVE_STRCMP 1
#define HAVE_STRNCMP 1
#define HAVE_STRCASECMP 1
#define HAVE_STRNCASECMP 1
#define HAVE_STRCASESTR 1
#define HAVE_VSSCANF 1
#define HAVE_VSNPRINTF 1
#define HAVE_FSEEKO 1
#define HAVE_SIGACTION 1
#define HAVE_SETJMP 1
#define HAVE_NANOSLEEP 1
#define HAVE_SYSCONF 1
#define HAVE_POLL 1
#define HAVE_POSIX_FALLOCATE 1
#define HAVE__EXIT 1
#define HAVE_ACOS 1
#define HAVE_ACOSF 1
#define HAVE_ASIN 1
#define HAVE_ASINF 1
#define HAVE_ATAN 1
#define HAVE_ATANF 1
#define HAVE_ATAN2 1
#define HAVE_ATAN2F 1
#define HAVE_CEIL 1
#define HAVE_CEILF 1
#define HAVE_COPYSIGN 1
#define HAVE_COPYSIGNF 1
#define HAVE_COS 1
#define HAVE_COSF 1
#define HAVE_EXP 1
#define HAVE_EXPF 1
#define HAVE_FABS 1
#define HAVE_FABSF 1
#define HAVE_FLOOR 1
#define HAVE_FLOORF 1
#define HAVE_TRUNC 1
#define HAVE_TRUNCF 1
#define HAVE_FMOD 1
#define HAVE_FMODF 1
#define HAVE_LOG 1
#define HAVE_LOGF 1
#define HAVE_LOG10 1
#define HAVE_LOG10F 1
#define HAVE_LROUND 1
#define HAVE_LROUNDF 1
#define HAVE_POW 1
#define HAVE_POWF 1
#define HAVE_ROUND 1
#define HAVE_ROUNDF 1
#define HAVE_SCALBN 1
#define HAVE_SCALBNF 1
#define HAVE_SIN 1
#define HAVE_SINF 1
#define HAVE_SQRT 1
#define HAVE_SQRTF 1
#define HAVE_TAN 1
#define HAVE_TANF 1
#define HAVE_SA_SIGACTION 1
#define HAVE_GCC_ATOMICS 1
#define HAVE_IMMINTRIN_H 1
#define SDL_VIDEO_DRIVER_DUMMY 1
#define SDL_VIDEO_DRIVER_OFFSCREEN 1
#define SDL_AUDIO_DRIVER_DISK 1
#define SDL_AUDIO_DRIVER_DUMMY 1
#define HAVE_TPCSHRD_H 1
#define HAVE_ROAPI_H 1
#define SDL_VIDEO_OPENGL 1
#define SDL_VIDEO_OPENGL_WGL 1
#define SDL_VIDEO_RENDER_OGL 1
#define SDL_VIDEO_OPENGL 1
#define SDL_VIDEO_OPENGL_EGL 1
#define SDL_VIDEO_OPENGL 1
#define SDL_VIDEO_OPENGL_ES2 1
#define SDL_VIDEO_RENDER_OGL_ES2 1
#define SDL_VIDEO_VULKAN 1
#define HAVE_DXGI_H 1
#define HAVE_XINPUT_H 1
#define HAVE_WINDOWS_GAMING_INPUT_H 1
#define HAVE_MMDEVICEAPI_H 1
#define HAVE_AUDIOCLIENT_H 1
#define SDL_JOYSTICK_HIDAPI 1
#define SDL_VIDEO_DRIVER_WINDOWS 1
#define SDL_VIDEO_RENDER_D3D11 1
#define SDL_VIDEO_RENDER_D3D12 1
#define SDL_AUDIO_DRIVER_WINMM 1
#define SDL_AUDIO_DRIVER_WASAPI 1
#define SDL_JOYSTICK_RAWINPUT 1
#define SDL_JOYSTICK_XINPUT 1
#define SDL_JOYSTICK_WGI 1
#define SDL_HAPTIC_XINPUT 1
#define HAVE_SENSORSAPI_H 1
#define SDL_SENSOR_WINDOWS 1
#define SDL_POWER_WINDOWS 1
#define SDL_FILESYSTEM_WINDOWS 1
#define SDL_THREAD_GENERIC_COND_SUFFIX 1
#define SDL_THREAD_WINDOWS 1
#define SDL_TIMER_WINDOWS 1
#define SDL_LOADSO_WINDOWS 1
#define SDL_JOYSTICK_VIRTUAL 1

configure: exit 0

## ---------------------- ##
## Running config.status. ##
## ---------------------- ##

This file was extended by config.status, which was
generated by GNU Autoconf 2.72.  Invocation command line was

  CONFIG_FILES    = 
  CONFIG_HEADERS  = 
  CONFIG_LINKS    = 
  CONFIG_COMMANDS = 
  $ config.status Makefile

on DESKTOP-VOO2471

config.status:1475: creating Makefile
